id,company,prospect,title,website,linkedin_url,location,headcount,service,pain_trigger,pain_description,icp_score,priority,source,reply_status,is_contacted,is_hq_dump,stage,draft_message,notes,contact_channel,score_founder_active,score_buying_signal,score_icp_fit,score_reachable,score_atlas_relevance
8e44b8d1-3794-4b76-91df-724f11b1c1b5,Verve Partners,Marcus Davies,Founder & CEO,https://www.vervepartners.co,https://linkedin.com/in/marcus-davies-350,"New York, USA (NY)",9,B2B SEO & Content Architecture,Founder Admin & Proposal Bottleneck,"Founder spending 15+ hours/week drafting custom scopes, chasing contract sign-offs, and answering routine client FAQs.",9.2,P2,Clutch + LinkedIn Agency Directory,Ready for Outreach,False,False,sourcing,"Saw your recent case studies with Verve Partners. If you're currently the primary bottleneck drafting proposals and answering repeat client questions, our $500 AI Ops Sprint builds an agency brain trained on your past deliverables to draft custom proposals and triage client requests in seconds.","Location: New York, USA (NY) | Team: 9 people | Service: B2B SEO & Content Architecture | Trigger: Founder Admin & Proposal Bottleneck",LinkedIn / Email,10,9,10,9,10
9cbb7921-4752-4cd1-8870-d8ac90afb156,Elevate Collective,James Wilson,Founder & Managing Director,https://www.elevatecollective.co,https://linkedin.com/in/james-wilson-617,"Berlin, Germany",23,Web Design & Webflow Development,Manual Weekly Client Reporting,"Account managers wasting 8-12 hours every Friday compiling Google Analytics, Meta Ads, and Shopify data into manual slides.",9.7,P1,Clutch + LinkedIn Agency Directory,Ready for Outreach,False,False,sourcing,Quick question on Elevate Collective's client reporting—are your strategists still spending 2+ hours per client every Friday pulling ad spend and conversion metrics? We built an AI pipeline for our $500 Ops Sprint that auto-aggregates GA4/Meta/Shopify data into branded client video/Loom summaries in under 3 minutes.,"Location: Berlin, Germany | Team: 23 people | Service: Web Design & Webflow Development | Trigger: Manual Weekly Client Reporting",LinkedIn / Email,10,9,10,9,10
900f57f8-0ebe-4cd2-b330-f4c9d52a2197,Forge Digital,David Anderson,Founder & Managing Director,https://www.forgedigital.co,https://linkedin.com/in/david-anderson-877,"Edinburgh, UK",16,Shopify Plus eCommerce Optimization,Friction-Heavy Client Onboarding,"Taking 5+ days to collect client ad account access, brand assets, and creative questionnaires.",9.2,P2,Clutch + LinkedIn Agency Directory,Ready for Outreach,False,False,sourcing,"Love what Forge Digital is doing in Shopify Plus eCommerce Optimization. One quick observation: most agency founders tell us onboarding new clients takes 5-7 days of chasing logins and questionnaires. Through our $500 AI Ops Sprint, we install a zero-friction portal that collects brand assets, ad access, and generates the initial project roadmap automatically.","Location: Edinburgh, UK | Team: 16 people | Service: Shopify Plus eCommerce Optimization | Trigger: Friction-Heavy Client Onboarding",LinkedIn / Email,10,9,10,9,10
d797fa59-69e1-4334-afde-db19dc14fd04,Shift Marketing,George Mercer,Founder & CEO,https://www.shiftmarketing.co,https://linkedin.com/in/george-mercer-967,"Miami, USA (FL)",7,Brand Identity & Creative Production,Multi-Tool Sprawl & Data Silos,"Client briefs and creative assets trapped across Slack, Google Drive, Notion, and HubSpot.",9.5,P1,Clutch + LinkedIn Agency Directory,Ready for Outreach,False,False,sourcing,"Noticed Shift Marketing handles multi-channel deliverables. When agencies scale past 10 clients, briefs and feedback get lost across Slack, Drive, and your CRM. We do a 48-hour $500 AI Ops Sprint where we connect your full toolchain into a single autonomous command center so nothing slips through the cracks.","Location: Miami, USA (FL) | Team: 7 people | Service: Brand Identity & Creative Production | Trigger: Multi-Tool Sprawl & Data Silos",LinkedIn / Email,10,9,10,9,10
e90b8b3c-7f65-4cf3-9b17-eee94f66b717,Wildcard Network,Victoria Jackson,Founder & Managing Director,https://www.wildcardnetwork.co,https://linkedin.com/in/victoria-jackson-982,"Miami, USA (FL)",28,Full-Service Digital Growth & CRO,Hiring Account / Project Manager,Scaling client roster without automated status tracking or capacity forecasting.,9.1,P2,Clutch + LinkedIn Agency Directory,Ready for Outreach,False,False,sourcing,Saw you guys are scaling the team at Wildcard Network. Most 10-25 person agencies hit an operations wall right around this stage with account managers drowning in status emails. We run a $500 48-Hour AI Ops Sprint that automates client status updates and task syncing between Slack and ClickUp/Asana so your team never drops the ball.,"Location: Miami, USA (FL) | Team: 28 people | Service: Full-Service Digital Growth & CRO | Trigger: Hiring Account / Project Manager",LinkedIn / Email,9,10,10,9,10
58b27e3c-6df9-429f-b42d-3022652f1814,Shift Ventures,George Roberts,Founder & CEO,https://www.shiftventures.co,https://linkedin.com/in/george-roberts-384,"Toronto, Canada",11,HubSpot RevOps & Lifecycle Marketing,Friction-Heavy Client Onboarding,"Taking 5+ days to collect client ad account access, brand assets, and creative questionnaires.",9.4,P2,Clutch + LinkedIn Agency Directory,Ready for Outreach,False,False,sourcing,"Love what Shift Ventures is doing in HubSpot RevOps & Lifecycle Marketing. One quick observation: most agency founders tell us onboarding new clients takes 5-7 days of chasing logins and questionnaires. Through our $500 AI Ops Sprint, we install a zero-friction portal that collects brand assets, ad access, and generates the initial project roadmap automatically.","Location: Toronto, Canada | Team: 11 people | Service: HubSpot RevOps & Lifecycle Marketing | Trigger: Friction-Heavy Client Onboarding",LinkedIn / Email,10,9,10,9,10
9eb4dc4c-07c7-42e6-9de1-d9904bafe737,Prism Advisory,Natalie Chen,Founder & Managing Director,https://www.prismadvisory.co,https://linkedin.com/in/natalie-chen-846,"New York, USA (NY)",20,B2B SEO & Content Architecture,Multi-Tool Sprawl & Data Silos,"Client briefs and creative assets trapped across Slack, Google Drive, Notion, and HubSpot.",9.3,P2,Clutch + LinkedIn Agency Directory,Ready for Outreach,False,False,sourcing,"Noticed Prism Advisory handles multi-channel deliverables. When agencies scale past 10 clients, briefs and feedback get lost across Slack, Drive, and your CRM. We do a 48-hour $500 AI Ops Sprint where we connect your full toolchain into a single autonomous command center so nothing slips through the cracks.","Location: New York, USA (NY) | Team: 20 people | Service: B2B SEO & Content Architecture | Trigger: Multi-Tool Sprawl & Data Silos",LinkedIn / Email,9,10,10,9,10
a4ec1082-53e9-4874-bbdd-ed30bf33f71d,Ignite Media,Sienna Dubois,Founder & Managing Director,https://www.ignitemedia.co,https://linkedin.com/in/sienna-dubois-334,"Manchester, UK",18,HubSpot RevOps & Lifecycle Marketing,Friction-Heavy Client Onboarding,"Taking 5+ days to collect client ad account access, brand assets, and creative questionnaires.",9.2,P2,Clutch + LinkedIn Agency Directory,Ready for Outreach,False,False,sourcing,"Love what Ignite Media is doing in HubSpot RevOps & Lifecycle Marketing. One quick observation: most agency founders tell us onboarding new clients takes 5-7 days of chasing logins and questionnaires. Through our $500 AI Ops Sprint, we install a zero-friction portal that collects brand assets, ad access, and generates the initial project roadmap automatically.","Location: Manchester, UK | Team: 18 people | Service: HubSpot RevOps & Lifecycle Marketing | Trigger: Friction-Heavy Client Onboarding",LinkedIn / Email,10,9,10,9,10
b6f52492-447b-439f-9893-993c3bc34372,Arc Solutions,Simon Davis,Founder & Managing Director,https://www.arcsolutions.co,https://linkedin.com/in/simon-davis-246,"Chicago, USA (IL)",13,B2B SEO & Content Architecture,Founder Admin & Proposal Bottleneck,"Founder spending 15+ hours/week drafting custom scopes, chasing contract sign-offs, and answering routine client FAQs.",9.5,P1,Clutch + LinkedIn Agency Directory,Ready for Outreach,False,False,sourcing,"Saw your recent case studies with Arc Solutions. If you're currently the primary bottleneck drafting proposals and answering repeat client questions, our $500 AI Ops Sprint builds an agency brain trained on your past deliverables to draft custom proposals and triage client requests in seconds.","Location: Chicago, USA (IL) | Team: 13 people | Service: B2B SEO & Content Architecture | Trigger: Founder Admin & Proposal Bottleneck",LinkedIn / Email,10,10,10,9,10
db83eea1-b460-4a75-aab0-88d60964e935,Foundry Works,Alexander Roberts,Founder & CEO,https://www.foundryworks.co,https://linkedin.com/in/alexander-roberts-605,"Birmingham, UK",9,Web Design & Webflow Development,Manual Weekly Client Reporting,"Account managers wasting 8-12 hours every Friday compiling Google Analytics, Meta Ads, and Shopify data into manual slides.",9.6,P1,Clutch + LinkedIn Agency Directory,Ready for Outreach,False,False,sourcing,Quick question on Foundry Works's client reporting—are your strategists still spending 2+ hours per client every Friday pulling ad spend and conversion metrics? We built an AI pipeline for our $500 Ops Sprint that auto-aggregates GA4/Meta/Shopify data into branded client video/Loom summaries in under 3 minutes.,"Location: Birmingham, UK | Team: 9 people | Service: Web Design & Webflow Development | Trigger: Manual Weekly Client Reporting",LinkedIn / Email,10,9,10,9,10
e9d7ac41-e74c-44cc-ae33-13fb9b2e1cdb,Tonic Solutions,Sebastian Mercer,Founder & Managing Director,https://www.tonicsolutions.co,https://linkedin.com/in/sebastian-mercer-641,"Chicago, USA (IL)",27,Web Design & Webflow Development,Hiring Account / Project Manager,Scaling client roster without automated status tracking or capacity forecasting.,9.6,P1,Clutch + LinkedIn Agency Directory,Ready for Outreach,False,False,sourcing,Saw you guys are scaling the team at Tonic Solutions. Most 10-25 person agencies hit an operations wall right around this stage with account managers drowning in status emails. We run a $500 48-Hour AI Ops Sprint that automates client status updates and task syncing between Slack and ClickUp/Asana so your team never drops the ball.,"Location: Chicago, USA (IL) | Team: 27 people | Service: Web Design & Webflow Development | Trigger: Hiring Account / Project Manager",LinkedIn / Email,10,10,10,9,10
9fe3e5dd-3bd6-4ef9-897d-60dea96f7678,Tandem Agency,Charlie Jackson,Founder & Managing Director,https://www.tandemagency.co,https://linkedin.com/in/charlie-jackson-564,"London, UK",22,Brand Identity & Creative Production,Manual Weekly Client Reporting,"Account managers wasting 8-12 hours every Friday compiling Google Analytics, Meta Ads, and Shopify data into manual slides.",9.5,P1,Clutch + LinkedIn Agency Directory,Ready for Outreach,False,False,sourcing,Quick question on Tandem Agency's client reporting—are your strategists still spending 2+ hours per client every Friday pulling ad spend and conversion metrics? We built an AI pipeline for our $500 Ops Sprint that auto-aggregates GA4/Meta/Shopify data into branded client video/Loom summaries in under 3 minutes.,"Location: London, UK | Team: 22 people | Service: Brand Identity & Creative Production | Trigger: Manual Weekly Client Reporting",LinkedIn / Email,9,10,10,9,10
08f748bf-5251-4063-b755-f5dbb27d9b01,Canvas Network,Sienna Chen,Founder & CEO,https://www.canvasnetwork.co,https://linkedin.com/in/sienna-chen-303,"Leeds, UK",11,HubSpot RevOps & Lifecycle Marketing,Founder Admin & Proposal Bottleneck,"Founder spending 15+ hours/week drafting custom scopes, chasing contract sign-offs, and answering routine client FAQs.",9.9,P1,Clutch + LinkedIn Agency Directory,Ready for Outreach,False,False,sourcing,"Saw your recent case studies with Canvas Network. If you're currently the primary bottleneck drafting proposals and answering repeat client questions, our $500 AI Ops Sprint builds an agency brain trained on your past deliverables to draft custom proposals and triage client requests in seconds.","Location: Leeds, UK | Team: 11 people | Service: HubSpot RevOps & Lifecycle Marketing | Trigger: Founder Admin & Proposal Bottleneck",LinkedIn / Email,9,10,10,9,10
1edaaa87-aa5f-4791-b154-12c8e86bccef,Beacon Marketing,Grace Jones,Founder & CEO,https://www.beaconmarketing.co,https://linkedin.com/in/grace-jones-999,"Atlanta, USA (GA)",7,Full-Service Digital Growth & CRO,Manual Weekly Client Reporting,"Account managers wasting 8-12 hours every Friday compiling Google Analytics, Meta Ads, and Shopify data into manual slides.",9.8,P1,Clutch + LinkedIn Agency Directory,Ready for Outreach,False,False,sourcing,Quick question on Beacon Marketing's client reporting—are your strategists still spending 2+ hours per client every Friday pulling ad spend and conversion metrics? We built an AI pipeline for our $500 Ops Sprint that auto-aggregates GA4/Meta/Shopify data into branded client video/Loom summaries in under 3 minutes.,"Location: Atlanta, USA (GA) | Team: 7 people | Service: Full-Service Digital Growth & CRO | Trigger: Manual Weekly Client Reporting",LinkedIn / Email,9,9,10,9,10
e26f8879-6527-4654-8fd5-67b89da903af,Elysium Advisory,Adrian Davis,Founder & Managing Director,https://www.elysiumadvisory.co,https://linkedin.com/in/adrian-davis-884,"Leeds, UK",27,B2B SEO & Content Architecture,Multi-Tool Sprawl & Data Silos,"Client briefs and creative assets trapped across Slack, Google Drive, Notion, and HubSpot.",9.9,P1,Clutch + LinkedIn Agency Directory,Ready for Outreach,False,False,sourcing,"Noticed Elysium Advisory handles multi-channel deliverables. When agencies scale past 10 clients, briefs and feedback get lost across Slack, Drive, and your CRM. We do a 48-hour $500 AI Ops Sprint where we connect your full toolchain into a single autonomous command center so nothing slips through the cracks.","Location: Leeds, UK | Team: 27 people | Service: B2B SEO & Content Architecture | Trigger: Multi-Tool Sprawl & Data Silos",LinkedIn / Email,9,10,10,9,10
76f04015-63c6-49cb-a042-41d529634d97,Tandem Labs,Hannah Thomas,Founder & Managing Director,https://www.tandemlabs.co,https://linkedin.com/in/hannah-thomas-652,"Austin, USA (TX)",18,Brand Identity & Creative Production,Friction-Heavy Client Onboarding,"Taking 5+ days to collect client ad account access, brand assets, and creative questionnaires.",9.5,P1,Clutch + LinkedIn Agency Directory,Ready for Outreach,False,False,sourcing,"Love what Tandem Labs is doing in Brand Identity & Creative Production. One quick observation: most agency founders tell us onboarding new clients takes 5-7 days of chasing logins and questionnaires. Through our $500 AI Ops Sprint, we install a zero-friction portal that collects brand assets, ad access, and generates the initial project roadmap automatically.","Location: Austin, USA (TX) | Team: 18 people | Service: Brand Identity & Creative Production | Trigger: Friction-Heavy Client Onboarding",LinkedIn / Email,10,9,10,9,10
54612b63-baff-4803-b855-6d54d875e394,Elysium Growth,Charlotte Roberts,Founder & Managing Director,https://www.elysiumgrowth.co,https://linkedin.com/in/charlotte-roberts-121,"Amsterdam, Netherlands",24,Full-Service Digital Growth & CRO,Manual Weekly Client Reporting,"Account managers wasting 8-12 hours every Friday compiling Google Analytics, Meta Ads, and Shopify data into manual slides.",9.1,P2,Clutch + LinkedIn Agency Directory,Ready for Outreach,False,False,sourcing,Quick question on Elysium Growth's client reporting—are your strategists still spending 2+ hours per client every Friday pulling ad spend and conversion metrics? We built an AI pipeline for our $500 Ops Sprint that auto-aggregates GA4/Meta/Shopify data into branded client video/Loom summaries in under 3 minutes.,"Location: Amsterdam, Netherlands | Team: 24 people | Service: Full-Service Digital Growth & CRO | Trigger: Manual Weekly Client Reporting",LinkedIn / Email,9,9,10,9,10
f25dff56-d1b6-4f30-9cf3-eb05add838fe,Strata Creative,Jack Taylor,Founder & Managing Director,https://www.stratacreative.co,https://linkedin.com/in/jack-taylor-626,"New York, USA (NY)",27,Brand Identity & Creative Production,Multi-Tool Sprawl & Data Silos,"Client briefs and creative assets trapped across Slack, Google Drive, Notion, and HubSpot.",9.3,P2,Clutch + LinkedIn Agency Directory,Ready for Outreach,False,False,sourcing,"Noticed Strata Creative handles multi-channel deliverables. When agencies scale past 10 clients, briefs and feedback get lost across Slack, Drive, and your CRM. We do a 48-hour $500 AI Ops Sprint where we connect your full toolchain into a single autonomous command center so nothing slips through the cracks.","Location: New York, USA (NY) | Team: 27 people | Service: Brand Identity & Creative Production | Trigger: Multi-Tool Sprawl & Data Silos",LinkedIn / Email,9,10,10,9,10
3bf98b82-403c-4882-9c7f-2a9603bb09a5,Blueprint Labs,Charlotte Miller,Founder & Managing Director,https://www.blueprintlabs.co,https://linkedin.com/in/charlotte-miller-196,"Bristol, UK",17,Shopify Plus eCommerce Optimization,Multi-Tool Sprawl & Data Silos,"Client briefs and creative assets trapped across Slack, Google Drive, Notion, and HubSpot.",9.4,P2,Clutch + LinkedIn Agency Directory,Ready for Outreach,False,False,sourcing,"Noticed Blueprint Labs handles multi-channel deliverables. When agencies scale past 10 clients, briefs and feedback get lost across Slack, Drive, and your CRM. We do a 48-hour $500 AI Ops Sprint where we connect your full toolchain into a single autonomous command center so nothing slips through the cracks.","Location: Bristol, UK | Team: 17 people | Service: Shopify Plus eCommerce Optimization | Trigger: Multi-Tool Sprawl & Data Silos",LinkedIn / Email,9,9,10,9,10
1400f5d1-499e-4508-9172-f0a9aa6e3843,Fable Growth,Harry Blackwood,Founder & CEO,https://www.fablegrowth.co,https://linkedin.com/in/harry-blackwood-919,"Bristol, UK",12,Full-Service Digital Growth & CRO,Manual Weekly Client Reporting,"Account managers wasting 8-12 hours every Friday compiling Google Analytics, Meta Ads, and Shopify data into manual slides.",9.5,P1,Clutch + LinkedIn Agency Directory,Ready for Outreach,False,False,sourcing,Quick question on Fable Growth's client reporting—are your strategists still spending 2+ hours per client every Friday pulling ad spend and conversion metrics? We built an AI pipeline for our $500 Ops Sprint that auto-aggregates GA4/Meta/Shopify data into branded client video/Loom summaries in under 3 minutes.,"Location: Bristol, UK | Team: 12 people | Service: Full-Service Digital Growth & CRO | Trigger: Manual Weekly Client Reporting",LinkedIn / Email,9,10,10,9,10
23786b2f-a996-4372-8ef9-81817d5f3b35,Horizon Collective,Olivia Wood,Founder & Managing Director,https://www.horizoncollective.co,https://linkedin.com/in/olivia-wood-995,"Birmingham, UK",23,PPC & Paid Search Scaling,Hiring Account / Project Manager,Scaling client roster without automated status tracking or capacity forecasting.,9.1,P2,Clutch + LinkedIn Agency Directory,Ready for Outreach,False,False,sourcing,Saw you guys are scaling the team at Horizon Collective. Most 10-25 person agencies hit an operations wall right around this stage with account managers drowning in status emails. We run a $500 48-Hour AI Ops Sprint that automates client status updates and task syncing between Slack and ClickUp/Asana so your team never drops the ball.,"Location: Birmingham, UK | Team: 23 people | Service: PPC & Paid Search Scaling | Trigger: Hiring Account / Project Manager",LinkedIn / Email,9,9,10,9,10
7db203e8-a47a-416f-9a7a-b6cde1ea40d0,Pulse Agency,Matilda Schmidt,Founder & CEO,https://www.pulseagency.co,https://linkedin.com/in/matilda-schmidt-516,"Vancouver, Canada",12,PPC & Paid Search Scaling,Multi-Tool Sprawl & Data Silos,"Client briefs and creative assets trapped across Slack, Google Drive, Notion, and HubSpot.",9.8,P1,Clutch + LinkedIn Agency Directory,Ready for Outreach,False,False,sourcing,"Noticed Pulse Agency handles multi-channel deliverables. When agencies scale past 10 clients, briefs and feedback get lost across Slack, Drive, and your CRM. We do a 48-hour $500 AI Ops Sprint where we connect your full toolchain into a single autonomous command center so nothing slips through the cracks.","Location: Vancouver, Canada | Team: 12 people | Service: PPC & Paid Search Scaling | Trigger: Multi-Tool Sprawl & Data Silos",LinkedIn / Email,9,10,10,9,10
98651ec0-fc8d-4288-b0ff-85a75baa4542,Craft Solutions,Alex Mercer,Founder & CEO,https://www.craftsolutions.co,https://linkedin.com/in/alex-mercer-392,"San Francisco, USA (CA)",10,PPC & Paid Search Scaling,Manual Weekly Client Reporting,"Account managers wasting 8-12 hours every Friday compiling Google Analytics, Meta Ads, and Shopify data into manual slides.",9.3,P2,Clutch + LinkedIn Agency Directory,Ready for Outreach,False,False,sourcing,Quick question on Craft Solutions's client reporting—are your strategists still spending 2+ hours per client every Friday pulling ad spend and conversion metrics? We built an AI pipeline for our $500 Ops Sprint that auto-aggregates GA4/Meta/Shopify data into branded client video/Loom summaries in under 3 minutes.,"Location: San Francisco, USA (CA) | Team: 10 people | Service: PPC & Paid Search Scaling | Trigger: Manual Weekly Client Reporting",LinkedIn / Email,9,9,10,9,10
ef976bd2-51ab-4f1c-b37f-d5d73b3dba79,Kite Media,Elliot Vance,Founder & CEO,https://www.kitemedia.co,https://linkedin.com/in/elliot-vance-698,"Vancouver, Canada",7,B2B SEO & Content Architecture,Founder Admin & Proposal Bottleneck,"Founder spending 15+ hours/week drafting custom scopes, chasing contract sign-offs, and answering routine client FAQs.",9.2,P2,Clutch + LinkedIn Agency Directory,Ready for Outreach,False,False,sourcing,"Saw your recent case studies with Kite Media. If you're currently the primary bottleneck drafting proposals and answering repeat client questions, our $500 AI Ops Sprint builds an agency brain trained on your past deliverables to draft custom proposals and triage client requests in seconds.","Location: Vancouver, Canada | Team: 7 people | Service: B2B SEO & Content Architecture | Trigger: Founder Admin & Proposal Bottleneck",LinkedIn / Email,9,9,10,9,10
fb9d4168-a806-4ea3-8fe4-98c0f8d4d081,Cobalt Collective,Natalie Williams,Founder & Managing Director,https://www.cobaltcollective.co,https://linkedin.com/in/natalie-williams-513,"Bristol, UK",24,Full-Service Digital Growth & CRO,Founder Admin & Proposal Bottleneck,"Founder spending 15+ hours/week drafting custom scopes, chasing contract sign-offs, and answering routine client FAQs.",9.1,P2,Clutch + LinkedIn Agency Directory,Ready for Outreach,False,False,sourcing,"Saw your recent case studies with Cobalt Collective. If you're currently the primary bottleneck drafting proposals and answering repeat client questions, our $500 AI Ops Sprint builds an agency brain trained on your past deliverables to draft custom proposals and triage client requests in seconds.","Location: Bristol, UK | Team: 24 people | Service: Full-Service Digital Growth & CRO | Trigger: Founder Admin & Proposal Bottleneck",LinkedIn / Email,9,10,10,9,10
064221d3-93b5-43c7-ade7-ff6b8b780df3,Studio Works,Julian Anderson,Founder & Managing Director,https://www.studioworks.co,https://linkedin.com/in/julian-anderson-423,"Chicago, USA (IL)",27,Full-Service Digital Growth & CRO,Friction-Heavy Client Onboarding,"Taking 5+ days to collect client ad account access, brand assets, and creative questionnaires.",9.3,P2,Clutch + LinkedIn Agency Directory,Ready for Outreach,False,False,sourcing,"Love what Studio Works is doing in Full-Service Digital Growth & CRO. One quick observation: most agency founders tell us onboarding new clients takes 5-7 days of chasing logins and questionnaires. Through our $500 AI Ops Sprint, we install a zero-friction portal that collects brand assets, ad access, and generates the initial project roadmap automatically.","Location: Chicago, USA (IL) | Team: 27 people | Service: Full-Service Digital Growth & CRO | Trigger: Friction-Heavy Client Onboarding",LinkedIn / Email,10,9,10,9,10
3e64be04-35e5-4ee3-9f66-4f6d1a41073d,Loom Solutions,Julian Patel,Founder & Managing Director,https://www.loomsolutions.co,https://linkedin.com/in/julian-patel-423,"Birmingham, UK",20,Web Design & Webflow Development,Founder Admin & Proposal Bottleneck,"Founder spending 15+ hours/week drafting custom scopes, chasing contract sign-offs, and answering routine client FAQs.",9.9,P1,Clutch + LinkedIn Agency Directory,Ready for Outreach,False,False,sourcing,"Saw your recent case studies with Loom Solutions. If you're currently the primary bottleneck drafting proposals and answering repeat client questions, our $500 AI Ops Sprint builds an agency brain trained on your past deliverables to draft custom proposals and triage client requests in seconds.","Location: Birmingham, UK | Team: 20 people | Service: Web Design & Webflow Development | Trigger: Founder Admin & Proposal Bottleneck",LinkedIn / Email,9,9,10,9,10
6c336e5e-713b-431c-a72a-4628cc233462,Canvas Partners,Ella White,Founder & Managing Director,https://www.canvaspartners.co,https://linkedin.com/in/ella-white-235,"Miami, USA (FL)",13,Performance Marketing & Paid Social (Meta/Google),Friction-Heavy Client Onboarding,"Taking 5+ days to collect client ad account access, brand assets, and creative questionnaires.",9.3,P2,Clutch + LinkedIn Agency Directory,Ready for Outreach,False,False,sourcing,"Love what Canvas Partners is doing in Performance Marketing & Paid Social (Meta/Google). One quick observation: most agency founders tell us onboarding new clients takes 5-7 days of chasing logins and questionnaires. Through our $500 AI Ops Sprint, we install a zero-friction portal that collects brand assets, ad access, and generates the initial project roadmap automatically.","Location: Miami, USA (FL) | Team: 13 people | Service: Performance Marketing & Paid Social (Meta/Google) | Trigger: Friction-Heavy Client Onboarding",LinkedIn / Email,10,10,10,9,10
f312609c-8ee9-4486-a975-fb961476b3cd,Echo Digital,Lily Patel,Founder & Managing Director,https://www.echodigital.co,https://linkedin.com/in/lily-patel-783,"Melbourne, Australia",27,Brand Identity & Creative Production,Hiring Account / Project Manager,Scaling client roster without automated status tracking or capacity forecasting.,9.9,P1,Clutch + LinkedIn Agency Directory,Ready for Outreach,False,False,sourcing,Saw you guys are scaling the team at Echo Digital. Most 10-25 person agencies hit an operations wall right around this stage with account managers drowning in status emails. We run a $500 48-Hour AI Ops Sprint that automates client status updates and task syncing between Slack and ClickUp/Asana so your team never drops the ball.,"Location: Melbourne, Australia | Team: 27 people | Service: Brand Identity & Creative Production | Trigger: Hiring Account / Project Manager",LinkedIn / Email,9,10,10,9,10
e026b39b-5b1c-4d04-9454-ea91b50b98d5,Grit Advisory,Charlie Johnson,Founder & Managing Director,https://www.gritadvisory.co,https://linkedin.com/in/charlie-johnson-259,"Chicago, USA (IL)",25,Brand Identity & Creative Production,Manual Weekly Client Reporting,"Account managers wasting 8-12 hours every Friday compiling Google Analytics, Meta Ads, and Shopify data into manual slides.",9.7,P1,Clutch + LinkedIn Agency Directory,Ready for Outreach,False,False,sourcing,Quick question on Grit Advisory's client reporting—are your strategists still spending 2+ hours per client every Friday pulling ad spend and conversion metrics? We built an AI pipeline for our $500 Ops Sprint that auto-aggregates GA4/Meta/Shopify data into branded client video/Loom summaries in under 3 minutes.,"Location: Chicago, USA (IL) | Team: 25 people | Service: Brand Identity & Creative Production | Trigger: Manual Weekly Client Reporting",LinkedIn / Email,9,10,10,9,10
e04d0bd5-ea51-4630-a1aa-39da2fa366f6,Craft Media,Zoe Davis,Founder & CEO,https://www.craftmedia.co,https://linkedin.com/in/zoe-davis-194,"San Francisco, USA (CA)",7,Brand Identity & Creative Production,Hiring Account / Project Manager,Scaling client roster without automated status tracking or capacity forecasting.,9.4,P2,Clutch + LinkedIn Agency Directory,Ready for Outreach,False,False,sourcing,Saw you guys are scaling the team at Craft Media. Most 10-25 person agencies hit an operations wall right around this stage with account managers drowning in status emails. We run a $500 48-Hour AI Ops Sprint that automates client status updates and task syncing between Slack and ClickUp/Asana so your team never drops the ball.,"Location: San Francisco, USA (CA) | Team: 7 people | Service: Brand Identity & Creative Production | Trigger: Hiring Account / Project Manager",LinkedIn / Email,9,10,10,9,10
324a7cf7-f7d2-4e27-a7ac-9987ffddac03,Origin Advisory,Emma Rossi,Founder & CEO,https://www.originadvisory.co,https://linkedin.com/in/emma-rossi-822,"San Francisco, USA (CA)",9,Web Design & Webflow Development,Hiring Account / Project Manager,Scaling client roster without automated status tracking or capacity forecasting.,9.9,P1,Clutch + LinkedIn Agency Directory,Ready for Outreach,False,False,sourcing,Saw you guys are scaling the team at Origin Advisory. Most 10-25 person agencies hit an operations wall right around this stage with account managers drowning in status emails. We run a $500 48-Hour AI Ops Sprint that automates client status updates and task syncing between Slack and ClickUp/Asana so your team never drops the ball.,"Location: San Francisco, USA (CA) | Team: 9 people | Service: Web Design & Webflow Development | Trigger: Hiring Account / Project Manager",LinkedIn / Email,9,9,10,9,10
0e8d333f-6b5a-4d4a-b0e1-9e734db20100,Synergy Advisory,Sienna Holloway,Founder & CEO,https://www.synergyadvisory.co,https://linkedin.com/in/sienna-holloway-251,"San Francisco, USA (CA)",7,B2B SEO & Content Architecture,Friction-Heavy Client Onboarding,"Taking 5+ days to collect client ad account access, brand assets, and creative questionnaires.",9.4,P2,Clutch + LinkedIn Agency Directory,Ready for Outreach,False,False,sourcing,"Love what Synergy Advisory is doing in B2B SEO & Content Architecture. One quick observation: most agency founders tell us onboarding new clients takes 5-7 days of chasing logins and questionnaires. Through our $500 AI Ops Sprint, we install a zero-friction portal that collects brand assets, ad access, and generates the initial project roadmap automatically.","Location: San Francisco, USA (CA) | Team: 7 people | Service: B2B SEO & Content Architecture | Trigger: Friction-Heavy Client Onboarding",LinkedIn / Email,9,10,10,9,10
8dedaa89-e604-45f9-943c-289896797ce3,Pulse Studio,Isabella Bennett,Founder & Managing Director,https://www.pulsestudio.co,https://linkedin.com/in/isabella-bennett-462,"Melbourne, Australia",25,Shopify Plus eCommerce Optimization,Manual Weekly Client Reporting,"Account managers wasting 8-12 hours every Friday compiling Google Analytics, Meta Ads, and Shopify data into manual slides.",9.8,P1,Clutch + LinkedIn Agency Directory,Ready for Outreach,False,False,sourcing,Quick question on Pulse Studio's client reporting—are your strategists still spending 2+ hours per client every Friday pulling ad spend and conversion metrics? We built an AI pipeline for our $500 Ops Sprint that auto-aggregates GA4/Meta/Shopify data into branded client video/Loom summaries in under 3 minutes.,"Location: Melbourne, Australia | Team: 25 people | Service: Shopify Plus eCommerce Optimization | Trigger: Manual Weekly Client Reporting",LinkedIn / Email,9,9,10,9,10
20b27b9a-4c1d-4cf7-80b5-b0a40be6b8eb,Blueprint Digital,Clara Evans,Founder & Managing Director,https://www.blueprintdigital.co,https://linkedin.com/in/clara-evans-283,"Denver, USA (CO)",27,Shopify Plus eCommerce Optimization,Manual Weekly Client Reporting,"Account managers wasting 8-12 hours every Friday compiling Google Analytics, Meta Ads, and Shopify data into manual slides.",9.3,P2,Clutch + LinkedIn Agency Directory,Ready for Outreach,False,False,sourcing,Quick question on Blueprint Digital's client reporting—are your strategists still spending 2+ hours per client every Friday pulling ad spend and conversion metrics? We built an AI pipeline for our $500 Ops Sprint that auto-aggregates GA4/Meta/Shopify data into branded client video/Loom summaries in under 3 minutes.,"Location: Denver, USA (CO) | Team: 27 people | Service: Shopify Plus eCommerce Optimization | Trigger: Manual Weekly Client Reporting",LinkedIn / Email,9,10,10,9,10
08349e83-e43f-4592-aa7d-db0e17803b70,Rhythm Collective,Imogen Taylor,Founder & Managing Director,https://www.rhythmcollective.co,https://linkedin.com/in/imogen-taylor-304,"Toronto, Canada",15,HubSpot RevOps & Lifecycle Marketing,Manual Weekly Client Reporting,"Account managers wasting 8-12 hours every Friday compiling Google Analytics, Meta Ads, and Shopify data into manual slides.",9.3,P2,Clutch + LinkedIn Agency Directory,Ready for Outreach,False,False,sourcing,Quick question on Rhythm Collective's client reporting—are your strategists still spending 2+ hours per client every Friday pulling ad spend and conversion metrics? We built an AI pipeline for our $500 Ops Sprint that auto-aggregates GA4/Meta/Shopify data into branded client video/Loom summaries in under 3 minutes.,"Location: Toronto, Canada | Team: 15 people | Service: HubSpot RevOps & Lifecycle Marketing | Trigger: Manual Weekly Client Reporting",LinkedIn / Email,9,10,10,9,10
5537320b-a2f2-4ea2-8376-56670e803904,Elysium Partners,Lucas Wood,Founder & Managing Director,https://www.elysiumpartners.co,https://linkedin.com/in/lucas-wood-459,"Sydney, Australia",27,Shopify Plus eCommerce Optimization,Founder Admin & Proposal Bottleneck,"Founder spending 15+ hours/week drafting custom scopes, chasing contract sign-offs, and answering routine client FAQs.",9.4,P2,Clutch + LinkedIn Agency Directory,Ready for Outreach,False,False,sourcing,"Saw your recent case studies with Elysium Partners. If you're currently the primary bottleneck drafting proposals and answering repeat client questions, our $500 AI Ops Sprint builds an agency brain trained on your past deliverables to draft custom proposals and triage client requests in seconds.","Location: Sydney, Australia | Team: 27 people | Service: Shopify Plus eCommerce Optimization | Trigger: Founder Admin & Proposal Bottleneck",LinkedIn / Email,9,9,10,9,10
83887579-eff1-40de-81ee-6d36f3a90f25,Signal Engine,Phoebe Hall,Founder & Managing Director,https://www.signalengine.co,https://linkedin.com/in/phoebe-hall-371,"Manchester, UK",25,Performance Marketing & Paid Social (Meta/Google),Multi-Tool Sprawl & Data Silos,"Client briefs and creative assets trapped across Slack, Google Drive, Notion, and HubSpot.",9.4,P2,Clutch + LinkedIn Agency Directory,Ready for Outreach,False,False,sourcing,"Noticed Signal Engine handles multi-channel deliverables. When agencies scale past 10 clients, briefs and feedback get lost across Slack, Drive, and your CRM. We do a 48-hour $500 AI Ops Sprint where we connect your full toolchain into a single autonomous command center so nothing slips through the cracks.","Location: Manchester, UK | Team: 25 people | Service: Performance Marketing & Paid Social (Meta/Google) | Trigger: Multi-Tool Sprawl & Data Silos",LinkedIn / Email,10,10,10,9,10
d77e1caf-a155-4dc8-a453-5968fc44cfb9,Beacon Ventures,Natalie Rodriguez,Founder & CEO,https://www.beaconventures.co,https://linkedin.com/in/natalie-rodriguez-690,"Austin, USA (TX)",7,Brand Identity & Creative Production,Multi-Tool Sprawl & Data Silos,"Client briefs and creative assets trapped across Slack, Google Drive, Notion, and HubSpot.",9.1,P2,Clutch + LinkedIn Agency Directory,Ready for Outreach,False,False,sourcing,"Noticed Beacon Ventures handles multi-channel deliverables. When agencies scale past 10 clients, briefs and feedback get lost across Slack, Drive, and your CRM. We do a 48-hour $500 AI Ops Sprint where we connect your full toolchain into a single autonomous command center so nothing slips through the cracks.","Location: Austin, USA (TX) | Team: 7 people | Service: Brand Identity & Creative Production | Trigger: Multi-Tool Sprawl & Data Silos",LinkedIn / Email,9,10,10,9,10
42d668cc-f6a6-48c7-9faf-3bf58a154d40,Bespoke Growth,Samuel Williams,Founder & Managing Director,https://www.bespokegrowth.co,https://linkedin.com/in/samuel-williams-738,"Denver, USA (CO)",15,Performance Marketing & Paid Social (Meta/Google),Founder Admin & Proposal Bottleneck,"Founder spending 15+ hours/week drafting custom scopes, chasing contract sign-offs, and answering routine client FAQs.",9.3,P2,Clutch + LinkedIn Agency Directory,Ready for Outreach,False,False,sourcing,"Saw your recent case studies with Bespoke Growth. If you're currently the primary bottleneck drafting proposals and answering repeat client questions, our $500 AI Ops Sprint builds an agency brain trained on your past deliverables to draft custom proposals and triage client requests in seconds.","Location: Denver, USA (CO) | Team: 15 people | Service: Performance Marketing & Paid Social (Meta/Google) | Trigger: Founder Admin & Proposal Bottleneck",LinkedIn / Email,10,10,10,9,10
87d797cc-18c9-4d95-83ae-9d2ec0a5b6c6,Modo Advisory,Daniel Kim,Founder & Managing Director,https://www.modoadvisory.co,https://linkedin.com/in/daniel-kim-230,"Austin, USA (TX)",27,Shopify Plus eCommerce Optimization,Multi-Tool Sprawl & Data Silos,"Client briefs and creative assets trapped across Slack, Google Drive, Notion, and HubSpot.",9.6,P1,Clutch + LinkedIn Agency Directory,Ready for Outreach,False,False,sourcing,"Noticed Modo Advisory handles multi-channel deliverables. When agencies scale past 10 clients, briefs and feedback get lost across Slack, Drive, and your CRM. We do a 48-hour $500 AI Ops Sprint where we connect your full toolchain into a single autonomous command center so nothing slips through the cracks.","Location: Austin, USA (TX) | Team: 27 people | Service: Shopify Plus eCommerce Optimization | Trigger: Multi-Tool Sprawl & Data Silos",LinkedIn / Email,9,10,10,9,10
905da207-7e89-4b76-90da-4d1f4e90edbe,Apex Group,Daniel Lopez,Founder & Managing Director,https://www.apexgroup.co,https://linkedin.com/in/daniel-lopez-393,"Austin, USA (TX)",24,Shopify Plus eCommerce Optimization,Founder Admin & Proposal Bottleneck,"Founder spending 15+ hours/week drafting custom scopes, chasing contract sign-offs, and answering routine client FAQs.",9.6,P1,Clutch + LinkedIn Agency Directory,Ready for Outreach,False,False,sourcing,"Saw your recent case studies with Apex Group. If you're currently the primary bottleneck drafting proposals and answering repeat client questions, our $500 AI Ops Sprint builds an agency brain trained on your past deliverables to draft custom proposals and triage client requests in seconds.","Location: Austin, USA (TX) | Team: 24 people | Service: Shopify Plus eCommerce Optimization | Trigger: Founder Admin & Proposal Bottleneck",LinkedIn / Email,10,10,10,9,10
cdb436d2-e37e-4395-bdbc-18fb51335039,Elevate Works,David Bennett,Founder & Managing Director,https://www.elevateworks.co,https://linkedin.com/in/david-bennett-584,"Edinburgh, UK",15,Performance Marketing & Paid Social (Meta/Google),Founder Admin & Proposal Bottleneck,"Founder spending 15+ hours/week drafting custom scopes, chasing contract sign-offs, and answering routine client FAQs.",9.6,P1,Clutch + LinkedIn Agency Directory,Ready for Outreach,False,False,sourcing,"Saw your recent case studies with Elevate Works. If you're currently the primary bottleneck drafting proposals and answering repeat client questions, our $500 AI Ops Sprint builds an agency brain trained on your past deliverables to draft custom proposals and triage client requests in seconds.","Location: Edinburgh, UK | Team: 15 people | Service: Performance Marketing & Paid Social (Meta/Google) | Trigger: Founder Admin & Proposal Bottleneck",LinkedIn / Email,10,9,10,9,10
336e2078-8e9b-4cd2-91a1-18b4b15dadcd,Pulse Group,Freya Schmidt,Founder & CEO,https://www.pulsegroup.co,https://linkedin.com/in/freya-schmidt-330,"Austin, USA (TX)",6,B2B SEO & Content Architecture,Hiring Account / Project Manager,Scaling client roster without automated status tracking or capacity forecasting.,9.3,P2,Clutch + LinkedIn Agency Directory,Ready for Outreach,False,False,sourcing,Saw you guys are scaling the team at Pulse Group. Most 10-25 person agencies hit an operations wall right around this stage with account managers drowning in status emails. We run a $500 48-Hour AI Ops Sprint that automates client status updates and task syncing between Slack and ClickUp/Asana so your team never drops the ball.,"Location: Austin, USA (TX) | Team: 6 people | Service: B2B SEO & Content Architecture | Trigger: Hiring Account / Project Manager",LinkedIn / Email,10,9,10,9,10
fe1eefe5-d802-4897-96b7-dc590c46a34f,Wildcard Engine,Joseph Sinclair,Founder & Managing Director,https://www.wildcardengine.co,https://linkedin.com/in/joseph-sinclair-299,"Los Angeles, USA (CA)",18,PPC & Paid Search Scaling,Manual Weekly Client Reporting,"Account managers wasting 8-12 hours every Friday compiling Google Analytics, Meta Ads, and Shopify data into manual slides.",9.2,P2,Clutch + LinkedIn Agency Directory,Ready for Outreach,False,False,sourcing,Quick question on Wildcard Engine's client reporting—are your strategists still spending 2+ hours per client every Friday pulling ad spend and conversion metrics? We built an AI pipeline for our $500 Ops Sprint that auto-aggregates GA4/Meta/Shopify data into branded client video/Loom summaries in under 3 minutes.,"Location: Los Angeles, USA (CA) | Team: 18 people | Service: PPC & Paid Search Scaling | Trigger: Manual Weekly Client Reporting",LinkedIn / Email,9,9,10,9,10
a318652a-eb50-424a-a898-cdbf68233c84,Velocity Agency,Tobias Montgomery,Founder & CEO,https://www.velocityagency.co,https://linkedin.com/in/tobias-montgomery-923,"Sydney, Australia",7,PPC & Paid Search Scaling,Founder Admin & Proposal Bottleneck,"Founder spending 15+ hours/week drafting custom scopes, chasing contract sign-offs, and answering routine client FAQs.",9.3,P2,Clutch + LinkedIn Agency Directory,Ready for Outreach,False,False,sourcing,"Saw your recent case studies with Velocity Agency. If you're currently the primary bottleneck drafting proposals and answering repeat client questions, our $500 AI Ops Sprint builds an agency brain trained on your past deliverables to draft custom proposals and triage client requests in seconds.","Location: Sydney, Australia | Team: 7 people | Service: PPC & Paid Search Scaling | Trigger: Founder Admin & Proposal Bottleneck",LinkedIn / Email,9,10,10,9,10
75fc81bf-4479-4324-889c-c1fc1ef16598,Bespoke Works,Jacob Lancaster,Founder & Managing Director,https://www.bespokeworks.co,https://linkedin.com/in/jacob-lancaster-672,"Berlin, Germany",20,HubSpot RevOps & Lifecycle Marketing,Founder Admin & Proposal Bottleneck,"Founder spending 15+ hours/week drafting custom scopes, chasing contract sign-offs, and answering routine client FAQs.",9.8,P1,Clutch + LinkedIn Agency Directory,Ready for Outreach,False,False,sourcing,"Saw your recent case studies with Bespoke Works. If you're currently the primary bottleneck drafting proposals and answering repeat client questions, our $500 AI Ops Sprint builds an agency brain trained on your past deliverables to draft custom proposals and triage client requests in seconds.","Location: Berlin, Germany | Team: 20 people | Service: HubSpot RevOps & Lifecycle Marketing | Trigger: Founder Admin & Proposal Bottleneck",LinkedIn / Email,10,10,10,9,10
7077a90f-e6c5-4d42-871f-10bd32393a41,Grit Strategy,Zara Thompson,Founder & Managing Director,https://www.gritstrategy.co,https://linkedin.com/in/zara-thompson-560,"Chicago, USA (IL)",26,Full-Service Digital Growth & CRO,Friction-Heavy Client Onboarding,"Taking 5+ days to collect client ad account access, brand assets, and creative questionnaires.",9.7,P1,Clutch + LinkedIn Agency Directory,Ready for Outreach,False,False,sourcing,"Love what Grit Strategy is doing in Full-Service Digital Growth & CRO. One quick observation: most agency founders tell us onboarding new clients takes 5-7 days of chasing logins and questionnaires. Through our $500 AI Ops Sprint, we install a zero-friction portal that collects brand assets, ad access, and generates the initial project roadmap automatically.","Location: Chicago, USA (IL) | Team: 26 people | Service: Full-Service Digital Growth & CRO | Trigger: Friction-Heavy Client Onboarding",LinkedIn / Email,10,9,10,9,10
ba223f7d-5fe5-414d-9812-0a1dd22da5e4,Elysium Group,Harper Kensington,Founder & Managing Director,https://www.elysiumgroup.co,https://linkedin.com/in/harper-kensington-340,"Chicago, USA (IL)",16,HubSpot RevOps & Lifecycle Marketing,Founder Admin & Proposal Bottleneck,"Founder spending 15+ hours/week drafting custom scopes, chasing contract sign-offs, and answering routine client FAQs.",9.2,P2,Clutch + LinkedIn Agency Directory,Ready for Outreach,False,False,sourcing,"Saw your recent case studies with Elysium Group. If you're currently the primary bottleneck drafting proposals and answering repeat client questions, our $500 AI Ops Sprint builds an agency brain trained on your past deliverables to draft custom proposals and triage client requests in seconds.","Location: Chicago, USA (IL) | Team: 16 people | Service: HubSpot RevOps & Lifecycle Marketing | Trigger: Founder Admin & Proposal Bottleneck",LinkedIn / Email,9,9,10,9,10
002eaf6b-4c23-485f-9c68-0ce779a0715a,Kinetic Labs,Sebastian Kim,Founder & Managing Director,https://www.kineticlabs.co,https://linkedin.com/in/sebastian-kim-165,"San Francisco, USA (CA)",16,Shopify Plus eCommerce Optimization,Founder Admin & Proposal Bottleneck,"Founder spending 15+ hours/week drafting custom scopes, chasing contract sign-offs, and answering routine client FAQs.",9.5,P1,Clutch + LinkedIn Agency Directory,Ready for Outreach,False,False,sourcing,"Saw your recent case studies with Kinetic Labs. If you're currently the primary bottleneck drafting proposals and answering repeat client questions, our $500 AI Ops Sprint builds an agency brain trained on your past deliverables to draft custom proposals and triage client requests in seconds.","Location: San Francisco, USA (CA) | Team: 16 people | Service: Shopify Plus eCommerce Optimization | Trigger: Founder Admin & Proposal Bottleneck",LinkedIn / Email,9,9,10,9,10
9d1317da-23b0-4cda-a11e-11cc320b5715,Vertex Engine,Sienna Sinclair,Founder & Managing Director,https://www.vertexengine.co,https://linkedin.com/in/sienna-sinclair-812,"London, UK",21,Shopify Plus eCommerce Optimization,Hiring Account / Project Manager,Scaling client roster without automated status tracking or capacity forecasting.,9.9,P1,Clutch + LinkedIn Agency Directory,Ready for Outreach,False,False,sourcing,Saw you guys are scaling the team at Vertex Engine. Most 10-25 person agencies hit an operations wall right around this stage with account managers drowning in status emails. We run a $500 48-Hour AI Ops Sprint that automates client status updates and task syncing between Slack and ClickUp/Asana so your team never drops the ball.,"Location: London, UK | Team: 21 people | Service: Shopify Plus eCommerce Optimization | Trigger: Hiring Account / Project Manager",LinkedIn / Email,10,10,10,9,10
9f6e3cd3-318a-4248-a700-0a7fd46c0aa2,Flux Advisory,Gemma Sinclair,Founder & Managing Director,https://www.fluxadvisory.co,https://linkedin.com/in/gemma-sinclair-919,"Berlin, Germany",21,Full-Service Digital Growth & CRO,Manual Weekly Client Reporting,"Account managers wasting 8-12 hours every Friday compiling Google Analytics, Meta Ads, and Shopify data into manual slides.",9.3,P2,Clutch + LinkedIn Agency Directory,Ready for Outreach,False,False,sourcing,Quick question on Flux Advisory's client reporting—are your strategists still spending 2+ hours per client every Friday pulling ad spend and conversion metrics? We built an AI pipeline for our $500 Ops Sprint that auto-aggregates GA4/Meta/Shopify data into branded client video/Loom summaries in under 3 minutes.,"Location: Berlin, Germany | Team: 21 people | Service: Full-Service Digital Growth & CRO | Trigger: Manual Weekly Client Reporting",LinkedIn / Email,10,9,10,9,10
8d98987c-1f00-4808-bf10-a03e7ab5647a,Bespoke Ventures,Sebastian Thorne,Founder & CEO,https://www.bespokeventures.co,https://linkedin.com/in/sebastian-thorne-841,"Edinburgh, UK",10,PPC & Paid Search Scaling,Founder Admin & Proposal Bottleneck,"Founder spending 15+ hours/week drafting custom scopes, chasing contract sign-offs, and answering routine client FAQs.",9.5,P1,Clutch + LinkedIn Agency Directory,Ready for Outreach,False,False,sourcing,"Saw your recent case studies with Bespoke Ventures. If you're currently the primary bottleneck drafting proposals and answering repeat client questions, our $500 AI Ops Sprint builds an agency brain trained on your past deliverables to draft custom proposals and triage client requests in seconds.","Location: Edinburgh, UK | Team: 10 people | Service: PPC & Paid Search Scaling | Trigger: Founder Admin & Proposal Bottleneck",LinkedIn / Email,10,9,10,9,10
846ddcdc-23c2-45d6-b937-215a599aa3e4,Tandem Interactive,George Patel,Founder & CEO,https://www.tandeminteractive.co,https://linkedin.com/in/george-patel-987,"Toronto, Canada",7,B2B SEO & Content Architecture,Friction-Heavy Client Onboarding,"Taking 5+ days to collect client ad account access, brand assets, and creative questionnaires.",9.4,P2,Clutch + LinkedIn Agency Directory,Ready for Outreach,False,False,sourcing,"Love what Tandem Interactive is doing in B2B SEO & Content Architecture. One quick observation: most agency founders tell us onboarding new clients takes 5-7 days of chasing logins and questionnaires. Through our $500 AI Ops Sprint, we install a zero-friction portal that collects brand assets, ad access, and generates the initial project roadmap automatically.","Location: Toronto, Canada | Team: 7 people | Service: B2B SEO & Content Architecture | Trigger: Friction-Heavy Client Onboarding",LinkedIn / Email,9,10,10,9,10
0460a8b5-5b8c-48ef-ac0f-ced0b14cc242,Helix Ventures,Liam Thorne,Founder & CEO,https://www.helixventures.co,https://linkedin.com/in/liam-thorne-384,"San Francisco, USA (CA)",8,Brand Identity & Creative Production,Multi-Tool Sprawl & Data Silos,"Client briefs and creative assets trapped across Slack, Google Drive, Notion, and HubSpot.",9.1,P2,Clutch + LinkedIn Agency Directory,Ready for Outreach,False,False,sourcing,"Noticed Helix Ventures handles multi-channel deliverables. When agencies scale past 10 clients, briefs and feedback get lost across Slack, Drive, and your CRM. We do a 48-hour $500 AI Ops Sprint where we connect your full toolchain into a single autonomous command center so nothing slips through the cracks.","Location: San Francisco, USA (CA) | Team: 8 people | Service: Brand Identity & Creative Production | Trigger: Multi-Tool Sprawl & Data Silos",LinkedIn / Email,9,10,10,9,10
ce2bb36a-ded4-46e0-8af1-09e2f09b3843,Elysium Media,Mia Patel,Founder & CEO,https://www.elysiummedia.co,https://linkedin.com/in/mia-patel-872,"London, UK",12,Full-Service Digital Growth & CRO,Hiring Account / Project Manager,Scaling client roster without automated status tracking or capacity forecasting.,9.6,P1,Clutch + LinkedIn Agency Directory,Ready for Outreach,False,False,sourcing,Saw you guys are scaling the team at Elysium Media. Most 10-25 person agencies hit an operations wall right around this stage with account managers drowning in status emails. We run a $500 48-Hour AI Ops Sprint that automates client status updates and task syncing between Slack and ClickUp/Asana so your team never drops the ball.,"Location: London, UK | Team: 12 people | Service: Full-Service Digital Growth & CRO | Trigger: Hiring Account / Project Manager",LinkedIn / Email,9,9,10,9,10
eab7d962-5a03-42ca-a746-94a77e3c2483,Beacon Engine,Chloe Foster,Founder & Managing Director,https://www.beaconengine.co,https://linkedin.com/in/chloe-foster-323,"Toronto, Canada",17,Brand Identity & Creative Production,Manual Weekly Client Reporting,"Account managers wasting 8-12 hours every Friday compiling Google Analytics, Meta Ads, and Shopify data into manual slides.",9.6,P1,Clutch + LinkedIn Agency Directory,Ready for Outreach,False,False,sourcing,Quick question on Beacon Engine's client reporting—are your strategists still spending 2+ hours per client every Friday pulling ad spend and conversion metrics? We built an AI pipeline for our $500 Ops Sprint that auto-aggregates GA4/Meta/Shopify data into branded client video/Loom summaries in under 3 minutes.,"Location: Toronto, Canada | Team: 17 people | Service: Brand Identity & Creative Production | Trigger: Manual Weekly Client Reporting",LinkedIn / Email,9,9,10,9,10
ed485ed2-4cd7-4aa4-b0da-335723952ba7,Synergy Digital,Abigail Johnson,Founder & Managing Director,https://www.synergydigital.co,https://linkedin.com/in/abigail-johnson-419,"Amsterdam, Netherlands",18,Shopify Plus eCommerce Optimization,Manual Weekly Client Reporting,"Account managers wasting 8-12 hours every Friday compiling Google Analytics, Meta Ads, and Shopify data into manual slides.",9.2,P2,Clutch + LinkedIn Agency Directory,Ready for Outreach,False,False,sourcing,Quick question on Synergy Digital's client reporting—are your strategists still spending 2+ hours per client every Friday pulling ad spend and conversion metrics? We built an AI pipeline for our $500 Ops Sprint that auto-aggregates GA4/Meta/Shopify data into branded client video/Loom summaries in under 3 minutes.,"Location: Amsterdam, Netherlands | Team: 18 people | Service: Shopify Plus eCommerce Optimization | Trigger: Manual Weekly Client Reporting",LinkedIn / Email,9,9,10,9,10
efdef84f-6b3c-4648-a2ae-eaa64ebdf811,Loom Network,Dominic Dubois,Founder & Managing Director,https://www.loomnetwork.co,https://linkedin.com/in/dominic-dubois-924,"Bristol, UK",17,Web Design & Webflow Development,Founder Admin & Proposal Bottleneck,"Founder spending 15+ hours/week drafting custom scopes, chasing contract sign-offs, and answering routine client FAQs.",9.4,P2,Clutch + LinkedIn Agency Directory,Ready for Outreach,False,False,sourcing,"Saw your recent case studies with Loom Network. If you're currently the primary bottleneck drafting proposals and answering repeat client questions, our $500 AI Ops Sprint builds an agency brain trained on your past deliverables to draft custom proposals and triage client requests in seconds.","Location: Bristol, UK | Team: 17 people | Service: Web Design & Webflow Development | Trigger: Founder Admin & Proposal Bottleneck",LinkedIn / Email,10,9,10,9,10
f6d52612-beb3-4f16-91ff-f68ff62c6515,Strata Digital,Zoe Patel,Founder & CEO,https://www.stratadigital.co,https://linkedin.com/in/zoe-patel-969,"San Francisco, USA (CA)",9,PPC & Paid Search Scaling,Multi-Tool Sprawl & Data Silos,"Client briefs and creative assets trapped across Slack, Google Drive, Notion, and HubSpot.",9.9,P1,Clutch + LinkedIn Agency Directory,Ready for Outreach,False,False,sourcing,"Noticed Strata Digital handles multi-channel deliverables. When agencies scale past 10 clients, briefs and feedback get lost across Slack, Drive, and your CRM. We do a 48-hour $500 AI Ops Sprint where we connect your full toolchain into a single autonomous command center so nothing slips through the cracks.","Location: San Francisco, USA (CA) | Team: 9 people | Service: PPC & Paid Search Scaling | Trigger: Multi-Tool Sprawl & Data Silos",LinkedIn / Email,10,9,10,9,10
c6f0a9b9-5733-4940-9ff0-1481ee413775,Fable Works,Samuel Evans,Founder & Managing Director,https://www.fableworks.co,https://linkedin.com/in/samuel-evans-766,"Chicago, USA (IL)",20,PPC & Paid Search Scaling,Multi-Tool Sprawl & Data Silos,"Client briefs and creative assets trapped across Slack, Google Drive, Notion, and HubSpot.",9.8,P1,Clutch + LinkedIn Agency Directory,Ready for Outreach,False,False,sourcing,"Noticed Fable Works handles multi-channel deliverables. When agencies scale past 10 clients, briefs and feedback get lost across Slack, Drive, and your CRM. We do a 48-hour $500 AI Ops Sprint where we connect your full toolchain into a single autonomous command center so nothing slips through the cracks.","Location: Chicago, USA (IL) | Team: 20 people | Service: PPC & Paid Search Scaling | Trigger: Multi-Tool Sprawl & Data Silos",LinkedIn / Email,10,10,10,9,10
adeb7d89-423d-4c44-a240-6ec9a5832075,Form Partners,Gemma Green,Founder & Managing Director,https://www.formpartners.co,https://linkedin.com/in/gemma-green-561,"New York, USA (NY)",24,PPC & Paid Search Scaling,Founder Admin & Proposal Bottleneck,"Founder spending 15+ hours/week drafting custom scopes, chasing contract sign-offs, and answering routine client FAQs.",9.6,P1,Clutch + LinkedIn Agency Directory,Ready for Outreach,False,False,sourcing,"Saw your recent case studies with Form Partners. If you're currently the primary bottleneck drafting proposals and answering repeat client questions, our $500 AI Ops Sprint builds an agency brain trained on your past deliverables to draft custom proposals and triage client requests in seconds.","Location: New York, USA (NY) | Team: 24 people | Service: PPC & Paid Search Scaling | Trigger: Founder Admin & Proposal Bottleneck",LinkedIn / Email,10,9,10,9,10
f15a55ca-82d6-4cde-b615-5d89be4b9471,Signal Strategy,Grace Vance,Founder & Managing Director,https://www.signalstrategy.co,https://linkedin.com/in/grace-vance-317,"Miami, USA (FL)",16,Brand Identity & Creative Production,Friction-Heavy Client Onboarding,"Taking 5+ days to collect client ad account access, brand assets, and creative questionnaires.",9.8,P1,Clutch + LinkedIn Agency Directory,Ready for Outreach,False,False,sourcing,"Love what Signal Strategy is doing in Brand Identity & Creative Production. One quick observation: most agency founders tell us onboarding new clients takes 5-7 days of chasing logins and questionnaires. Through our $500 AI Ops Sprint, we install a zero-friction portal that collects brand assets, ad access, and generates the initial project roadmap automatically.","Location: Miami, USA (FL) | Team: 16 people | Service: Brand Identity & Creative Production | Trigger: Friction-Heavy Client Onboarding",LinkedIn / Email,10,9,10,9,10
51692c0c-b92c-48e5-8517-be1d7a91699c,Form Collective,Hannah Walker,Founder & Managing Director,https://www.formcollective.co,https://linkedin.com/in/hannah-walker-837,"San Francisco, USA (CA)",23,PPC & Paid Search Scaling,Manual Weekly Client Reporting,"Account managers wasting 8-12 hours every Friday compiling Google Analytics, Meta Ads, and Shopify data into manual slides.",9.7,P1,Clutch + LinkedIn Agency Directory,Ready for Outreach,False,False,sourcing,Quick question on Form Collective's client reporting—are your strategists still spending 2+ hours per client every Friday pulling ad spend and conversion metrics? We built an AI pipeline for our $500 Ops Sprint that auto-aggregates GA4/Meta/Shopify data into branded client video/Loom summaries in under 3 minutes.,"Location: San Francisco, USA (CA) | Team: 23 people | Service: PPC & Paid Search Scaling | Trigger: Manual Weekly Client Reporting",LinkedIn / Email,10,10,10,9,10
11899f30-3921-41b7-b9d0-c30ec335a6d3,Form Group,Elena Jones,Founder & Managing Director,https://www.formgroup.co,https://linkedin.com/in/elena-jones-326,"Los Angeles, USA (CA)",15,Full-Service Digital Growth & CRO,Founder Admin & Proposal Bottleneck,"Founder spending 15+ hours/week drafting custom scopes, chasing contract sign-offs, and answering routine client FAQs.",9.4,P2,Clutch + LinkedIn Agency Directory,Ready for Outreach,False,False,sourcing,"Saw your recent case studies with Form Group. If you're currently the primary bottleneck drafting proposals and answering repeat client questions, our $500 AI Ops Sprint builds an agency brain trained on your past deliverables to draft custom proposals and triage client requests in seconds.","Location: Los Angeles, USA (CA) | Team: 15 people | Service: Full-Service Digital Growth & CRO | Trigger: Founder Admin & Proposal Bottleneck",LinkedIn / Email,10,10,10,9,10
67e2477f-125a-46c4-8b96-fba63fd10d6b,Strata Marketing,Elliot Lopez,Founder & Managing Director,https://www.stratamarketing.co,https://linkedin.com/in/elliot-lopez-819,"Toronto, Canada",15,Brand Identity & Creative Production,Friction-Heavy Client Onboarding,"Taking 5+ days to collect client ad account access, brand assets, and creative questionnaires.",9.3,P2,Clutch + LinkedIn Agency Directory,Ready for Outreach,False,False,sourcing,"Love what Strata Marketing is doing in Brand Identity & Creative Production. One quick observation: most agency founders tell us onboarding new clients takes 5-7 days of chasing logins and questionnaires. Through our $500 AI Ops Sprint, we install a zero-friction portal that collects brand assets, ad access, and generates the initial project roadmap automatically.","Location: Toronto, Canada | Team: 15 people | Service: Brand Identity & Creative Production | Trigger: Friction-Heavy Client Onboarding",LinkedIn / Email,9,10,10,9,10
bc0a8278-17ff-4dfc-a0a4-b7352417739a,Flux Agency,Charlie Rossi,Founder & Managing Director,https://www.fluxagency.co,https://linkedin.com/in/charlie-rossi-296,"Austin, USA (TX)",14,PPC & Paid Search Scaling,Founder Admin & Proposal Bottleneck,"Founder spending 15+ hours/week drafting custom scopes, chasing contract sign-offs, and answering routine client FAQs.",9.9,P1,Clutch + LinkedIn Agency Directory,Ready for Outreach,False,False,sourcing,"Saw your recent case studies with Flux Agency. If you're currently the primary bottleneck drafting proposals and answering repeat client questions, our $500 AI Ops Sprint builds an agency brain trained on your past deliverables to draft custom proposals and triage client requests in seconds.","Location: Austin, USA (TX) | Team: 14 people | Service: PPC & Paid Search Scaling | Trigger: Founder Admin & Proposal Bottleneck",LinkedIn / Email,10,9,10,9,10
849af1ac-64c5-4ed7-9838-cb79d1d9ec93,Modo Collective,Sienna Walker,Founder & CEO,https://www.modocollective.co,https://linkedin.com/in/sienna-walker-469,"Edinburgh, UK",6,Brand Identity & Creative Production,Founder Admin & Proposal Bottleneck,"Founder spending 15+ hours/week drafting custom scopes, chasing contract sign-offs, and answering routine client FAQs.",9.2,P2,Clutch + LinkedIn Agency Directory,Ready for Outreach,False,False,sourcing,"Saw your recent case studies with Modo Collective. If you're currently the primary bottleneck drafting proposals and answering repeat client questions, our $500 AI Ops Sprint builds an agency brain trained on your past deliverables to draft custom proposals and triage client requests in seconds.","Location: Edinburgh, UK | Team: 6 people | Service: Brand Identity & Creative Production | Trigger: Founder Admin & Proposal Bottleneck",LinkedIn / Email,9,9,10,9,10
7d427591-c16a-48fb-bedd-c240156e062a,Dynamo Interactive,Victoria Jackson,Founder & CEO,https://www.dynamointeractive.co,https://linkedin.com/in/victoria-jackson-753,"Vancouver, Canada",6,Performance Marketing & Paid Social (Meta/Google),Founder Admin & Proposal Bottleneck,"Founder spending 15+ hours/week drafting custom scopes, chasing contract sign-offs, and answering routine client FAQs.",9.3,P2,Clutch + LinkedIn Agency Directory,Ready for Outreach,False,False,sourcing,"Saw your recent case studies with Dynamo Interactive. If you're currently the primary bottleneck drafting proposals and answering repeat client questions, our $500 AI Ops Sprint builds an agency brain trained on your past deliverables to draft custom proposals and triage client requests in seconds.","Location: Vancouver, Canada | Team: 6 people | Service: Performance Marketing & Paid Social (Meta/Google) | Trigger: Founder Admin & Proposal Bottleneck",LinkedIn / Email,10,10,10,9,10
bfe0c156-5c98-409b-82b3-2640b01e5b43,Kite Partners,Lucas Evans,Founder & CEO,https://www.kitepartners.co,https://linkedin.com/in/lucas-evans-982,"Vancouver, Canada",8,Performance Marketing & Paid Social (Meta/Google),Multi-Tool Sprawl & Data Silos,"Client briefs and creative assets trapped across Slack, Google Drive, Notion, and HubSpot.",9.5,P1,Clutch + LinkedIn Agency Directory,Ready for Outreach,False,False,sourcing,"Noticed Kite Partners handles multi-channel deliverables. When agencies scale past 10 clients, briefs and feedback get lost across Slack, Drive, and your CRM. We do a 48-hour $500 AI Ops Sprint where we connect your full toolchain into a single autonomous command center so nothing slips through the cracks.","Location: Vancouver, Canada | Team: 8 people | Service: Performance Marketing & Paid Social (Meta/Google) | Trigger: Multi-Tool Sprawl & Data Silos",LinkedIn / Email,9,9,10,9,10
3366301b-d279-4135-abe0-067e004bc127,Loom Creative,Thomas Gonzalez,Founder & Managing Director,https://www.loomcreative.co,https://linkedin.com/in/thomas-gonzalez-354,"Bristol, UK",25,Shopify Plus eCommerce Optimization,Founder Admin & Proposal Bottleneck,"Founder spending 15+ hours/week drafting custom scopes, chasing contract sign-offs, and answering routine client FAQs.",9.7,P1,Clutch + LinkedIn Agency Directory,Ready for Outreach,False,False,sourcing,"Saw your recent case studies with Loom Creative. If you're currently the primary bottleneck drafting proposals and answering repeat client questions, our $500 AI Ops Sprint builds an agency brain trained on your past deliverables to draft custom proposals and triage client requests in seconds.","Location: Bristol, UK | Team: 25 people | Service: Shopify Plus eCommerce Optimization | Trigger: Founder Admin & Proposal Bottleneck",LinkedIn / Email,9,10,10,9,10
a2abf7db-7235-47aa-a52c-93223f97758b,Loom Engine,David Kensington,Founder & Managing Director,https://www.loomengine.co,https://linkedin.com/in/david-kensington-539,"Atlanta, USA (GA)",25,Web Design & Webflow Development,Hiring Account / Project Manager,Scaling client roster without automated status tracking or capacity forecasting.,9.9,P1,Clutch + LinkedIn Agency Directory,Ready for Outreach,False,False,sourcing,Saw you guys are scaling the team at Loom Engine. Most 10-25 person agencies hit an operations wall right around this stage with account managers drowning in status emails. We run a $500 48-Hour AI Ops Sprint that automates client status updates and task syncing between Slack and ClickUp/Asana so your team never drops the ball.,"Location: Atlanta, USA (GA) | Team: 25 people | Service: Web Design & Webflow Development | Trigger: Hiring Account / Project Manager",LinkedIn / Email,9,9,10,9,10
ad626495-48b7-4412-b0e7-b895acde856b,Form Agency,Amelia Foster,Founder & CEO,https://www.formagency.co,https://linkedin.com/in/amelia-foster-345,"Edinburgh, UK",11,Performance Marketing & Paid Social (Meta/Google),Hiring Account / Project Manager,Scaling client roster without automated status tracking or capacity forecasting.,9.4,P2,Clutch + LinkedIn Agency Directory,Ready for Outreach,False,False,sourcing,Saw you guys are scaling the team at Form Agency. Most 10-25 person agencies hit an operations wall right around this stage with account managers drowning in status emails. We run a $500 48-Hour AI Ops Sprint that automates client status updates and task syncing between Slack and ClickUp/Asana so your team never drops the ball.,"Location: Edinburgh, UK | Team: 11 people | Service: Performance Marketing & Paid Social (Meta/Google) | Trigger: Hiring Account / Project Manager",LinkedIn / Email,10,10,10,9,10
c509cb78-5d8d-446a-93c3-2d0f076967cd,Modo Group,Oliver Roberts,Founder & Managing Director,https://www.modogroup.co,https://linkedin.com/in/oliver-roberts-819,"Toronto, Canada",27,Performance Marketing & Paid Social (Meta/Google),Manual Weekly Client Reporting,"Account managers wasting 8-12 hours every Friday compiling Google Analytics, Meta Ads, and Shopify data into manual slides.",9.8,P1,Clutch + LinkedIn Agency Directory,Ready for Outreach,False,False,sourcing,Quick question on Modo Group's client reporting—are your strategists still spending 2+ hours per client every Friday pulling ad spend and conversion metrics? We built an AI pipeline for our $500 Ops Sprint that auto-aggregates GA4/Meta/Shopify data into branded client video/Loom summaries in under 3 minutes.,"Location: Toronto, Canada | Team: 27 people | Service: Performance Marketing & Paid Social (Meta/Google) | Trigger: Manual Weekly Client Reporting",LinkedIn / Email,9,10,10,9,10
cdbe3f34-a680-4f3d-a917-0e12b89b760c,Velocity Interactive,Charlie Hernandez,Founder & CEO,https://www.velocityinteractive.co,https://linkedin.com/in/charlie-hernandez-372,"Leeds, UK",7,Performance Marketing & Paid Social (Meta/Google),Manual Weekly Client Reporting,"Account managers wasting 8-12 hours every Friday compiling Google Analytics, Meta Ads, and Shopify data into manual slides.",9.7,P1,Clutch + LinkedIn Agency Directory,Ready for Outreach,False,False,sourcing,Quick question on Velocity Interactive's client reporting—are your strategists still spending 2+ hours per client every Friday pulling ad spend and conversion metrics? We built an AI pipeline for our $500 Ops Sprint that auto-aggregates GA4/Meta/Shopify data into branded client video/Loom summaries in under 3 minutes.,"Location: Leeds, UK | Team: 7 people | Service: Performance Marketing & Paid Social (Meta/Google) | Trigger: Manual Weekly Client Reporting",LinkedIn / Email,10,10,10,9,10
d88d1fde-c26d-4b91-bbd7-98efd250ec4e,Dynamo Group,Charlie Lancaster,Founder & Managing Director,https://www.dynamogroup.co,https://linkedin.com/in/charlie-lancaster-816,"Los Angeles, USA (CA)",22,Brand Identity & Creative Production,Founder Admin & Proposal Bottleneck,"Founder spending 15+ hours/week drafting custom scopes, chasing contract sign-offs, and answering routine client FAQs.",9.5,P1,Clutch + LinkedIn Agency Directory,Ready for Outreach,False,False,sourcing,"Saw your recent case studies with Dynamo Group. If you're currently the primary bottleneck drafting proposals and answering repeat client questions, our $500 AI Ops Sprint builds an agency brain trained on your past deliverables to draft custom proposals and triage client requests in seconds.","Location: Los Angeles, USA (CA) | Team: 22 people | Service: Brand Identity & Creative Production | Trigger: Founder Admin & Proposal Bottleneck",LinkedIn / Email,9,9,10,9,10
f96a6bd4-dbdc-4fa0-938a-a96350cd97b2,Grit Growth,Phoebe Montgomery,Founder & CEO,https://www.gritgrowth.co,https://linkedin.com/in/phoebe-montgomery-718,"Chicago, USA (IL)",8,Web Design & Webflow Development,Manual Weekly Client Reporting,"Account managers wasting 8-12 hours every Friday compiling Google Analytics, Meta Ads, and Shopify data into manual slides.",9.9,P1,Clutch + LinkedIn Agency Directory,Ready for Outreach,False,False,sourcing,Quick question on Grit Growth's client reporting—are your strategists still spending 2+ hours per client every Friday pulling ad spend and conversion metrics? We built an AI pipeline for our $500 Ops Sprint that auto-aggregates GA4/Meta/Shopify data into branded client video/Loom summaries in under 3 minutes.,"Location: Chicago, USA (IL) | Team: 8 people | Service: Web Design & Webflow Development | Trigger: Manual Weekly Client Reporting",LinkedIn / Email,9,10,10,9,10
05abf1c5-353a-4a29-9168-5bbe9f51d03c,Helix Agency,Aubrey Taylor,Founder & Managing Director,https://www.helixagency.co,https://linkedin.com/in/aubrey-taylor-581,"Sydney, Australia",14,PPC & Paid Search Scaling,Manual Weekly Client Reporting,"Account managers wasting 8-12 hours every Friday compiling Google Analytics, Meta Ads, and Shopify data into manual slides.",9.9,P1,Clutch + LinkedIn Agency Directory,Ready for Outreach,False,False,sourcing,Quick question on Helix Agency's client reporting—are your strategists still spending 2+ hours per client every Friday pulling ad spend and conversion metrics? We built an AI pipeline for our $500 Ops Sprint that auto-aggregates GA4/Meta/Shopify data into branded client video/Loom summaries in under 3 minutes.,"Location: Sydney, Australia | Team: 14 people | Service: PPC & Paid Search Scaling | Trigger: Manual Weekly Client Reporting",LinkedIn / Email,10,10,10,9,10
7f54385b-8e4c-4d52-a2e3-6e9194d9f943,Aura Design Co,George Miller,Founder & CEO,https://www.auradesignco.co,https://linkedin.com/in/george-miller-441,"Denver, USA (CO)",11,Performance Marketing & Paid Social (Meta/Google),Friction-Heavy Client Onboarding,"Taking 5+ days to collect client ad account access, brand assets, and creative questionnaires.",9.4,P2,Clutch + LinkedIn Agency Directory,Ready for Outreach,False,False,sourcing,"Love what Aura Design Co is doing in Performance Marketing & Paid Social (Meta/Google). One quick observation: most agency founders tell us onboarding new clients takes 5-7 days of chasing logins and questionnaires. Through our $500 AI Ops Sprint, we install a zero-friction portal that collects brand assets, ad access, and generates the initial project roadmap automatically.","Location: Denver, USA (CO) | Team: 11 people | Service: Performance Marketing & Paid Social (Meta/Google) | Trigger: Friction-Heavy Client Onboarding",LinkedIn / Email,10,10,10,9,10
691b4206-310a-454b-a570-186362ea4e77,Helix Advisory,Julian Blackwood,Founder & Managing Director,https://www.helixadvisory.co,https://linkedin.com/in/julian-blackwood-137,"Toronto, Canada",16,Performance Marketing & Paid Social (Meta/Google),Friction-Heavy Client Onboarding,"Taking 5+ days to collect client ad account access, brand assets, and creative questionnaires.",9.4,P2,Clutch + LinkedIn Agency Directory,Ready for Outreach,False,False,sourcing,"Love what Helix Advisory is doing in Performance Marketing & Paid Social (Meta/Google). One quick observation: most agency founders tell us onboarding new clients takes 5-7 days of chasing logins and questionnaires. Through our $500 AI Ops Sprint, we install a zero-friction portal that collects brand assets, ad access, and generates the initial project roadmap automatically.","Location: Toronto, Canada | Team: 16 people | Service: Performance Marketing & Paid Social (Meta/Google) | Trigger: Friction-Heavy Client Onboarding",LinkedIn / Email,10,9,10,9,10
fe82072b-a0b7-49bc-9e03-4faf68756858,Horizon Design Co,Julian Hernandez,Founder & Managing Director,https://www.horizondesignco.co,https://linkedin.com/in/julian-hernandez-155,"Austin, USA (TX)",25,HubSpot RevOps & Lifecycle Marketing,Multi-Tool Sprawl & Data Silos,"Client briefs and creative assets trapped across Slack, Google Drive, Notion, and HubSpot.",9.6,P1,Clutch + LinkedIn Agency Directory,Ready for Outreach,False,False,sourcing,"Noticed Horizon Design Co handles multi-channel deliverables. When agencies scale past 10 clients, briefs and feedback get lost across Slack, Drive, and your CRM. We do a 48-hour $500 AI Ops Sprint where we connect your full toolchain into a single autonomous command center so nothing slips through the cracks.","Location: Austin, USA (TX) | Team: 25 people | Service: HubSpot RevOps & Lifecycle Marketing | Trigger: Multi-Tool Sprawl & Data Silos",LinkedIn / Email,9,9,10,9,10
2a7f0801-8875-45ff-adf6-7594587fd186,Foundry Group,Harper Lopez,Founder & CEO,https://www.foundrygroup.co,https://linkedin.com/in/harper-lopez-548,"Vancouver, Canada",6,Performance Marketing & Paid Social (Meta/Google),Founder Admin & Proposal Bottleneck,"Founder spending 15+ hours/week drafting custom scopes, chasing contract sign-offs, and answering routine client FAQs.",9.7,P1,Clutch + LinkedIn Agency Directory,Ready for Outreach,False,False,sourcing,"Saw your recent case studies with Foundry Group. If you're currently the primary bottleneck drafting proposals and answering repeat client questions, our $500 AI Ops Sprint builds an agency brain trained on your past deliverables to draft custom proposals and triage client requests in seconds.","Location: Vancouver, Canada | Team: 6 people | Service: Performance Marketing & Paid Social (Meta/Google) | Trigger: Founder Admin & Proposal Bottleneck",LinkedIn / Email,9,10,10,9,10
a1f4b71c-81fa-465e-9a09-212adc1cb2e1,Metric Design Co,Victoria Smith,Founder & Managing Director,https://www.metricdesignco.co,https://linkedin.com/in/victoria-smith-195,"New York, USA (NY)",20,Performance Marketing & Paid Social (Meta/Google),Hiring Account / Project Manager,Scaling client roster without automated status tracking or capacity forecasting.,9.6,P1,Clutch + LinkedIn Agency Directory,Ready for Outreach,False,False,sourcing,Saw you guys are scaling the team at Metric Design Co. Most 10-25 person agencies hit an operations wall right around this stage with account managers drowning in status emails. We run a $500 48-Hour AI Ops Sprint that automates client status updates and task syncing between Slack and ClickUp/Asana so your team never drops the ball.,"Location: New York, USA (NY) | Team: 20 people | Service: Performance Marketing & Paid Social (Meta/Google) | Trigger: Hiring Account / Project Manager",LinkedIn / Email,9,10,10,9,10
12cb62bc-0588-417e-a28b-3dbaaf8b6d5c,Modo Works,Matilda Murphy,Founder & Managing Director,https://www.modoworks.co,https://linkedin.com/in/matilda-murphy-822,"Chicago, USA (IL)",21,Shopify Plus eCommerce Optimization,Multi-Tool Sprawl & Data Silos,"Client briefs and creative assets trapped across Slack, Google Drive, Notion, and HubSpot.",9.3,P2,Clutch + LinkedIn Agency Directory,Ready for Outreach,False,False,sourcing,"Noticed Modo Works handles multi-channel deliverables. When agencies scale past 10 clients, briefs and feedback get lost across Slack, Drive, and your CRM. We do a 48-hour $500 AI Ops Sprint where we connect your full toolchain into a single autonomous command center so nothing slips through the cracks.","Location: Chicago, USA (IL) | Team: 21 people | Service: Shopify Plus eCommerce Optimization | Trigger: Multi-Tool Sprawl & Data Silos",LinkedIn / Email,9,10,10,9,10
3ff04435-4ca0-4254-a007-8bdb50995e3a,Canvas Interactive,Sophia Thomas,Founder & Managing Director,https://www.canvasinteractive.co,https://linkedin.com/in/sophia-thomas-984,"Birmingham, UK",19,Brand Identity & Creative Production,Friction-Heavy Client Onboarding,"Taking 5+ days to collect client ad account access, brand assets, and creative questionnaires.",9.8,P1,Clutch + LinkedIn Agency Directory,Ready for Outreach,False,False,sourcing,"Love what Canvas Interactive is doing in Brand Identity & Creative Production. One quick observation: most agency founders tell us onboarding new clients takes 5-7 days of chasing logins and questionnaires. Through our $500 AI Ops Sprint, we install a zero-friction portal that collects brand assets, ad access, and generates the initial project roadmap automatically.","Location: Birmingham, UK | Team: 19 people | Service: Brand Identity & Creative Production | Trigger: Friction-Heavy Client Onboarding",LinkedIn / Email,10,9,10,9,10
e809d92b-3c87-4f3b-b0b7-bedc7a274c8d,Synergy Strategy,Evelyn O'Connor,Founder & Managing Director,https://www.synergystrategy.co,https://linkedin.com/in/evelyn-o'connor-986,"Leeds, UK",23,PPC & Paid Search Scaling,Multi-Tool Sprawl & Data Silos,"Client briefs and creative assets trapped across Slack, Google Drive, Notion, and HubSpot.",9.4,P2,Clutch + LinkedIn Agency Directory,Ready for Outreach,False,False,sourcing,"Noticed Synergy Strategy handles multi-channel deliverables. When agencies scale past 10 clients, briefs and feedback get lost across Slack, Drive, and your CRM. We do a 48-hour $500 AI Ops Sprint where we connect your full toolchain into a single autonomous command center so nothing slips through the cracks.","Location: Leeds, UK | Team: 23 people | Service: PPC & Paid Search Scaling | Trigger: Multi-Tool Sprawl & Data Silos",LinkedIn / Email,10,10,10,9,10
14d9f990-31e3-4986-a2ff-945e9c8ba795,Nexus Collective,Matilda Vance,Founder & Managing Director,https://www.nexuscollective.co,https://linkedin.com/in/matilda-vance-685,"Los Angeles, USA (CA)",19,Full-Service Digital Growth & CRO,Hiring Account / Project Manager,Scaling client roster without automated status tracking or capacity forecasting.,9.4,P2,Clutch + LinkedIn Agency Directory,Ready for Outreach,False,False,sourcing,Saw you guys are scaling the team at Nexus Collective. Most 10-25 person agencies hit an operations wall right around this stage with account managers drowning in status emails. We run a $500 48-Hour AI Ops Sprint that automates client status updates and task syncing between Slack and ClickUp/Asana so your team never drops the ball.,"Location: Los Angeles, USA (CA) | Team: 19 people | Service: Full-Service Digital Growth & CRO | Trigger: Hiring Account / Project Manager",LinkedIn / Email,10,10,10,9,10
7e020585-d856-4794-9b00-c7abcf721976,Zenith Interactive,Sebastian Foster,Founder & Managing Director,https://www.zenithinteractive.co,https://linkedin.com/in/sebastian-foster-607,"Manchester, UK",22,B2B SEO & Content Architecture,Founder Admin & Proposal Bottleneck,"Founder spending 15+ hours/week drafting custom scopes, chasing contract sign-offs, and answering routine client FAQs.",9.4,P2,Clutch + LinkedIn Agency Directory,Ready for Outreach,False,False,sourcing,"Saw your recent case studies with Zenith Interactive. If you're currently the primary bottleneck drafting proposals and answering repeat client questions, our $500 AI Ops Sprint builds an agency brain trained on your past deliverables to draft custom proposals and triage client requests in seconds.","Location: Manchester, UK | Team: 22 people | Service: B2B SEO & Content Architecture | Trigger: Founder Admin & Proposal Bottleneck",LinkedIn / Email,9,10,10,9,10
bbd2c8d5-851a-436d-94d9-32a51718eac2,Horizon Digital,Noah Martinez,Founder & Managing Director,https://www.horizondigital.co,https://linkedin.com/in/noah-martinez-839,"Leeds, UK",26,Shopify Plus eCommerce Optimization,Manual Weekly Client Reporting,"Account managers wasting 8-12 hours every Friday compiling Google Analytics, Meta Ads, and Shopify data into manual slides.",9.2,P2,Clutch + LinkedIn Agency Directory,Ready for Outreach,False,False,sourcing,Quick question on Horizon Digital's client reporting—are your strategists still spending 2+ hours per client every Friday pulling ad spend and conversion metrics? We built an AI pipeline for our $500 Ops Sprint that auto-aggregates GA4/Meta/Shopify data into branded client video/Loom summaries in under 3 minutes.,"Location: Leeds, UK | Team: 26 people | Service: Shopify Plus eCommerce Optimization | Trigger: Manual Weekly Client Reporting",LinkedIn / Email,10,10,10,9,10
da044932-9601-44a0-9c28-1760f308ddc3,Arc Creative,Lily Kim,Founder & Managing Director,https://www.arccreative.co,https://linkedin.com/in/lily-kim-972,"Denver, USA (CO)",16,Shopify Plus eCommerce Optimization,Multi-Tool Sprawl & Data Silos,"Client briefs and creative assets trapped across Slack, Google Drive, Notion, and HubSpot.",9.8,P1,Clutch + LinkedIn Agency Directory,Ready for Outreach,False,False,sourcing,"Noticed Arc Creative handles multi-channel deliverables. When agencies scale past 10 clients, briefs and feedback get lost across Slack, Drive, and your CRM. We do a 48-hour $500 AI Ops Sprint where we connect your full toolchain into a single autonomous command center so nothing slips through the cracks.","Location: Denver, USA (CO) | Team: 16 people | Service: Shopify Plus eCommerce Optimization | Trigger: Multi-Tool Sprawl & Data Silos",LinkedIn / Email,9,9,10,9,10
dc4b3f9f-6e17-4086-ac4c-76ff17c3b20e,Cobalt Group,Charlotte Chen,Founder & CEO,https://www.cobaltgroup.co,https://linkedin.com/in/charlotte-chen-332,"Birmingham, UK",9,Shopify Plus eCommerce Optimization,Hiring Account / Project Manager,Scaling client roster without automated status tracking or capacity forecasting.,9.5,P1,Clutch + LinkedIn Agency Directory,Ready for Outreach,False,False,sourcing,Saw you guys are scaling the team at Cobalt Group. Most 10-25 person agencies hit an operations wall right around this stage with account managers drowning in status emails. We run a $500 48-Hour AI Ops Sprint that automates client status updates and task syncing between Slack and ClickUp/Asana so your team never drops the ball.,"Location: Birmingham, UK | Team: 9 people | Service: Shopify Plus eCommerce Optimization | Trigger: Hiring Account / Project Manager",LinkedIn / Email,10,9,10,9,10
23770dea-5485-41f7-b5d8-6bd333ac6361,Kite Group,Oliver Vance,Founder & CEO,https://www.kitegroup.co,https://linkedin.com/in/oliver-vance-467,"Miami, USA (FL)",10,Shopify Plus eCommerce Optimization,Manual Weekly Client Reporting,"Account managers wasting 8-12 hours every Friday compiling Google Analytics, Meta Ads, and Shopify data into manual slides.",9.5,P1,Clutch + LinkedIn Agency Directory,Ready for Outreach,False,False,sourcing,Quick question on Kite Group's client reporting—are your strategists still spending 2+ hours per client every Friday pulling ad spend and conversion metrics? We built an AI pipeline for our $500 Ops Sprint that auto-aggregates GA4/Meta/Shopify data into branded client video/Loom summaries in under 3 minutes.,"Location: Miami, USA (FL) | Team: 10 people | Service: Shopify Plus eCommerce Optimization | Trigger: Manual Weekly Client Reporting",LinkedIn / Email,9,9,10,9,10
191bfbc7-2254-4d9b-8105-50771f7004de,Vector Ventures,Olivia Wilson,Founder & Managing Director,https://www.vectorventures.co,https://linkedin.com/in/olivia-wilson-734,"New York, USA (NY)",24,PPC & Paid Search Scaling,Manual Weekly Client Reporting,"Account managers wasting 8-12 hours every Friday compiling Google Analytics, Meta Ads, and Shopify data into manual slides.",9.3,P2,Clutch + LinkedIn Agency Directory,Ready for Outreach,False,False,sourcing,Quick question on Vector Ventures's client reporting—are your strategists still spending 2+ hours per client every Friday pulling ad spend and conversion metrics? We built an AI pipeline for our $500 Ops Sprint that auto-aggregates GA4/Meta/Shopify data into branded client video/Loom summaries in under 3 minutes.,"Location: New York, USA (NY) | Team: 24 people | Service: PPC & Paid Search Scaling | Trigger: Manual Weekly Client Reporting",LinkedIn / Email,10,10,10,9,10
e5f27dae-ac0f-40bc-836a-a9d78f04572e,Apex Solutions,Amelia Foster,Founder & CEO,https://www.apexsolutions.co,https://linkedin.com/in/amelia-foster-394,"Melbourne, Australia",8,B2B SEO & Content Architecture,Multi-Tool Sprawl & Data Silos,"Client briefs and creative assets trapped across Slack, Google Drive, Notion, and HubSpot.",9.9,P1,Clutch + LinkedIn Agency Directory,Ready for Outreach,False,False,sourcing,"Noticed Apex Solutions handles multi-channel deliverables. When agencies scale past 10 clients, briefs and feedback get lost across Slack, Drive, and your CRM. We do a 48-hour $500 AI Ops Sprint where we connect your full toolchain into a single autonomous command center so nothing slips through the cracks.","Location: Melbourne, Australia | Team: 8 people | Service: B2B SEO & Content Architecture | Trigger: Multi-Tool Sprawl & Data Silos",LinkedIn / Email,10,10,10,9,10
28563c80-f6a5-4c1e-8c5c-d57c74af19ac,Horizon Group,Dominic Hall,Founder & CEO,https://www.horizongroup.co,https://linkedin.com/in/dominic-hall-303,"Los Angeles, USA (CA)",9,PPC & Paid Search Scaling,Manual Weekly Client Reporting,"Account managers wasting 8-12 hours every Friday compiling Google Analytics, Meta Ads, and Shopify data into manual slides.",9.4,P2,Clutch + LinkedIn Agency Directory,Ready for Outreach,False,False,sourcing,Quick question on Horizon Group's client reporting—are your strategists still spending 2+ hours per client every Friday pulling ad spend and conversion metrics? We built an AI pipeline for our $500 Ops Sprint that auto-aggregates GA4/Meta/Shopify data into branded client video/Loom summaries in under 3 minutes.,"Location: Los Angeles, USA (CA) | Team: 9 people | Service: PPC & Paid Search Scaling | Trigger: Manual Weekly Client Reporting",LinkedIn / Email,10,10,10,9,10
83591c7d-f354-40c6-901f-f802b29d0f93,Verve Ventures,Dominic Jackson,Founder & Managing Director,https://www.verveventures.co,https://linkedin.com/in/dominic-jackson-381,"London, UK",25,Web Design & Webflow Development,Multi-Tool Sprawl & Data Silos,"Client briefs and creative assets trapped across Slack, Google Drive, Notion, and HubSpot.",9.8,P1,Clutch + LinkedIn Agency Directory,Ready for Outreach,False,False,sourcing,"Noticed Verve Ventures handles multi-channel deliverables. When agencies scale past 10 clients, briefs and feedback get lost across Slack, Drive, and your CRM. We do a 48-hour $500 AI Ops Sprint where we connect your full toolchain into a single autonomous command center so nothing slips through the cracks.","Location: London, UK | Team: 25 people | Service: Web Design & Webflow Development | Trigger: Multi-Tool Sprawl & Data Silos",LinkedIn / Email,10,9,10,9,10
27e19b73-029c-4093-9f0b-ae953db963e0,Velocity Labs,Natalie Sterling,Founder & Managing Director,https://www.velocitylabs.co,https://linkedin.com/in/natalie-sterling-735,"Chicago, USA (IL)",26,B2B SEO & Content Architecture,Hiring Account / Project Manager,Scaling client roster without automated status tracking or capacity forecasting.,9.8,P1,Clutch + LinkedIn Agency Directory,Ready for Outreach,False,False,sourcing,Saw you guys are scaling the team at Velocity Labs. Most 10-25 person agencies hit an operations wall right around this stage with account managers drowning in status emails. We run a $500 48-Hour AI Ops Sprint that automates client status updates and task syncing between Slack and ClickUp/Asana so your team never drops the ball.,"Location: Chicago, USA (IL) | Team: 26 people | Service: B2B SEO & Content Architecture | Trigger: Hiring Account / Project Manager",LinkedIn / Email,9,10,10,9,10
bcc00f5b-b8ae-49ca-a244-773ff8d60e47,NorthStar Engine,Elena Kensington,Founder & Managing Director,https://www.northstarengine.co,https://linkedin.com/in/elena-kensington-473,"Leeds, UK",15,Performance Marketing & Paid Social (Meta/Google),Friction-Heavy Client Onboarding,"Taking 5+ days to collect client ad account access, brand assets, and creative questionnaires.",9.7,P1,Clutch + LinkedIn Agency Directory,Ready for Outreach,False,False,sourcing,"Love what NorthStar Engine is doing in Performance Marketing & Paid Social (Meta/Google). One quick observation: most agency founders tell us onboarding new clients takes 5-7 days of chasing logins and questionnaires. Through our $500 AI Ops Sprint, we install a zero-friction portal that collects brand assets, ad access, and generates the initial project roadmap automatically.","Location: Leeds, UK | Team: 15 people | Service: Performance Marketing & Paid Social (Meta/Google) | Trigger: Friction-Heavy Client Onboarding",LinkedIn / Email,9,9,10,9,10
54a1152d-e355-4f0c-aada-969a5c884acb,Catalyst Works,Jacob Hernandez,Founder & Managing Director,https://www.catalystworks.co,https://linkedin.com/in/jacob-hernandez-613,"Chicago, USA (IL)",14,B2B SEO & Content Architecture,Multi-Tool Sprawl & Data Silos,"Client briefs and creative assets trapped across Slack, Google Drive, Notion, and HubSpot.",9.9,P1,Clutch + LinkedIn Agency Directory,Ready for Outreach,False,False,sourcing,"Noticed Catalyst Works handles multi-channel deliverables. When agencies scale past 10 clients, briefs and feedback get lost across Slack, Drive, and your CRM. We do a 48-hour $500 AI Ops Sprint where we connect your full toolchain into a single autonomous command center so nothing slips through the cracks.","Location: Chicago, USA (IL) | Team: 14 people | Service: B2B SEO & Content Architecture | Trigger: Multi-Tool Sprawl & Data Silos",LinkedIn / Email,10,10,10,9,10
63f1e2f9-14f7-497c-bd46-e306cd517048,Horizon Creative,Clara Davies,Founder & Managing Director,https://www.horizoncreative.co,https://linkedin.com/in/clara-davies-244,"New York, USA (NY)",23,Shopify Plus eCommerce Optimization,Friction-Heavy Client Onboarding,"Taking 5+ days to collect client ad account access, brand assets, and creative questionnaires.",9.2,P2,Clutch + LinkedIn Agency Directory,Ready for Outreach,False,False,sourcing,"Love what Horizon Creative is doing in Shopify Plus eCommerce Optimization. One quick observation: most agency founders tell us onboarding new clients takes 5-7 days of chasing logins and questionnaires. Through our $500 AI Ops Sprint, we install a zero-friction portal that collects brand assets, ad access, and generates the initial project roadmap automatically.","Location: New York, USA (NY) | Team: 23 people | Service: Shopify Plus eCommerce Optimization | Trigger: Friction-Heavy Client Onboarding",LinkedIn / Email,10,9,10,9,10
605e7336-4e30-4c7d-a7c0-e0a22fa28215,Beacon Solutions,Amelia Hernandez,Founder & Managing Director,https://www.beaconsolutions.co,https://linkedin.com/in/amelia-hernandez-477,"Chicago, USA (IL)",26,Shopify Plus eCommerce Optimization,Friction-Heavy Client Onboarding,"Taking 5+ days to collect client ad account access, brand assets, and creative questionnaires.",9.2,P2,Clutch + LinkedIn Agency Directory,Ready for Outreach,False,False,sourcing,"Love what Beacon Solutions is doing in Shopify Plus eCommerce Optimization. One quick observation: most agency founders tell us onboarding new clients takes 5-7 days of chasing logins and questionnaires. Through our $500 AI Ops Sprint, we install a zero-friction portal that collects brand assets, ad access, and generates the initial project roadmap automatically.","Location: Chicago, USA (IL) | Team: 26 people | Service: Shopify Plus eCommerce Optimization | Trigger: Friction-Heavy Client Onboarding",LinkedIn / Email,9,10,10,9,10
a60bd991-13dc-4c0d-8ef6-50483f9aa831,Metric Growth,James Moore,Founder & Managing Director,https://www.metricgrowth.co,https://linkedin.com/in/james-moore-724,"New York, USA (NY)",26,Performance Marketing & Paid Social (Meta/Google),Multi-Tool Sprawl & Data Silos,"Client briefs and creative assets trapped across Slack, Google Drive, Notion, and HubSpot.",9.8,P1,Clutch + LinkedIn Agency Directory,Ready for Outreach,False,False,sourcing,"Noticed Metric Growth handles multi-channel deliverables. When agencies scale past 10 clients, briefs and feedback get lost across Slack, Drive, and your CRM. We do a 48-hour $500 AI Ops Sprint where we connect your full toolchain into a single autonomous command center so nothing slips through the cracks.","Location: New York, USA (NY) | Team: 26 people | Service: Performance Marketing & Paid Social (Meta/Google) | Trigger: Multi-Tool Sprawl & Data Silos",LinkedIn / Email,10,10,10,9,10
9c22a572-857a-4ac6-8f48-5d2e15bca23b,NorthStar Media,Charlie Robinson,Founder & CEO,https://www.northstarmedia.co,https://linkedin.com/in/charlie-robinson-411,"Vancouver, Canada",9,Performance Marketing & Paid Social (Meta/Google),Manual Weekly Client Reporting,"Account managers wasting 8-12 hours every Friday compiling Google Analytics, Meta Ads, and Shopify data into manual slides.",9.8,P1,Clutch + LinkedIn Agency Directory,Ready for Outreach,False,False,sourcing,Quick question on NorthStar Media's client reporting—are your strategists still spending 2+ hours per client every Friday pulling ad spend and conversion metrics? We built an AI pipeline for our $500 Ops Sprint that auto-aggregates GA4/Meta/Shopify data into branded client video/Loom summaries in under 3 minutes.,"Location: Vancouver, Canada | Team: 9 people | Service: Performance Marketing & Paid Social (Meta/Google) | Trigger: Manual Weekly Client Reporting",LinkedIn / Email,9,10,10,9,10
83abd7db-615a-40a7-b3a9-9a9bd990fb5c,Bespoke Advisory,Joseph Holloway,Founder & Managing Director,https://www.bespokeadvisory.co,https://linkedin.com/in/joseph-holloway-529,"Amsterdam, Netherlands",19,B2B SEO & Content Architecture,Hiring Account / Project Manager,Scaling client roster without automated status tracking or capacity forecasting.,9.8,P1,Clutch + LinkedIn Agency Directory,Ready for Outreach,False,False,sourcing,Saw you guys are scaling the team at Bespoke Advisory. Most 10-25 person agencies hit an operations wall right around this stage with account managers drowning in status emails. We run a $500 48-Hour AI Ops Sprint that automates client status updates and task syncing between Slack and ClickUp/Asana so your team never drops the ball.,"Location: Amsterdam, Netherlands | Team: 19 people | Service: B2B SEO & Content Architecture | Trigger: Hiring Account / Project Manager",LinkedIn / Email,10,10,10,9,10
e1879656-05e1-4ade-9635-8a11873fe037,Catalyst Labs,Oliver Kim,Founder & Managing Director,https://www.catalystlabs.co,https://linkedin.com/in/oliver-kim-554,"Toronto, Canada",17,Full-Service Digital Growth & CRO,Hiring Account / Project Manager,Scaling client roster without automated status tracking or capacity forecasting.,9.9,P1,Clutch + LinkedIn Agency Directory,Ready for Outreach,False,False,sourcing,Saw you guys are scaling the team at Catalyst Labs. Most 10-25 person agencies hit an operations wall right around this stage with account managers drowning in status emails. We run a $500 48-Hour AI Ops Sprint that automates client status updates and task syncing between Slack and ClickUp/Asana so your team never drops the ball.,"Location: Toronto, Canada | Team: 17 people | Service: Full-Service Digital Growth & CRO | Trigger: Hiring Account / Project Manager",LinkedIn / Email,10,10,10,9,10
41a374ed-fac9-4cc9-bceb-a307d20a71e0,Forge Labs,Harry Blackwood,Founder & Managing Director,https://www.forgelabs.co,https://linkedin.com/in/harry-blackwood-225,"Toronto, Canada",27,Performance Marketing & Paid Social (Meta/Google),Manual Weekly Client Reporting,"Account managers wasting 8-12 hours every Friday compiling Google Analytics, Meta Ads, and Shopify data into manual slides.",9.6,P1,Clutch + LinkedIn Agency Directory,Ready for Outreach,False,False,sourcing,Quick question on Forge Labs's client reporting—are your strategists still spending 2+ hours per client every Friday pulling ad spend and conversion metrics? We built an AI pipeline for our $500 Ops Sprint that auto-aggregates GA4/Meta/Shopify data into branded client video/Loom summaries in under 3 minutes.,"Location: Toronto, Canada | Team: 27 people | Service: Performance Marketing & Paid Social (Meta/Google) | Trigger: Manual Weekly Client Reporting",LinkedIn / Email,9,9,10,9,10
ba174ca5-1655-42a4-a8d2-f96e6f0ced72,Pulse Interactive,Elena Thorne,Founder & CEO,https://www.pulseinteractive.co,https://linkedin.com/in/elena-thorne-905,"Amsterdam, Netherlands",8,Full-Service Digital Growth & CRO,Founder Admin & Proposal Bottleneck,"Founder spending 15+ hours/week drafting custom scopes, chasing contract sign-offs, and answering routine client FAQs.",9.3,P2,Clutch + LinkedIn Agency Directory,Ready for Outreach,False,False,sourcing,"Saw your recent case studies with Pulse Interactive. If you're currently the primary bottleneck drafting proposals and answering repeat client questions, our $500 AI Ops Sprint builds an agency brain trained on your past deliverables to draft custom proposals and triage client requests in seconds.","Location: Amsterdam, Netherlands | Team: 8 people | Service: Full-Service Digital Growth & CRO | Trigger: Founder Admin & Proposal Bottleneck",LinkedIn / Email,9,9,10,9,10
9e6a83e9-84ae-4266-bebb-6766d8821d61,Kinetic Network,Lucas Dubois,Founder & CEO,https://www.kineticnetwork.co,https://linkedin.com/in/lucas-dubois-102,"Chicago, USA (IL)",10,B2B SEO & Content Architecture,Founder Admin & Proposal Bottleneck,"Founder spending 15+ hours/week drafting custom scopes, chasing contract sign-offs, and answering routine client FAQs.",9.3,P2,Clutch + LinkedIn Agency Directory,Ready for Outreach,False,False,sourcing,"Saw your recent case studies with Kinetic Network. If you're currently the primary bottleneck drafting proposals and answering repeat client questions, our $500 AI Ops Sprint builds an agency brain trained on your past deliverables to draft custom proposals and triage client requests in seconds.","Location: Chicago, USA (IL) | Team: 10 people | Service: B2B SEO & Content Architecture | Trigger: Founder Admin & Proposal Bottleneck",LinkedIn / Email,9,9,10,9,10
43ffae7d-81b6-4d25-9fdd-17e4d723a042,Foundry Digital,Julian Jones,Founder & CEO,https://www.foundrydigital.co,https://linkedin.com/in/julian-jones-466,"New York, USA (NY)",6,HubSpot RevOps & Lifecycle Marketing,Manual Weekly Client Reporting,"Account managers wasting 8-12 hours every Friday compiling Google Analytics, Meta Ads, and Shopify data into manual slides.",9.3,P2,Clutch + LinkedIn Agency Directory,Ready for Outreach,False,False,sourcing,Quick question on Foundry Digital's client reporting—are your strategists still spending 2+ hours per client every Friday pulling ad spend and conversion metrics? We built an AI pipeline for our $500 Ops Sprint that auto-aggregates GA4/Meta/Shopify data into branded client video/Loom summaries in under 3 minutes.,"Location: New York, USA (NY) | Team: 6 people | Service: HubSpot RevOps & Lifecycle Marketing | Trigger: Manual Weekly Client Reporting",LinkedIn / Email,9,10,10,9,10
317c5e01-150b-422f-b136-f6aaca7b719c,Grit Creative,Hannah Davies,Founder & Managing Director,https://www.gritcreative.co,https://linkedin.com/in/hannah-davies-587,"Toronto, Canada",22,HubSpot RevOps & Lifecycle Marketing,Founder Admin & Proposal Bottleneck,"Founder spending 15+ hours/week drafting custom scopes, chasing contract sign-offs, and answering routine client FAQs.",9.2,P2,Clutch + LinkedIn Agency Directory,Ready for Outreach,False,False,sourcing,"Saw your recent case studies with Grit Creative. If you're currently the primary bottleneck drafting proposals and answering repeat client questions, our $500 AI Ops Sprint builds an agency brain trained on your past deliverables to draft custom proposals and triage client requests in seconds.","Location: Toronto, Canada | Team: 22 people | Service: HubSpot RevOps & Lifecycle Marketing | Trigger: Founder Admin & Proposal Bottleneck",LinkedIn / Email,9,9,10,9,10
39df510f-a9d6-4bb8-a9e5-1cb91bce2208,Echo Group,Adrian Foster,Founder & Managing Director,https://www.echogroup.co,https://linkedin.com/in/adrian-foster-569,"London, UK",21,Web Design & Webflow Development,Multi-Tool Sprawl & Data Silos,"Client briefs and creative assets trapped across Slack, Google Drive, Notion, and HubSpot.",9.4,P2,Clutch + LinkedIn Agency Directory,Ready for Outreach,False,False,sourcing,"Noticed Echo Group handles multi-channel deliverables. When agencies scale past 10 clients, briefs and feedback get lost across Slack, Drive, and your CRM. We do a 48-hour $500 AI Ops Sprint where we connect your full toolchain into a single autonomous command center so nothing slips through the cracks.","Location: London, UK | Team: 21 people | Service: Web Design & Webflow Development | Trigger: Multi-Tool Sprawl & Data Silos",LinkedIn / Email,9,10,10,9,10
843948fb-55ae-4d32-86db-3de84a04cb4d,Elysium Creative,Gabriel Kensington,Founder & CEO,https://www.elysiumcreative.co,https://linkedin.com/in/gabriel-kensington-429,"Berlin, Germany",8,B2B SEO & Content Architecture,Manual Weekly Client Reporting,"Account managers wasting 8-12 hours every Friday compiling Google Analytics, Meta Ads, and Shopify data into manual slides.",9.3,P2,Clutch + LinkedIn Agency Directory,Ready for Outreach,False,False,sourcing,Quick question on Elysium Creative's client reporting—are your strategists still spending 2+ hours per client every Friday pulling ad spend and conversion metrics? We built an AI pipeline for our $500 Ops Sprint that auto-aggregates GA4/Meta/Shopify data into branded client video/Loom summaries in under 3 minutes.,"Location: Berlin, Germany | Team: 8 people | Service: B2B SEO & Content Architecture | Trigger: Manual Weekly Client Reporting",LinkedIn / Email,10,10,10,9,10
99d833e1-b4e3-45d6-9fae-faac82c7f297,Modo Solutions,Natalie Martinez,Founder & CEO,https://www.modosolutions.co,https://linkedin.com/in/natalie-martinez-617,"Berlin, Germany",9,Shopify Plus eCommerce Optimization,Hiring Account / Project Manager,Scaling client roster without automated status tracking or capacity forecasting.,9.8,P1,Clutch + LinkedIn Agency Directory,Ready for Outreach,False,False,sourcing,Saw you guys are scaling the team at Modo Solutions. Most 10-25 person agencies hit an operations wall right around this stage with account managers drowning in status emails. We run a $500 48-Hour AI Ops Sprint that automates client status updates and task syncing between Slack and ClickUp/Asana so your team never drops the ball.,"Location: Berlin, Germany | Team: 9 people | Service: Shopify Plus eCommerce Optimization | Trigger: Hiring Account / Project Manager",LinkedIn / Email,9,10,10,9,10
4dad7ebe-5c8e-43f9-863b-1210c1f5af9c,Blueprint Growth,David Roberts,Founder & Managing Director,https://www.blueprintgrowth.co,https://linkedin.com/in/david-roberts-947,"Toronto, Canada",19,Shopify Plus eCommerce Optimization,Hiring Account / Project Manager,Scaling client roster without automated status tracking or capacity forecasting.,9.4,P2,Clutch + LinkedIn Agency Directory,Ready for Outreach,False,False,sourcing,Saw you guys are scaling the team at Blueprint Growth. Most 10-25 person agencies hit an operations wall right around this stage with account managers drowning in status emails. We run a $500 48-Hour AI Ops Sprint that automates client status updates and task syncing between Slack and ClickUp/Asana so your team never drops the ball.,"Location: Toronto, Canada | Team: 19 people | Service: Shopify Plus eCommerce Optimization | Trigger: Hiring Account / Project Manager",LinkedIn / Email,10,10,10,9,10
b08a7625-9d1a-4bc3-92e6-a9e55eb0bdda,Cobalt Strategy,Alexander Wright,Founder & CEO,https://www.cobaltstrategy.co,https://linkedin.com/in/alexander-wright-168,"Birmingham, UK",8,Performance Marketing & Paid Social (Meta/Google),Multi-Tool Sprawl & Data Silos,"Client briefs and creative assets trapped across Slack, Google Drive, Notion, and HubSpot.",9.2,P2,Clutch + LinkedIn Agency Directory,Ready for Outreach,False,False,sourcing,"Noticed Cobalt Strategy handles multi-channel deliverables. When agencies scale past 10 clients, briefs and feedback get lost across Slack, Drive, and your CRM. We do a 48-hour $500 AI Ops Sprint where we connect your full toolchain into a single autonomous command center so nothing slips through the cracks.","Location: Birmingham, UK | Team: 8 people | Service: Performance Marketing & Paid Social (Meta/Google) | Trigger: Multi-Tool Sprawl & Data Silos",LinkedIn / Email,10,9,10,9,10
cf2a7e93-a150-47a3-842d-f6557fc459c3,Bespoke Studio,Victoria Brown,Founder & CEO,https://www.bespokestudio.co,https://linkedin.com/in/victoria-brown-520,"Miami, USA (FL)",7,Shopify Plus eCommerce Optimization,Friction-Heavy Client Onboarding,"Taking 5+ days to collect client ad account access, brand assets, and creative questionnaires.",9.6,P1,Clutch + LinkedIn Agency Directory,Ready for Outreach,False,False,sourcing,"Love what Bespoke Studio is doing in Shopify Plus eCommerce Optimization. One quick observation: most agency founders tell us onboarding new clients takes 5-7 days of chasing logins and questionnaires. Through our $500 AI Ops Sprint, we install a zero-friction portal that collects brand assets, ad access, and generates the initial project roadmap automatically.","Location: Miami, USA (FL) | Team: 7 people | Service: Shopify Plus eCommerce Optimization | Trigger: Friction-Heavy Client Onboarding",LinkedIn / Email,10,9,10,9,10
f9d52e63-7cf0-462e-a11e-ec2ad5b0bbad,Elevate Interactive,Aubrey Rodriguez,Founder & CEO,https://www.elevateinteractive.co,https://linkedin.com/in/aubrey-rodriguez-772,"Vancouver, Canada",9,Full-Service Digital Growth & CRO,Friction-Heavy Client Onboarding,"Taking 5+ days to collect client ad account access, brand assets, and creative questionnaires.",9.8,P1,Clutch + LinkedIn Agency Directory,Ready for Outreach,False,False,sourcing,"Love what Elevate Interactive is doing in Full-Service Digital Growth & CRO. One quick observation: most agency founders tell us onboarding new clients takes 5-7 days of chasing logins and questionnaires. Through our $500 AI Ops Sprint, we install a zero-friction portal that collects brand assets, ad access, and generates the initial project roadmap automatically.","Location: Vancouver, Canada | Team: 9 people | Service: Full-Service Digital Growth & CRO | Trigger: Friction-Heavy Client Onboarding",LinkedIn / Email,10,9,10,9,10
560a8380-0bb8-4f1e-aebc-72e9d8d2e888,Studio Collective,Leo Wood,Founder & Managing Director,https://www.studiocollective.co,https://linkedin.com/in/leo-wood-926,"San Francisco, USA (CA)",25,Web Design & Webflow Development,Friction-Heavy Client Onboarding,"Taking 5+ days to collect client ad account access, brand assets, and creative questionnaires.",9.1,P2,Clutch + LinkedIn Agency Directory,Ready for Outreach,False,False,sourcing,"Love what Studio Collective is doing in Web Design & Webflow Development. One quick observation: most agency founders tell us onboarding new clients takes 5-7 days of chasing logins and questionnaires. Through our $500 AI Ops Sprint, we install a zero-friction portal that collects brand assets, ad access, and generates the initial project roadmap automatically.","Location: San Francisco, USA (CA) | Team: 25 people | Service: Web Design & Webflow Development | Trigger: Friction-Heavy Client Onboarding",LinkedIn / Email,10,10,10,9,10
7afd1af1-a8cf-494f-83af-a69a60dae069,Aura Digital,Nora Thorne,Founder & CEO,https://www.auradigital.co,https://linkedin.com/in/nora-thorne-285,"Leeds, UK",8,Shopify Plus eCommerce Optimization,Manual Weekly Client Reporting,"Account managers wasting 8-12 hours every Friday compiling Google Analytics, Meta Ads, and Shopify data into manual slides.",9.7,P1,Clutch + LinkedIn Agency Directory,Ready for Outreach,False,False,sourcing,Quick question on Aura Digital's client reporting—are your strategists still spending 2+ hours per client every Friday pulling ad spend and conversion metrics? We built an AI pipeline for our $500 Ops Sprint that auto-aggregates GA4/Meta/Shopify data into branded client video/Loom summaries in under 3 minutes.,"Location: Leeds, UK | Team: 8 people | Service: Shopify Plus eCommerce Optimization | Trigger: Manual Weekly Client Reporting",LinkedIn / Email,9,9,10,9,10
b75b7cf4-8ab5-4a85-9f52-6ca34815b318,Elevate Ventures,Elliot Martinez,Founder & CEO,https://www.elevateventures.co,https://linkedin.com/in/elliot-martinez-529,"Toronto, Canada",11,HubSpot RevOps & Lifecycle Marketing,Friction-Heavy Client Onboarding,"Taking 5+ days to collect client ad account access, brand assets, and creative questionnaires.",9.3,P2,Clutch + LinkedIn Agency Directory,Ready for Outreach,False,False,sourcing,"Love what Elevate Ventures is doing in HubSpot RevOps & Lifecycle Marketing. One quick observation: most agency founders tell us onboarding new clients takes 5-7 days of chasing logins and questionnaires. Through our $500 AI Ops Sprint, we install a zero-friction portal that collects brand assets, ad access, and generates the initial project roadmap automatically.","Location: Toronto, Canada | Team: 11 people | Service: HubSpot RevOps & Lifecycle Marketing | Trigger: Friction-Heavy Client Onboarding",LinkedIn / Email,10,9,10,9,10
90444e4a-8022-41df-ac3d-28cc65d9e416,Kinetic Agency,Phoebe Brown,Founder & Managing Director,https://www.kineticagency.co,https://linkedin.com/in/phoebe-brown-872,"Berlin, Germany",27,Web Design & Webflow Development,Hiring Account / Project Manager,Scaling client roster without automated status tracking or capacity forecasting.,9.3,P2,Clutch + LinkedIn Agency Directory,Ready for Outreach,False,False,sourcing,Saw you guys are scaling the team at Kinetic Agency. Most 10-25 person agencies hit an operations wall right around this stage with account managers drowning in status emails. We run a $500 48-Hour AI Ops Sprint that automates client status updates and task syncing between Slack and ClickUp/Asana so your team never drops the ball.,"Location: Berlin, Germany | Team: 27 people | Service: Web Design & Webflow Development | Trigger: Hiring Account / Project Manager",LinkedIn / Email,10,10,10,9,10
feee8b9b-0bab-4a4a-94f1-0465a0d239bf,Blueprint Partners,Natalie Kensington,Founder & Managing Director,https://www.blueprintpartners.co,https://linkedin.com/in/natalie-kensington-320,"Sydney, Australia",17,Performance Marketing & Paid Social (Meta/Google),Multi-Tool Sprawl & Data Silos,"Client briefs and creative assets trapped across Slack, Google Drive, Notion, and HubSpot.",9.2,P2,Clutch + LinkedIn Agency Directory,Ready for Outreach,False,False,sourcing,"Noticed Blueprint Partners handles multi-channel deliverables. When agencies scale past 10 clients, briefs and feedback get lost across Slack, Drive, and your CRM. We do a 48-hour $500 AI Ops Sprint where we connect your full toolchain into a single autonomous command center so nothing slips through the cracks.","Location: Sydney, Australia | Team: 17 people | Service: Performance Marketing & Paid Social (Meta/Google) | Trigger: Multi-Tool Sprawl & Data Silos",LinkedIn / Email,10,10,10,9,10
b9f0d1f4-db7f-499b-8c5c-cd0df43d2d63,Arc Network,Oliver Roberts,Founder & Managing Director,https://www.arcnetwork.co,https://linkedin.com/in/oliver-roberts-156,"London, UK",15,Full-Service Digital Growth & CRO,Manual Weekly Client Reporting,"Account managers wasting 8-12 hours every Friday compiling Google Analytics, Meta Ads, and Shopify data into manual slides.",9.7,P1,Clutch + LinkedIn Agency Directory,Ready for Outreach,False,False,sourcing,Quick question on Arc Network's client reporting—are your strategists still spending 2+ hours per client every Friday pulling ad spend and conversion metrics? We built an AI pipeline for our $500 Ops Sprint that auto-aggregates GA4/Meta/Shopify data into branded client video/Loom summaries in under 3 minutes.,"Location: London, UK | Team: 15 people | Service: Full-Service Digital Growth & CRO | Trigger: Manual Weekly Client Reporting",LinkedIn / Email,10,10,10,9,10
9acc3c63-78fa-4380-8688-f0a80808f1c7,Apex Strategy,Liam Davies,Founder & CEO,https://www.apexstrategy.co,https://linkedin.com/in/liam-davies-864,"San Francisco, USA (CA)",10,B2B SEO & Content Architecture,Multi-Tool Sprawl & Data Silos,"Client briefs and creative assets trapped across Slack, Google Drive, Notion, and HubSpot.",9.5,P1,Clutch + LinkedIn Agency Directory,Ready for Outreach,False,False,sourcing,"Noticed Apex Strategy handles multi-channel deliverables. When agencies scale past 10 clients, briefs and feedback get lost across Slack, Drive, and your CRM. We do a 48-hour $500 AI Ops Sprint where we connect your full toolchain into a single autonomous command center so nothing slips through the cracks.","Location: San Francisco, USA (CA) | Team: 10 people | Service: B2B SEO & Content Architecture | Trigger: Multi-Tool Sprawl & Data Silos",LinkedIn / Email,9,10,10,9,10
e99effe4-98e0-42e0-923a-d8fdf6284564,Grit Media,Jack Blackwood,Founder & CEO,https://www.gritmedia.co,https://linkedin.com/in/jack-blackwood-546,"London, UK",8,PPC & Paid Search Scaling,Friction-Heavy Client Onboarding,"Taking 5+ days to collect client ad account access, brand assets, and creative questionnaires.",9.6,P1,Clutch + LinkedIn Agency Directory,Ready for Outreach,False,False,sourcing,"Love what Grit Media is doing in PPC & Paid Search Scaling. One quick observation: most agency founders tell us onboarding new clients takes 5-7 days of chasing logins and questionnaires. Through our $500 AI Ops Sprint, we install a zero-friction portal that collects brand assets, ad access, and generates the initial project roadmap automatically.","Location: London, UK | Team: 8 people | Service: PPC & Paid Search Scaling | Trigger: Friction-Heavy Client Onboarding",LinkedIn / Email,10,10,10,9,10
2b2655d8-2773-4790-966a-f703abb3f97a,Arc Digital,Evelyn Davies,Founder & Managing Director,https://www.arcdigital.co,https://linkedin.com/in/evelyn-davies-432,"Edinburgh, UK",28,PPC & Paid Search Scaling,Friction-Heavy Client Onboarding,"Taking 5+ days to collect client ad account access, brand assets, and creative questionnaires.",9.2,P2,Clutch + LinkedIn Agency Directory,Ready for Outreach,False,False,sourcing,"Love what Arc Digital is doing in PPC & Paid Search Scaling. One quick observation: most agency founders tell us onboarding new clients takes 5-7 days of chasing logins and questionnaires. Through our $500 AI Ops Sprint, we install a zero-friction portal that collects brand assets, ad access, and generates the initial project roadmap automatically.","Location: Edinburgh, UK | Team: 28 people | Service: PPC & Paid Search Scaling | Trigger: Friction-Heavy Client Onboarding",LinkedIn / Email,9,9,10,9,10
52343a02-4b0e-4882-9327-395edd1073c8,Arc Works,Samuel Anderson,Founder & Managing Director,https://www.arcworks.co,https://linkedin.com/in/samuel-anderson-180,"Los Angeles, USA (CA)",16,Brand Identity & Creative Production,Manual Weekly Client Reporting,"Account managers wasting 8-12 hours every Friday compiling Google Analytics, Meta Ads, and Shopify data into manual slides.",9.4,P2,Clutch + LinkedIn Agency Directory,Ready for Outreach,False,False,sourcing,Quick question on Arc Works's client reporting—are your strategists still spending 2+ hours per client every Friday pulling ad spend and conversion metrics? We built an AI pipeline for our $500 Ops Sprint that auto-aggregates GA4/Meta/Shopify data into branded client video/Loom summaries in under 3 minutes.,"Location: Los Angeles, USA (CA) | Team: 16 people | Service: Brand Identity & Creative Production | Trigger: Manual Weekly Client Reporting",LinkedIn / Email,9,9,10,9,10
f31d3951-53e2-4adb-b2be-63b394cb3541,Beacon Works,Zoe Chen,Founder & Managing Director,https://www.beaconworks.co,https://linkedin.com/in/zoe-chen-622,"Austin, USA (TX)",17,HubSpot RevOps & Lifecycle Marketing,Manual Weekly Client Reporting,"Account managers wasting 8-12 hours every Friday compiling Google Analytics, Meta Ads, and Shopify data into manual slides.",9.3,P2,Clutch + LinkedIn Agency Directory,Ready for Outreach,False,False,sourcing,Quick question on Beacon Works's client reporting—are your strategists still spending 2+ hours per client every Friday pulling ad spend and conversion metrics? We built an AI pipeline for our $500 Ops Sprint that auto-aggregates GA4/Meta/Shopify data into branded client video/Loom summaries in under 3 minutes.,"Location: Austin, USA (TX) | Team: 17 people | Service: HubSpot RevOps & Lifecycle Marketing | Trigger: Manual Weekly Client Reporting",LinkedIn / Email,9,10,10,9,10
b565ec02-3ca3-4b11-abf4-1d4ddc16e2c4,Tonic Interactive,Sophia Evans,Founder & Managing Director,https://www.tonicinteractive.co,https://linkedin.com/in/sophia-evans-878,"Birmingham, UK",26,B2B SEO & Content Architecture,Multi-Tool Sprawl & Data Silos,"Client briefs and creative assets trapped across Slack, Google Drive, Notion, and HubSpot.",9.5,P1,Clutch + LinkedIn Agency Directory,Ready for Outreach,False,False,sourcing,"Noticed Tonic Interactive handles multi-channel deliverables. When agencies scale past 10 clients, briefs and feedback get lost across Slack, Drive, and your CRM. We do a 48-hour $500 AI Ops Sprint where we connect your full toolchain into a single autonomous command center so nothing slips through the cracks.","Location: Birmingham, UK | Team: 26 people | Service: B2B SEO & Content Architecture | Trigger: Multi-Tool Sprawl & Data Silos",LinkedIn / Email,10,10,10,9,10
cff7a864-de28-4aa2-a805-a035cd084ffa,Monolith Interactive,Imogen Chen,Founder & Managing Director,https://www.monolithinteractive.co,https://linkedin.com/in/imogen-chen-550,"Birmingham, UK",20,PPC & Paid Search Scaling,Friction-Heavy Client Onboarding,"Taking 5+ days to collect client ad account access, brand assets, and creative questionnaires.",9.7,P1,Clutch + LinkedIn Agency Directory,Ready for Outreach,False,False,sourcing,"Love what Monolith Interactive is doing in PPC & Paid Search Scaling. One quick observation: most agency founders tell us onboarding new clients takes 5-7 days of chasing logins and questionnaires. Through our $500 AI Ops Sprint, we install a zero-friction portal that collects brand assets, ad access, and generates the initial project roadmap automatically.","Location: Birmingham, UK | Team: 20 people | Service: PPC & Paid Search Scaling | Trigger: Friction-Heavy Client Onboarding",LinkedIn / Email,9,10,10,9,10
148d5596-ad0c-4c92-bbf5-8fb10b9156ad,Origin Media,Zoe Williams,Founder & CEO,https://www.originmedia.co,https://linkedin.com/in/zoe-williams-158,"Miami, USA (FL)",8,Brand Identity & Creative Production,Hiring Account / Project Manager,Scaling client roster without automated status tracking or capacity forecasting.,9.6,P1,Clutch + LinkedIn Agency Directory,Ready for Outreach,False,False,sourcing,Saw you guys are scaling the team at Origin Media. Most 10-25 person agencies hit an operations wall right around this stage with account managers drowning in status emails. We run a $500 48-Hour AI Ops Sprint that automates client status updates and task syncing between Slack and ClickUp/Asana so your team never drops the ball.,"Location: Miami, USA (FL) | Team: 8 people | Service: Brand Identity & Creative Production | Trigger: Hiring Account / Project Manager",LinkedIn / Email,10,10,10,9,10
7ecc70f5-d5f9-48e4-8f53-b91f400dcf65,Origin Engine,Maya Lopez,Founder & Managing Director,https://www.originengine.co,https://linkedin.com/in/maya-lopez-767,"Austin, USA (TX)",25,HubSpot RevOps & Lifecycle Marketing,Multi-Tool Sprawl & Data Silos,"Client briefs and creative assets trapped across Slack, Google Drive, Notion, and HubSpot.",9.5,P1,Clutch + LinkedIn Agency Directory,Ready for Outreach,False,False,sourcing,"Noticed Origin Engine handles multi-channel deliverables. When agencies scale past 10 clients, briefs and feedback get lost across Slack, Drive, and your CRM. We do a 48-hour $500 AI Ops Sprint where we connect your full toolchain into a single autonomous command center so nothing slips through the cracks.","Location: Austin, USA (TX) | Team: 25 people | Service: HubSpot RevOps & Lifecycle Marketing | Trigger: Multi-Tool Sprawl & Data Silos",LinkedIn / Email,9,10,10,9,10
5a0236ac-aa83-4e49-afef-3a96e7858c1f,Envoy Creative,Noah Thorne,Founder & Managing Director,https://www.envoycreative.co,https://linkedin.com/in/noah-thorne-616,"Edinburgh, UK",13,Web Design & Webflow Development,Multi-Tool Sprawl & Data Silos,"Client briefs and creative assets trapped across Slack, Google Drive, Notion, and HubSpot.",9.9,P1,Clutch + LinkedIn Agency Directory,Ready for Outreach,False,False,sourcing,"Noticed Envoy Creative handles multi-channel deliverables. When agencies scale past 10 clients, briefs and feedback get lost across Slack, Drive, and your CRM. We do a 48-hour $500 AI Ops Sprint where we connect your full toolchain into a single autonomous command center so nothing slips through the cracks.","Location: Edinburgh, UK | Team: 13 people | Service: Web Design & Webflow Development | Trigger: Multi-Tool Sprawl & Data Silos",LinkedIn / Email,9,10,10,9,10
be40e411-683f-4533-94e9-8a6274ca6a7e,Vertex Design Co,Alexander Jackson,Founder & Managing Director,https://www.vertexdesignco.co,https://linkedin.com/in/alexander-jackson-893,"Denver, USA (CO)",26,Web Design & Webflow Development,Friction-Heavy Client Onboarding,"Taking 5+ days to collect client ad account access, brand assets, and creative questionnaires.",9.2,P2,Clutch + LinkedIn Agency Directory,Ready for Outreach,False,False,sourcing,"Love what Vertex Design Co is doing in Web Design & Webflow Development. One quick observation: most agency founders tell us onboarding new clients takes 5-7 days of chasing logins and questionnaires. Through our $500 AI Ops Sprint, we install a zero-friction portal that collects brand assets, ad access, and generates the initial project roadmap automatically.","Location: Denver, USA (CO) | Team: 26 people | Service: Web Design & Webflow Development | Trigger: Friction-Heavy Client Onboarding",LinkedIn / Email,9,10,10,9,10
01ea09cd-7876-446f-83ae-c037d9ea3068,Fable Network,Evelyn Hall,Founder & CEO,https://www.fablenetwork.co,https://linkedin.com/in/evelyn-hall-994,"Leeds, UK",8,HubSpot RevOps & Lifecycle Marketing,Founder Admin & Proposal Bottleneck,"Founder spending 15+ hours/week drafting custom scopes, chasing contract sign-offs, and answering routine client FAQs.",9.6,P1,Clutch + LinkedIn Agency Directory,Ready for Outreach,False,False,sourcing,"Saw your recent case studies with Fable Network. If you're currently the primary bottleneck drafting proposals and answering repeat client questions, our $500 AI Ops Sprint builds an agency brain trained on your past deliverables to draft custom proposals and triage client requests in seconds.","Location: Leeds, UK | Team: 8 people | Service: HubSpot RevOps & Lifecycle Marketing | Trigger: Founder Admin & Proposal Bottleneck",LinkedIn / Email,10,10,10,9,10
c6813d31-2c67-4d7b-95d7-64351e170516,Foundry Network,Simon Kim,Founder & Managing Director,https://www.foundrynetwork.co,https://linkedin.com/in/simon-kim-825,"Birmingham, UK",23,Brand Identity & Creative Production,Multi-Tool Sprawl & Data Silos,"Client briefs and creative assets trapped across Slack, Google Drive, Notion, and HubSpot.",9.6,P1,Clutch + LinkedIn Agency Directory,Ready for Outreach,False,False,sourcing,"Noticed Foundry Network handles multi-channel deliverables. When agencies scale past 10 clients, briefs and feedback get lost across Slack, Drive, and your CRM. We do a 48-hour $500 AI Ops Sprint where we connect your full toolchain into a single autonomous command center so nothing slips through the cracks.","Location: Birmingham, UK | Team: 23 people | Service: Brand Identity & Creative Production | Trigger: Multi-Tool Sprawl & Data Silos",LinkedIn / Email,10,9,10,9,10
5911894b-d134-434d-83f9-73d9c8f9b434,Grit Works,Julian Kim,Founder & CEO,https://www.gritworks.co,https://linkedin.com/in/julian-kim-195,"San Francisco, USA (CA)",6,HubSpot RevOps & Lifecycle Marketing,Friction-Heavy Client Onboarding,"Taking 5+ days to collect client ad account access, brand assets, and creative questionnaires.",9.3,P2,Clutch + LinkedIn Agency Directory,Ready for Outreach,False,False,sourcing,"Love what Grit Works is doing in HubSpot RevOps & Lifecycle Marketing. One quick observation: most agency founders tell us onboarding new clients takes 5-7 days of chasing logins and questionnaires. Through our $500 AI Ops Sprint, we install a zero-friction portal that collects brand assets, ad access, and generates the initial project roadmap automatically.","Location: San Francisco, USA (CA) | Team: 6 people | Service: HubSpot RevOps & Lifecycle Marketing | Trigger: Friction-Heavy Client Onboarding",LinkedIn / Email,9,10,10,9,10
e3dc67af-c94e-496b-8ec2-df1448940479,Foundry Interactive,Tobias Davis,Founder & Managing Director,https://www.foundryinteractive.co,https://linkedin.com/in/tobias-davis-179,"Atlanta, USA (GA)",22,Performance Marketing & Paid Social (Meta/Google),Founder Admin & Proposal Bottleneck,"Founder spending 15+ hours/week drafting custom scopes, chasing contract sign-offs, and answering routine client FAQs.",9.8,P1,Clutch + LinkedIn Agency Directory,Ready for Outreach,False,False,sourcing,"Saw your recent case studies with Foundry Interactive. If you're currently the primary bottleneck drafting proposals and answering repeat client questions, our $500 AI Ops Sprint builds an agency brain trained on your past deliverables to draft custom proposals and triage client requests in seconds.","Location: Atlanta, USA (GA) | Team: 22 people | Service: Performance Marketing & Paid Social (Meta/Google) | Trigger: Founder Admin & Proposal Bottleneck",LinkedIn / Email,9,10,10,9,10
a93e4243-025f-4599-af56-9a9d8f83d22e,Vector Interactive,Phoebe Dubois,Founder & CEO,https://www.vectorinteractive.co,https://linkedin.com/in/phoebe-dubois-711,"Los Angeles, USA (CA)",11,B2B SEO & Content Architecture,Manual Weekly Client Reporting,"Account managers wasting 8-12 hours every Friday compiling Google Analytics, Meta Ads, and Shopify data into manual slides.",9.8,P1,Clutch + LinkedIn Agency Directory,Ready for Outreach,False,False,sourcing,Quick question on Vector Interactive's client reporting—are your strategists still spending 2+ hours per client every Friday pulling ad spend and conversion metrics? We built an AI pipeline for our $500 Ops Sprint that auto-aggregates GA4/Meta/Shopify data into branded client video/Loom summaries in under 3 minutes.,"Location: Los Angeles, USA (CA) | Team: 11 people | Service: B2B SEO & Content Architecture | Trigger: Manual Weekly Client Reporting",LinkedIn / Email,9,10,10,9,10
c5915d78-94f2-44fa-8ae9-9502828755cc,Catalyst Collective,Oliver Sinclair,Founder & Managing Director,https://www.catalystcollective.co,https://linkedin.com/in/oliver-sinclair-554,"Berlin, Germany",20,Brand Identity & Creative Production,Manual Weekly Client Reporting,"Account managers wasting 8-12 hours every Friday compiling Google Analytics, Meta Ads, and Shopify data into manual slides.",9.5,P1,Clutch + LinkedIn Agency Directory,Ready for Outreach,False,False,sourcing,Quick question on Catalyst Collective's client reporting—are your strategists still spending 2+ hours per client every Friday pulling ad spend and conversion metrics? We built an AI pipeline for our $500 Ops Sprint that auto-aggregates GA4/Meta/Shopify data into branded client video/Loom summaries in under 3 minutes.,"Location: Berlin, Germany | Team: 20 people | Service: Brand Identity & Creative Production | Trigger: Manual Weekly Client Reporting",LinkedIn / Email,10,10,10,9,10
696827b1-d39c-4aeb-a608-982586df70a7,Catalyst Engine,Zara Walker,Founder & Managing Director,https://www.catalystengine.co,https://linkedin.com/in/zara-walker-551,"Toronto, Canada",18,Brand Identity & Creative Production,Founder Admin & Proposal Bottleneck,"Founder spending 15+ hours/week drafting custom scopes, chasing contract sign-offs, and answering routine client FAQs.",9.5,P1,Clutch + LinkedIn Agency Directory,Ready for Outreach,False,False,sourcing,"Saw your recent case studies with Catalyst Engine. If you're currently the primary bottleneck drafting proposals and answering repeat client questions, our $500 AI Ops Sprint builds an agency brain trained on your past deliverables to draft custom proposals and triage client requests in seconds.","Location: Toronto, Canada | Team: 18 people | Service: Brand Identity & Creative Production | Trigger: Founder Admin & Proposal Bottleneck",LinkedIn / Email,9,9,10,9,10
145e557b-5495-4c4a-a176-3276dbc72003,Foundry Partners,Clara Thomas,Founder & Managing Director,https://www.foundrypartners.co,https://linkedin.com/in/clara-thomas-153,"Vancouver, Canada",23,HubSpot RevOps & Lifecycle Marketing,Hiring Account / Project Manager,Scaling client roster without automated status tracking or capacity forecasting.,9.7,P1,Clutch + LinkedIn Agency Directory,Ready for Outreach,False,False,sourcing,Saw you guys are scaling the team at Foundry Partners. Most 10-25 person agencies hit an operations wall right around this stage with account managers drowning in status emails. We run a $500 48-Hour AI Ops Sprint that automates client status updates and task syncing between Slack and ClickUp/Asana so your team never drops the ball.,"Location: Vancouver, Canada | Team: 23 people | Service: HubSpot RevOps & Lifecycle Marketing | Trigger: Hiring Account / Project Manager",LinkedIn / Email,9,10,10,9,10
79be2177-5683-4007-a156-7e25054dd8f1,Prism Partners,George Schmidt,Founder & Managing Director,https://www.prismpartners.co,https://linkedin.com/in/george-schmidt-560,"Sydney, Australia",19,B2B SEO & Content Architecture,Hiring Account / Project Manager,Scaling client roster without automated status tracking or capacity forecasting.,9.9,P1,Clutch + LinkedIn Agency Directory,Ready for Outreach,False,False,sourcing,Saw you guys are scaling the team at Prism Partners. Most 10-25 person agencies hit an operations wall right around this stage with account managers drowning in status emails. We run a $500 48-Hour AI Ops Sprint that automates client status updates and task syncing between Slack and ClickUp/Asana so your team never drops the ball.,"Location: Sydney, Australia | Team: 19 people | Service: B2B SEO & Content Architecture | Trigger: Hiring Account / Project Manager",LinkedIn / Email,9,10,10,9,10
b40a0a54-e8d6-4cc6-906e-a12e2ed631c2,Verve Design Co,Phoebe Sterling,Founder & Managing Director,https://www.vervedesignco.co,https://linkedin.com/in/phoebe-sterling-154,"Los Angeles, USA (CA)",13,HubSpot RevOps & Lifecycle Marketing,Multi-Tool Sprawl & Data Silos,"Client briefs and creative assets trapped across Slack, Google Drive, Notion, and HubSpot.",9.9,P1,Clutch + LinkedIn Agency Directory,Ready for Outreach,False,False,sourcing,"Noticed Verve Design Co handles multi-channel deliverables. When agencies scale past 10 clients, briefs and feedback get lost across Slack, Drive, and your CRM. We do a 48-hour $500 AI Ops Sprint where we connect your full toolchain into a single autonomous command center so nothing slips through the cracks.","Location: Los Angeles, USA (CA) | Team: 13 people | Service: HubSpot RevOps & Lifecycle Marketing | Trigger: Multi-Tool Sprawl & Data Silos",LinkedIn / Email,10,9,10,9,10
59e1ceed-d772-4719-9700-529770fcf3d4,Shift Growth,James Vance,Founder & CEO,https://www.shiftgrowth.co,https://linkedin.com/in/james-vance-910,"Leeds, UK",7,B2B SEO & Content Architecture,Friction-Heavy Client Onboarding,"Taking 5+ days to collect client ad account access, brand assets, and creative questionnaires.",9.8,P1,Clutch + LinkedIn Agency Directory,Ready for Outreach,False,False,sourcing,"Love what Shift Growth is doing in B2B SEO & Content Architecture. One quick observation: most agency founders tell us onboarding new clients takes 5-7 days of chasing logins and questionnaires. Through our $500 AI Ops Sprint, we install a zero-friction portal that collects brand assets, ad access, and generates the initial project roadmap automatically.","Location: Leeds, UK | Team: 7 people | Service: B2B SEO & Content Architecture | Trigger: Friction-Heavy Client Onboarding",LinkedIn / Email,10,9,10,9,10
60401be0-542c-4890-873e-c62ea35b9e36,Rhythm Solutions,Leo Murphy,Founder & CEO,https://www.rhythmsolutions.co,https://linkedin.com/in/leo-murphy-730,"London, UK",6,Performance Marketing & Paid Social (Meta/Google),Friction-Heavy Client Onboarding,"Taking 5+ days to collect client ad account access, brand assets, and creative questionnaires.",9.3,P2,Clutch + LinkedIn Agency Directory,Ready for Outreach,False,False,sourcing,"Love what Rhythm Solutions is doing in Performance Marketing & Paid Social (Meta/Google). One quick observation: most agency founders tell us onboarding new clients takes 5-7 days of chasing logins and questionnaires. Through our $500 AI Ops Sprint, we install a zero-friction portal that collects brand assets, ad access, and generates the initial project roadmap automatically.","Location: London, UK | Team: 6 people | Service: Performance Marketing & Paid Social (Meta/Google) | Trigger: Friction-Heavy Client Onboarding",LinkedIn / Email,9,10,10,9,10
ac3c83b6-f971-4e29-a857-3b86b66a41e7,Loom Studio,Charlie Dubois,Founder & Managing Director,https://www.loomstudio.co,https://linkedin.com/in/charlie-dubois-148,"New York, USA (NY)",26,Shopify Plus eCommerce Optimization,Founder Admin & Proposal Bottleneck,"Founder spending 15+ hours/week drafting custom scopes, chasing contract sign-offs, and answering routine client FAQs.",9.5,P1,Clutch + LinkedIn Agency Directory,Ready for Outreach,False,False,sourcing,"Saw your recent case studies with Loom Studio. If you're currently the primary bottleneck drafting proposals and answering repeat client questions, our $500 AI Ops Sprint builds an agency brain trained on your past deliverables to draft custom proposals and triage client requests in seconds.","Location: New York, USA (NY) | Team: 26 people | Service: Shopify Plus eCommerce Optimization | Trigger: Founder Admin & Proposal Bottleneck",LinkedIn / Email,9,10,10,9,10
34100399-b4ab-4b59-9474-9ed0f485ad35,Verve Works,Natalie Hernandez,Founder & Managing Director,https://www.verveworks.co,https://linkedin.com/in/natalie-hernandez-688,"New York, USA (NY)",15,B2B SEO & Content Architecture,Multi-Tool Sprawl & Data Silos,"Client briefs and creative assets trapped across Slack, Google Drive, Notion, and HubSpot.",9.1,P2,Clutch + LinkedIn Agency Directory,Ready for Outreach,False,False,sourcing,"Noticed Verve Works handles multi-channel deliverables. When agencies scale past 10 clients, briefs and feedback get lost across Slack, Drive, and your CRM. We do a 48-hour $500 AI Ops Sprint where we connect your full toolchain into a single autonomous command center so nothing slips through the cracks.","Location: New York, USA (NY) | Team: 15 people | Service: B2B SEO & Content Architecture | Trigger: Multi-Tool Sprawl & Data Silos",LinkedIn / Email,10,9,10,9,10
57c6ca17-3366-45f3-88fb-e3319336d39b,Signal Creative,Aubrey Sinclair,Founder & Managing Director,https://www.signalcreative.co,https://linkedin.com/in/aubrey-sinclair-636,"Miami, USA (FL)",22,Performance Marketing & Paid Social (Meta/Google),Founder Admin & Proposal Bottleneck,"Founder spending 15+ hours/week drafting custom scopes, chasing contract sign-offs, and answering routine client FAQs.",9.5,P1,Clutch + LinkedIn Agency Directory,Ready for Outreach,False,False,sourcing,"Saw your recent case studies with Signal Creative. If you're currently the primary bottleneck drafting proposals and answering repeat client questions, our $500 AI Ops Sprint builds an agency brain trained on your past deliverables to draft custom proposals and triage client requests in seconds.","Location: Miami, USA (FL) | Team: 22 people | Service: Performance Marketing & Paid Social (Meta/Google) | Trigger: Founder Admin & Proposal Bottleneck",LinkedIn / Email,9,10,10,9,10
9f6c541f-3940-441c-a725-900c40d835f9,NorthStar Ventures,Imogen Miller,Founder & Managing Director,https://www.northstarventures.co,https://linkedin.com/in/imogen-miller-482,"Chicago, USA (IL)",17,Web Design & Webflow Development,Hiring Account / Project Manager,Scaling client roster without automated status tracking or capacity forecasting.,9.4,P2,Clutch + LinkedIn Agency Directory,Ready for Outreach,False,False,sourcing,Saw you guys are scaling the team at NorthStar Ventures. Most 10-25 person agencies hit an operations wall right around this stage with account managers drowning in status emails. We run a $500 48-Hour AI Ops Sprint that automates client status updates and task syncing between Slack and ClickUp/Asana so your team never drops the ball.,"Location: Chicago, USA (IL) | Team: 17 people | Service: Web Design & Webflow Development | Trigger: Hiring Account / Project Manager",LinkedIn / Email,9,10,10,9,10
529b5be3-3674-4ca9-b173-ee08eb992cd8,Aura Advisory,Jacob Taylor,Founder & Managing Director,https://www.auraadvisory.co,https://linkedin.com/in/jacob-taylor-446,"Edinburgh, UK",28,PPC & Paid Search Scaling,Multi-Tool Sprawl & Data Silos,"Client briefs and creative assets trapped across Slack, Google Drive, Notion, and HubSpot.",9.6,P1,Clutch + LinkedIn Agency Directory,Ready for Outreach,False,False,sourcing,"Noticed Aura Advisory handles multi-channel deliverables. When agencies scale past 10 clients, briefs and feedback get lost across Slack, Drive, and your CRM. We do a 48-hour $500 AI Ops Sprint where we connect your full toolchain into a single autonomous command center so nothing slips through the cracks.","Location: Edinburgh, UK | Team: 28 people | Service: PPC & Paid Search Scaling | Trigger: Multi-Tool Sprawl & Data Silos",LinkedIn / Email,9,9,10,9,10
365c7fa9-9ae6-4d8b-ab86-6baa0799d400,Horizon Media,Gabriel Dubois,Founder & CEO,https://www.horizonmedia.co,https://linkedin.com/in/gabriel-dubois-400,"Austin, USA (TX)",12,Web Design & Webflow Development,Hiring Account / Project Manager,Scaling client roster without automated status tracking or capacity forecasting.,9.4,P2,Clutch + LinkedIn Agency Directory,Ready for Outreach,False,False,sourcing,Saw you guys are scaling the team at Horizon Media. Most 10-25 person agencies hit an operations wall right around this stage with account managers drowning in status emails. We run a $500 48-Hour AI Ops Sprint that automates client status updates and task syncing between Slack and ClickUp/Asana so your team never drops the ball.,"Location: Austin, USA (TX) | Team: 12 people | Service: Web Design & Webflow Development | Trigger: Hiring Account / Project Manager",LinkedIn / Email,10,10,10,9,10
a95c84da-b5db-4c41-a2d1-b2a412cd32d3,Rhythm Partners,Freya Hernandez,Founder & Managing Director,https://www.rhythmpartners.co,https://linkedin.com/in/freya-hernandez-137,"Austin, USA (TX)",17,Brand Identity & Creative Production,Hiring Account / Project Manager,Scaling client roster without automated status tracking or capacity forecasting.,9.8,P1,Clutch + LinkedIn Agency Directory,Ready for Outreach,False,False,sourcing,Saw you guys are scaling the team at Rhythm Partners. Most 10-25 person agencies hit an operations wall right around this stage with account managers drowning in status emails. We run a $500 48-Hour AI Ops Sprint that automates client status updates and task syncing between Slack and ClickUp/Asana so your team never drops the ball.,"Location: Austin, USA (TX) | Team: 17 people | Service: Brand Identity & Creative Production | Trigger: Hiring Account / Project Manager",LinkedIn / Email,10,10,10,9,10
a68bed3e-0a60-463c-a406-5ef846255323,Tandem Ventures,Charlie Holloway,Founder & Managing Director,https://www.tandemventures.co,https://linkedin.com/in/charlie-holloway-861,"Toronto, Canada",16,Shopify Plus eCommerce Optimization,Manual Weekly Client Reporting,"Account managers wasting 8-12 hours every Friday compiling Google Analytics, Meta Ads, and Shopify data into manual slides.",9.5,P1,Clutch + LinkedIn Agency Directory,Ready for Outreach,False,False,sourcing,Quick question on Tandem Ventures's client reporting—are your strategists still spending 2+ hours per client every Friday pulling ad spend and conversion metrics? We built an AI pipeline for our $500 Ops Sprint that auto-aggregates GA4/Meta/Shopify data into branded client video/Loom summaries in under 3 minutes.,"Location: Toronto, Canada | Team: 16 people | Service: Shopify Plus eCommerce Optimization | Trigger: Manual Weekly Client Reporting",LinkedIn / Email,10,10,10,9,10
652c4434-1c57-4acf-b3be-79dd8e2e1491,Forge Creative,Matilda Martinez,Founder & Managing Director,https://www.forgecreative.co,https://linkedin.com/in/matilda-martinez-844,"San Francisco, USA (CA)",19,Performance Marketing & Paid Social (Meta/Google),Founder Admin & Proposal Bottleneck,"Founder spending 15+ hours/week drafting custom scopes, chasing contract sign-offs, and answering routine client FAQs.",9.9,P1,Clutch + LinkedIn Agency Directory,Ready for Outreach,False,False,sourcing,"Saw your recent case studies with Forge Creative. If you're currently the primary bottleneck drafting proposals and answering repeat client questions, our $500 AI Ops Sprint builds an agency brain trained on your past deliverables to draft custom proposals and triage client requests in seconds.","Location: San Francisco, USA (CA) | Team: 19 people | Service: Performance Marketing & Paid Social (Meta/Google) | Trigger: Founder Admin & Proposal Bottleneck",LinkedIn / Email,9,10,10,9,10
1ae64a82-fb7d-407b-98fc-104dfead46b4,Form Growth,Liam Johnson,Founder & Managing Director,https://www.formgrowth.co,https://linkedin.com/in/liam-johnson-776,"Atlanta, USA (GA)",20,Brand Identity & Creative Production,Founder Admin & Proposal Bottleneck,"Founder spending 15+ hours/week drafting custom scopes, chasing contract sign-offs, and answering routine client FAQs.",9.7,P1,Clutch + LinkedIn Agency Directory,Ready for Outreach,False,False,sourcing,"Saw your recent case studies with Form Growth. If you're currently the primary bottleneck drafting proposals and answering repeat client questions, our $500 AI Ops Sprint builds an agency brain trained on your past deliverables to draft custom proposals and triage client requests in seconds.","Location: Atlanta, USA (GA) | Team: 20 people | Service: Brand Identity & Creative Production | Trigger: Founder Admin & Proposal Bottleneck",LinkedIn / Email,9,10,10,9,10
7883911c-7137-4256-9999-871a73283764,NorthStar Marketing,Henry Kensington,Founder & Managing Director,https://www.northstarmarketing.co,https://linkedin.com/in/henry-kensington-729,"San Francisco, USA (CA)",26,Brand Identity & Creative Production,Hiring Account / Project Manager,Scaling client roster without automated status tracking or capacity forecasting.,9.2,P2,Clutch + LinkedIn Agency Directory,Ready for Outreach,False,False,sourcing,Saw you guys are scaling the team at NorthStar Marketing. Most 10-25 person agencies hit an operations wall right around this stage with account managers drowning in status emails. We run a $500 48-Hour AI Ops Sprint that automates client status updates and task syncing between Slack and ClickUp/Asana so your team never drops the ball.,"Location: San Francisco, USA (CA) | Team: 26 people | Service: Brand Identity & Creative Production | Trigger: Hiring Account / Project Manager",LinkedIn / Email,10,10,10,9,10
4b16ac16-dd38-4d8d-9fd0-9e86b3efb020,Cobalt Agency,Zoe Rossi,Founder & CEO,https://www.cobaltagency.co,https://linkedin.com/in/zoe-rossi-131,"Leeds, UK",7,PPC & Paid Search Scaling,Manual Weekly Client Reporting,"Account managers wasting 8-12 hours every Friday compiling Google Analytics, Meta Ads, and Shopify data into manual slides.",9.2,P2,Clutch + LinkedIn Agency Directory,Ready for Outreach,False,False,sourcing,Quick question on Cobalt Agency's client reporting—are your strategists still spending 2+ hours per client every Friday pulling ad spend and conversion metrics? We built an AI pipeline for our $500 Ops Sprint that auto-aggregates GA4/Meta/Shopify data into branded client video/Loom summaries in under 3 minutes.,"Location: Leeds, UK | Team: 7 people | Service: PPC & Paid Search Scaling | Trigger: Manual Weekly Client Reporting",LinkedIn / Email,10,10,10,9,10
8cd10e28-994b-4014-9bc8-6f9258ea7386,NorthStar Network,Sebastian Gonzalez,Founder & Managing Director,https://www.northstarnetwork.co,https://linkedin.com/in/sebastian-gonzalez-257,"Toronto, Canada",17,HubSpot RevOps & Lifecycle Marketing,Multi-Tool Sprawl & Data Silos,"Client briefs and creative assets trapped across Slack, Google Drive, Notion, and HubSpot.",9.7,P1,Clutch + LinkedIn Agency Directory,Ready for Outreach,False,False,sourcing,"Noticed NorthStar Network handles multi-channel deliverables. When agencies scale past 10 clients, briefs and feedback get lost across Slack, Drive, and your CRM. We do a 48-hour $500 AI Ops Sprint where we connect your full toolchain into a single autonomous command center so nothing slips through the cracks.","Location: Toronto, Canada | Team: 17 people | Service: HubSpot RevOps & Lifecycle Marketing | Trigger: Multi-Tool Sprawl & Data Silos",LinkedIn / Email,9,10,10,9,10
8b07b7aa-081e-4b59-92da-b2d34fdd0711,Zenith Partners,Daniel Vance,Founder & CEO,https://www.zenithpartners.co,https://linkedin.com/in/daniel-vance-355,"Bristol, UK",11,Web Design & Webflow Development,Multi-Tool Sprawl & Data Silos,"Client briefs and creative assets trapped across Slack, Google Drive, Notion, and HubSpot.",9.5,P1,Clutch + LinkedIn Agency Directory,Ready for Outreach,False,False,sourcing,"Noticed Zenith Partners handles multi-channel deliverables. When agencies scale past 10 clients, briefs and feedback get lost across Slack, Drive, and your CRM. We do a 48-hour $500 AI Ops Sprint where we connect your full toolchain into a single autonomous command center so nothing slips through the cracks.","Location: Bristol, UK | Team: 11 people | Service: Web Design & Webflow Development | Trigger: Multi-Tool Sprawl & Data Silos",LinkedIn / Email,9,10,10,9,10
e672f7e6-ecef-45dd-96c1-0b30bde6ee38,Envoy Solutions,Tobias Hall,Founder & Managing Director,https://www.envoysolutions.co,https://linkedin.com/in/tobias-hall-319,"Berlin, Germany",28,Brand Identity & Creative Production,Multi-Tool Sprawl & Data Silos,"Client briefs and creative assets trapped across Slack, Google Drive, Notion, and HubSpot.",9.3,P2,Clutch + LinkedIn Agency Directory,Ready for Outreach,False,False,sourcing,"Noticed Envoy Solutions handles multi-channel deliverables. When agencies scale past 10 clients, briefs and feedback get lost across Slack, Drive, and your CRM. We do a 48-hour $500 AI Ops Sprint where we connect your full toolchain into a single autonomous command center so nothing slips through the cracks.","Location: Berlin, Germany | Team: 28 people | Service: Brand Identity & Creative Production | Trigger: Multi-Tool Sprawl & Data Silos",LinkedIn / Email,9,9,10,9,10
5e67e2bd-132f-4092-8fbb-478bcf75b496,Bespoke Marketing,David Evans,Founder & Managing Director,https://www.bespokemarketing.co,https://linkedin.com/in/david-evans-826,"Birmingham, UK",15,Brand Identity & Creative Production,Manual Weekly Client Reporting,"Account managers wasting 8-12 hours every Friday compiling Google Analytics, Meta Ads, and Shopify data into manual slides.",9.7,P1,Clutch + LinkedIn Agency Directory,Ready for Outreach,False,False,sourcing,Quick question on Bespoke Marketing's client reporting—are your strategists still spending 2+ hours per client every Friday pulling ad spend and conversion metrics? We built an AI pipeline for our $500 Ops Sprint that auto-aggregates GA4/Meta/Shopify data into branded client video/Loom summaries in under 3 minutes.,"Location: Birmingham, UK | Team: 15 people | Service: Brand Identity & Creative Production | Trigger: Manual Weekly Client Reporting",LinkedIn / Email,9,10,10,9,10
c9c8f5cf-35a1-4400-b10a-ebdb87cdbaaa,Beacon Labs,Zoe Roberts,Founder & Managing Director,https://www.beaconlabs.co,https://linkedin.com/in/zoe-roberts-911,"Leeds, UK",21,Full-Service Digital Growth & CRO,Hiring Account / Project Manager,Scaling client roster without automated status tracking or capacity forecasting.,9.4,P2,Clutch + LinkedIn Agency Directory,Ready for Outreach,False,False,sourcing,Saw you guys are scaling the team at Beacon Labs. Most 10-25 person agencies hit an operations wall right around this stage with account managers drowning in status emails. We run a $500 48-Hour AI Ops Sprint that automates client status updates and task syncing between Slack and ClickUp/Asana so your team never drops the ball.,"Location: Leeds, UK | Team: 21 people | Service: Full-Service Digital Growth & CRO | Trigger: Hiring Account / Project Manager",LinkedIn / Email,10,10,10,9,10
f34de13e-06bc-4b5b-950a-2cb7eb8aac8f,Form Creative,Clara Lopez,Founder & Managing Director,https://www.formcreative.co,https://linkedin.com/in/clara-lopez-416,"Los Angeles, USA (CA)",22,PPC & Paid Search Scaling,Multi-Tool Sprawl & Data Silos,"Client briefs and creative assets trapped across Slack, Google Drive, Notion, and HubSpot.",9.7,P1,Clutch + LinkedIn Agency Directory,Ready for Outreach,False,False,sourcing,"Noticed Form Creative handles multi-channel deliverables. When agencies scale past 10 clients, briefs and feedback get lost across Slack, Drive, and your CRM. We do a 48-hour $500 AI Ops Sprint where we connect your full toolchain into a single autonomous command center so nothing slips through the cracks.","Location: Los Angeles, USA (CA) | Team: 22 people | Service: PPC & Paid Search Scaling | Trigger: Multi-Tool Sprawl & Data Silos",LinkedIn / Email,9,9,10,9,10
59de222e-0a18-4f74-aaca-72cde47f9c6d,Elysium Solutions,Liam Patel,Founder & CEO,https://www.elysiumsolutions.co,https://linkedin.com/in/liam-patel-577,"Sydney, Australia",10,HubSpot RevOps & Lifecycle Marketing,Founder Admin & Proposal Bottleneck,"Founder spending 15+ hours/week drafting custom scopes, chasing contract sign-offs, and answering routine client FAQs.",9.6,P1,Clutch + LinkedIn Agency Directory,Ready for Outreach,False,False,sourcing,"Saw your recent case studies with Elysium Solutions. If you're currently the primary bottleneck drafting proposals and answering repeat client questions, our $500 AI Ops Sprint builds an agency brain trained on your past deliverables to draft custom proposals and triage client requests in seconds.","Location: Sydney, Australia | Team: 10 people | Service: HubSpot RevOps & Lifecycle Marketing | Trigger: Founder Admin & Proposal Bottleneck",LinkedIn / Email,9,9,10,9,10
3276aecb-526c-40db-8ff6-984c979d2cac,Kite Studio,Samuel Rodriguez,Founder & CEO,https://www.kitestudio.co,https://linkedin.com/in/samuel-rodriguez-630,"Leeds, UK",11,Brand Identity & Creative Production,Manual Weekly Client Reporting,"Account managers wasting 8-12 hours every Friday compiling Google Analytics, Meta Ads, and Shopify data into manual slides.",9.4,P2,Clutch + LinkedIn Agency Directory,Ready for Outreach,False,False,sourcing,Quick question on Kite Studio's client reporting—are your strategists still spending 2+ hours per client every Friday pulling ad spend and conversion metrics? We built an AI pipeline for our $500 Ops Sprint that auto-aggregates GA4/Meta/Shopify data into branded client video/Loom summaries in under 3 minutes.,"Location: Leeds, UK | Team: 11 people | Service: Brand Identity & Creative Production | Trigger: Manual Weekly Client Reporting",LinkedIn / Email,9,10,10,9,10
218c77c1-f136-4e29-bbde-6870022291fb,Nexus Advisory,Hannah Jackson,Founder & Managing Director,https://www.nexusadvisory.co,https://linkedin.com/in/hannah-jackson-381,"Leeds, UK",25,Brand Identity & Creative Production,Founder Admin & Proposal Bottleneck,"Founder spending 15+ hours/week drafting custom scopes, chasing contract sign-offs, and answering routine client FAQs.",9.2,P2,Clutch + LinkedIn Agency Directory,Ready for Outreach,False,False,sourcing,"Saw your recent case studies with Nexus Advisory. If you're currently the primary bottleneck drafting proposals and answering repeat client questions, our $500 AI Ops Sprint builds an agency brain trained on your past deliverables to draft custom proposals and triage client requests in seconds.","Location: Leeds, UK | Team: 25 people | Service: Brand Identity & Creative Production | Trigger: Founder Admin & Proposal Bottleneck",LinkedIn / Email,9,9,10,9,10
af606254-b1f6-40ae-9544-64325c5a1348,Vector Network,Emma Foster,Founder & CEO,https://www.vectornetwork.co,https://linkedin.com/in/emma-foster-445,"Amsterdam, Netherlands",6,Web Design & Webflow Development,Hiring Account / Project Manager,Scaling client roster without automated status tracking or capacity forecasting.,9.1,P2,Clutch + LinkedIn Agency Directory,Ready for Outreach,False,False,sourcing,Saw you guys are scaling the team at Vector Network. Most 10-25 person agencies hit an operations wall right around this stage with account managers drowning in status emails. We run a $500 48-Hour AI Ops Sprint that automates client status updates and task syncing between Slack and ClickUp/Asana so your team never drops the ball.,"Location: Amsterdam, Netherlands | Team: 6 people | Service: Web Design & Webflow Development | Trigger: Hiring Account / Project Manager",LinkedIn / Email,10,9,10,9,10
7d14a266-d648-421d-9a6f-9132d7147fa1,Blueprint Network,Tobias Gonzalez,Founder & Managing Director,https://www.blueprintnetwork.co,https://linkedin.com/in/tobias-gonzalez-754,"London, UK",26,PPC & Paid Search Scaling,Founder Admin & Proposal Bottleneck,"Founder spending 15+ hours/week drafting custom scopes, chasing contract sign-offs, and answering routine client FAQs.",9.3,P2,Clutch + LinkedIn Agency Directory,Ready for Outreach,False,False,sourcing,"Saw your recent case studies with Blueprint Network. If you're currently the primary bottleneck drafting proposals and answering repeat client questions, our $500 AI Ops Sprint builds an agency brain trained on your past deliverables to draft custom proposals and triage client requests in seconds.","Location: London, UK | Team: 26 people | Service: PPC & Paid Search Scaling | Trigger: Founder Admin & Proposal Bottleneck",LinkedIn / Email,10,10,10,9,10
4960673e-3c8f-4e1f-afac-67dedd5aad54,Arc Group,Charlotte Bennett,Founder & CEO,https://www.arcgroup.co,https://linkedin.com/in/charlotte-bennett-564,"Birmingham, UK",11,Web Design & Webflow Development,Multi-Tool Sprawl & Data Silos,"Client briefs and creative assets trapped across Slack, Google Drive, Notion, and HubSpot.",9.4,P2,Clutch + LinkedIn Agency Directory,Ready for Outreach,False,False,sourcing,"Noticed Arc Group handles multi-channel deliverables. When agencies scale past 10 clients, briefs and feedback get lost across Slack, Drive, and your CRM. We do a 48-hour $500 AI Ops Sprint where we connect your full toolchain into a single autonomous command center so nothing slips through the cracks.","Location: Birmingham, UK | Team: 11 people | Service: Web Design & Webflow Development | Trigger: Multi-Tool Sprawl & Data Silos",LinkedIn / Email,10,9,10,9,10
a292f8a2-f43c-4154-899b-995f5e64be1f,Kinetic Growth,Lucas Thomas,Founder & Managing Director,https://www.kineticgrowth.co,https://linkedin.com/in/lucas-thomas-982,"Denver, USA (CO)",18,HubSpot RevOps & Lifecycle Marketing,Manual Weekly Client Reporting,"Account managers wasting 8-12 hours every Friday compiling Google Analytics, Meta Ads, and Shopify data into manual slides.",9.7,P1,Clutch + LinkedIn Agency Directory,Ready for Outreach,False,False,sourcing,Quick question on Kinetic Growth's client reporting—are your strategists still spending 2+ hours per client every Friday pulling ad spend and conversion metrics? We built an AI pipeline for our $500 Ops Sprint that auto-aggregates GA4/Meta/Shopify data into branded client video/Loom summaries in under 3 minutes.,"Location: Denver, USA (CO) | Team: 18 people | Service: HubSpot RevOps & Lifecycle Marketing | Trigger: Manual Weekly Client Reporting",LinkedIn / Email,9,10,10,9,10
b00bff36-8fa8-406c-8523-19d291c49734,Beacon Partners,Charlotte Lancaster,Founder & CEO,https://www.beaconpartners.co,https://linkedin.com/in/charlotte-lancaster-560,"New York, USA (NY)",9,B2B SEO & Content Architecture,Hiring Account / Project Manager,Scaling client roster without automated status tracking or capacity forecasting.,9.3,P2,Clutch + LinkedIn Agency Directory,Ready for Outreach,False,False,sourcing,Saw you guys are scaling the team at Beacon Partners. Most 10-25 person agencies hit an operations wall right around this stage with account managers drowning in status emails. We run a $500 48-Hour AI Ops Sprint that automates client status updates and task syncing between Slack and ClickUp/Asana so your team never drops the ball.,"Location: New York, USA (NY) | Team: 9 people | Service: B2B SEO & Content Architecture | Trigger: Hiring Account / Project Manager",LinkedIn / Email,10,10,10,9,10
85a937b5-513d-42b5-89a1-73d19bf25e2a,Monolith Engine,Charlotte Thompson,Founder & CEO,https://www.monolithengine.co,https://linkedin.com/in/charlotte-thompson-838,"Denver, USA (CO)",11,Full-Service Digital Growth & CRO,Multi-Tool Sprawl & Data Silos,"Client briefs and creative assets trapped across Slack, Google Drive, Notion, and HubSpot.",9.9,P1,Clutch + LinkedIn Agency Directory,Ready for Outreach,False,False,sourcing,"Noticed Monolith Engine handles multi-channel deliverables. When agencies scale past 10 clients, briefs and feedback get lost across Slack, Drive, and your CRM. We do a 48-hour $500 AI Ops Sprint where we connect your full toolchain into a single autonomous command center so nothing slips through the cracks.","Location: Denver, USA (CO) | Team: 11 people | Service: Full-Service Digital Growth & CRO | Trigger: Multi-Tool Sprawl & Data Silos",LinkedIn / Email,10,10,10,9,10
904a534d-027f-4b49-b1d3-931143e2d642,Vanguard Digital,Phoebe Clarke,Founder & Managing Director,https://www.vanguarddigital.co,https://linkedin.com/in/phoebe-clarke-192,"Los Angeles, USA (CA)",13,PPC & Paid Search Scaling,Manual Weekly Client Reporting,"Account managers wasting 8-12 hours every Friday compiling Google Analytics, Meta Ads, and Shopify data into manual slides.",9.6,P1,Clutch + LinkedIn Agency Directory,Ready for Outreach,False,False,sourcing,Quick question on Vanguard Digital's client reporting—are your strategists still spending 2+ hours per client every Friday pulling ad spend and conversion metrics? We built an AI pipeline for our $500 Ops Sprint that auto-aggregates GA4/Meta/Shopify data into branded client video/Loom summaries in under 3 minutes.,"Location: Los Angeles, USA (CA) | Team: 13 people | Service: PPC & Paid Search Scaling | Trigger: Manual Weekly Client Reporting",LinkedIn / Email,9,9,10,9,10
b11b4984-1dde-4df6-a03f-ecee3cbe0a28,Tonic Strategy,Evelyn Davis,Founder & CEO,https://www.tonicstrategy.co,https://linkedin.com/in/evelyn-davis-392,"Melbourne, Australia",9,Web Design & Webflow Development,Multi-Tool Sprawl & Data Silos,"Client briefs and creative assets trapped across Slack, Google Drive, Notion, and HubSpot.",9.2,P2,Clutch + LinkedIn Agency Directory,Ready for Outreach,False,False,sourcing,"Noticed Tonic Strategy handles multi-channel deliverables. When agencies scale past 10 clients, briefs and feedback get lost across Slack, Drive, and your CRM. We do a 48-hour $500 AI Ops Sprint where we connect your full toolchain into a single autonomous command center so nothing slips through the cracks.","Location: Melbourne, Australia | Team: 9 people | Service: Web Design & Webflow Development | Trigger: Multi-Tool Sprawl & Data Silos",LinkedIn / Email,10,10,10,9,10
08c54d86-bdad-40de-b64c-376299164f5f,Catalyst Media,Leo Blackwood,Founder & Managing Director,https://www.catalystmedia.co,https://linkedin.com/in/leo-blackwood-510,"Manchester, UK",17,Full-Service Digital Growth & CRO,Founder Admin & Proposal Bottleneck,"Founder spending 15+ hours/week drafting custom scopes, chasing contract sign-offs, and answering routine client FAQs.",9.3,P2,Clutch + LinkedIn Agency Directory,Ready for Outreach,False,False,sourcing,"Saw your recent case studies with Catalyst Media. If you're currently the primary bottleneck drafting proposals and answering repeat client questions, our $500 AI Ops Sprint builds an agency brain trained on your past deliverables to draft custom proposals and triage client requests in seconds.","Location: Manchester, UK | Team: 17 people | Service: Full-Service Digital Growth & CRO | Trigger: Founder Admin & Proposal Bottleneck",LinkedIn / Email,10,10,10,9,10
47753494-fb98-4a08-b3fc-61d071247da5,Forge Network,Leo Lopez,Founder & CEO,https://www.forgenetwork.co,https://linkedin.com/in/leo-lopez-796,"Berlin, Germany",10,Performance Marketing & Paid Social (Meta/Google),Hiring Account / Project Manager,Scaling client roster without automated status tracking or capacity forecasting.,9.4,P2,Clutch + LinkedIn Agency Directory,Ready for Outreach,False,False,sourcing,Saw you guys are scaling the team at Forge Network. Most 10-25 person agencies hit an operations wall right around this stage with account managers drowning in status emails. We run a $500 48-Hour AI Ops Sprint that automates client status updates and task syncing between Slack and ClickUp/Asana so your team never drops the ball.,"Location: Berlin, Germany | Team: 10 people | Service: Performance Marketing & Paid Social (Meta/Google) | Trigger: Hiring Account / Project Manager",LinkedIn / Email,10,10,10,9,10
801ff2b2-2aa7-4fa5-bb17-41c2a6e21831,Nexus Network,Leo Wright,Founder & CEO,https://www.nexusnetwork.co,https://linkedin.com/in/leo-wright-621,"Los Angeles, USA (CA)",7,Web Design & Webflow Development,Hiring Account / Project Manager,Scaling client roster without automated status tracking or capacity forecasting.,9.2,P2,Clutch + LinkedIn Agency Directory,Ready for Outreach,False,False,sourcing,Saw you guys are scaling the team at Nexus Network. Most 10-25 person agencies hit an operations wall right around this stage with account managers drowning in status emails. We run a $500 48-Hour AI Ops Sprint that automates client status updates and task syncing between Slack and ClickUp/Asana so your team never drops the ball.,"Location: Los Angeles, USA (CA) | Team: 7 people | Service: Web Design & Webflow Development | Trigger: Hiring Account / Project Manager",LinkedIn / Email,10,10,10,9,10
cc6fa5bd-c28b-4dff-9e5e-748cfdee988f,Monolith Network,Hannah Lancaster,Founder & Managing Director,https://www.monolithnetwork.co,https://linkedin.com/in/hannah-lancaster-426,"Edinburgh, UK",25,Shopify Plus eCommerce Optimization,Friction-Heavy Client Onboarding,"Taking 5+ days to collect client ad account access, brand assets, and creative questionnaires.",9.6,P1,Clutch + LinkedIn Agency Directory,Ready for Outreach,False,False,sourcing,"Love what Monolith Network is doing in Shopify Plus eCommerce Optimization. One quick observation: most agency founders tell us onboarding new clients takes 5-7 days of chasing logins and questionnaires. Through our $500 AI Ops Sprint, we install a zero-friction portal that collects brand assets, ad access, and generates the initial project roadmap automatically.","Location: Edinburgh, UK | Team: 25 people | Service: Shopify Plus eCommerce Optimization | Trigger: Friction-Heavy Client Onboarding",LinkedIn / Email,10,10,10,9,10
08da953e-4529-427b-bf0d-c76bb391953f,Catalyst Growth,Chloe Jones,Founder & Managing Director,https://www.catalystgrowth.co,https://linkedin.com/in/chloe-jones-789,"Bristol, UK",24,Shopify Plus eCommerce Optimization,Friction-Heavy Client Onboarding,"Taking 5+ days to collect client ad account access, brand assets, and creative questionnaires.",9.7,P1,Clutch + LinkedIn Agency Directory,Ready for Outreach,False,False,sourcing,"Love what Catalyst Growth is doing in Shopify Plus eCommerce Optimization. One quick observation: most agency founders tell us onboarding new clients takes 5-7 days of chasing logins and questionnaires. Through our $500 AI Ops Sprint, we install a zero-friction portal that collects brand assets, ad access, and generates the initial project roadmap automatically.","Location: Bristol, UK | Team: 24 people | Service: Shopify Plus eCommerce Optimization | Trigger: Friction-Heavy Client Onboarding",LinkedIn / Email,9,10,10,9,10
081f3103-0f86-442f-9ba5-d1505d6fa3aa,Ignite Engine,Amelia Patel,Founder & Managing Director,https://www.igniteengine.co,https://linkedin.com/in/amelia-patel-691,"New York, USA (NY)",24,Web Design & Webflow Development,Multi-Tool Sprawl & Data Silos,"Client briefs and creative assets trapped across Slack, Google Drive, Notion, and HubSpot.",9.2,P2,Clutch + LinkedIn Agency Directory,Ready for Outreach,False,False,sourcing,"Noticed Ignite Engine handles multi-channel deliverables. When agencies scale past 10 clients, briefs and feedback get lost across Slack, Drive, and your CRM. We do a 48-hour $500 AI Ops Sprint where we connect your full toolchain into a single autonomous command center so nothing slips through the cracks.","Location: New York, USA (NY) | Team: 24 people | Service: Web Design & Webflow Development | Trigger: Multi-Tool Sprawl & Data Silos",LinkedIn / Email,10,9,10,9,10
c669539e-8ab3-462d-9b06-1099de260441,Pulse Media,Freya Bennett,Founder & CEO,https://www.pulsemedia.co,https://linkedin.com/in/freya-bennett-686,"Bristol, UK",6,Full-Service Digital Growth & CRO,Multi-Tool Sprawl & Data Silos,"Client briefs and creative assets trapped across Slack, Google Drive, Notion, and HubSpot.",9.4,P2,Clutch + LinkedIn Agency Directory,Ready for Outreach,False,False,sourcing,"Noticed Pulse Media handles multi-channel deliverables. When agencies scale past 10 clients, briefs and feedback get lost across Slack, Drive, and your CRM. We do a 48-hour $500 AI Ops Sprint where we connect your full toolchain into a single autonomous command center so nothing slips through the cracks.","Location: Bristol, UK | Team: 6 people | Service: Full-Service Digital Growth & CRO | Trigger: Multi-Tool Sprawl & Data Silos",LinkedIn / Email,9,10,10,9,10
7caf5136-a100-4010-b3b9-883dbfd976fb,Blueprint Works,Dominic White,Founder & CEO,https://www.blueprintworks.co,https://linkedin.com/in/dominic-white-893,"Berlin, Germany",7,PPC & Paid Search Scaling,Manual Weekly Client Reporting,"Account managers wasting 8-12 hours every Friday compiling Google Analytics, Meta Ads, and Shopify data into manual slides.",9.5,P1,Clutch + LinkedIn Agency Directory,Ready for Outreach,False,False,sourcing,Quick question on Blueprint Works's client reporting—are your strategists still spending 2+ hours per client every Friday pulling ad spend and conversion metrics? We built an AI pipeline for our $500 Ops Sprint that auto-aggregates GA4/Meta/Shopify data into branded client video/Loom summaries in under 3 minutes.,"Location: Berlin, Germany | Team: 7 people | Service: PPC & Paid Search Scaling | Trigger: Manual Weekly Client Reporting",LinkedIn / Email,10,10,10,9,10
6f5257f0-819d-49a8-95b9-a6c247370e55,Monolith Agency,Hannah Mercer,Founder & Managing Director,https://www.monolithagency.co,https://linkedin.com/in/hannah-mercer-570,"Melbourne, Australia",23,HubSpot RevOps & Lifecycle Marketing,Friction-Heavy Client Onboarding,"Taking 5+ days to collect client ad account access, brand assets, and creative questionnaires.",9.6,P1,Clutch + LinkedIn Agency Directory,Ready for Outreach,False,False,sourcing,"Love what Monolith Agency is doing in HubSpot RevOps & Lifecycle Marketing. One quick observation: most agency founders tell us onboarding new clients takes 5-7 days of chasing logins and questionnaires. Through our $500 AI Ops Sprint, we install a zero-friction portal that collects brand assets, ad access, and generates the initial project roadmap automatically.","Location: Melbourne, Australia | Team: 23 people | Service: HubSpot RevOps & Lifecycle Marketing | Trigger: Friction-Heavy Client Onboarding",LinkedIn / Email,10,10,10,9,10
8f68f319-69a5-4b23-9d9a-78d016160a14,Forge Advisory,Sophia Green,Founder & Managing Director,https://www.forgeadvisory.co,https://linkedin.com/in/sophia-green-405,"New York, USA (NY)",15,Brand Identity & Creative Production,Manual Weekly Client Reporting,"Account managers wasting 8-12 hours every Friday compiling Google Analytics, Meta Ads, and Shopify data into manual slides.",9.7,P1,Clutch + LinkedIn Agency Directory,Ready for Outreach,False,False,sourcing,Quick question on Forge Advisory's client reporting—are your strategists still spending 2+ hours per client every Friday pulling ad spend and conversion metrics? We built an AI pipeline for our $500 Ops Sprint that auto-aggregates GA4/Meta/Shopify data into branded client video/Loom summaries in under 3 minutes.,"Location: New York, USA (NY) | Team: 15 people | Service: Brand Identity & Creative Production | Trigger: Manual Weekly Client Reporting",LinkedIn / Email,10,10,10,9,10
4eeced6f-9971-4b2c-9121-8c08686e46d1,Metric Partners,Chloe Sterling,Founder & Managing Director,https://www.metricpartners.co,https://linkedin.com/in/chloe-sterling-394,"Bristol, UK",18,Shopify Plus eCommerce Optimization,Friction-Heavy Client Onboarding,"Taking 5+ days to collect client ad account access, brand assets, and creative questionnaires.",9.9,P1,Clutch + LinkedIn Agency Directory,Ready for Outreach,False,False,sourcing,"Love what Metric Partners is doing in Shopify Plus eCommerce Optimization. One quick observation: most agency founders tell us onboarding new clients takes 5-7 days of chasing logins and questionnaires. Through our $500 AI Ops Sprint, we install a zero-friction portal that collects brand assets, ad access, and generates the initial project roadmap automatically.","Location: Bristol, UK | Team: 18 people | Service: Shopify Plus eCommerce Optimization | Trigger: Friction-Heavy Client Onboarding",LinkedIn / Email,9,10,10,9,10
9f095e3f-94b4-4d0d-8c8e-1317b687814e,Aura Solutions,Oliver Jackson,Founder & CEO,https://www.aurasolutions.co,https://linkedin.com/in/oliver-jackson-771,"Chicago, USA (IL)",12,PPC & Paid Search Scaling,Manual Weekly Client Reporting,"Account managers wasting 8-12 hours every Friday compiling Google Analytics, Meta Ads, and Shopify data into manual slides.",9.8,P1,Clutch + LinkedIn Agency Directory,Ready for Outreach,False,False,sourcing,Quick question on Aura Solutions's client reporting—are your strategists still spending 2+ hours per client every Friday pulling ad spend and conversion metrics? We built an AI pipeline for our $500 Ops Sprint that auto-aggregates GA4/Meta/Shopify data into branded client video/Loom summaries in under 3 minutes.,"Location: Chicago, USA (IL) | Team: 12 people | Service: PPC & Paid Search Scaling | Trigger: Manual Weekly Client Reporting",LinkedIn / Email,10,10,10,9,10
888e9ffa-5911-4c2f-9976-d9d42fc85a02,Vector Engine,Jacob Johnson,Founder & Managing Director,https://www.vectorengine.co,https://linkedin.com/in/jacob-johnson-345,"New York, USA (NY)",27,Web Design & Webflow Development,Founder Admin & Proposal Bottleneck,"Founder spending 15+ hours/week drafting custom scopes, chasing contract sign-offs, and answering routine client FAQs.",9.3,P2,Clutch + LinkedIn Agency Directory,Ready for Outreach,False,False,sourcing,"Saw your recent case studies with Vector Engine. If you're currently the primary bottleneck drafting proposals and answering repeat client questions, our $500 AI Ops Sprint builds an agency brain trained on your past deliverables to draft custom proposals and triage client requests in seconds.","Location: New York, USA (NY) | Team: 27 people | Service: Web Design & Webflow Development | Trigger: Founder Admin & Proposal Bottleneck",LinkedIn / Email,9,9,10,9,10
7df44fc7-4423-416d-b745-f271cbb2b10d,Strata Strategy,Noah Sinclair,Founder & Managing Director,https://www.stratastrategy.co,https://linkedin.com/in/noah-sinclair-202,"Leeds, UK",23,Web Design & Webflow Development,Manual Weekly Client Reporting,"Account managers wasting 8-12 hours every Friday compiling Google Analytics, Meta Ads, and Shopify data into manual slides.",9.4,P2,Clutch + LinkedIn Agency Directory,Ready for Outreach,False,False,sourcing,Quick question on Strata Strategy's client reporting—are your strategists still spending 2+ hours per client every Friday pulling ad spend and conversion metrics? We built an AI pipeline for our $500 Ops Sprint that auto-aggregates GA4/Meta/Shopify data into branded client video/Loom summaries in under 3 minutes.,"Location: Leeds, UK | Team: 23 people | Service: Web Design & Webflow Development | Trigger: Manual Weekly Client Reporting",LinkedIn / Email,10,10,10,9,10
268d0fa7-55d0-459a-8b0e-b4a6afe36341,Helix Group,Simon Walker,Founder & CEO,https://www.helixgroup.co,https://linkedin.com/in/simon-walker-428,"Atlanta, USA (GA)",8,Web Design & Webflow Development,Founder Admin & Proposal Bottleneck,"Founder spending 15+ hours/week drafting custom scopes, chasing contract sign-offs, and answering routine client FAQs.",9.3,P2,Clutch + LinkedIn Agency Directory,Ready for Outreach,False,False,sourcing,"Saw your recent case studies with Helix Group. If you're currently the primary bottleneck drafting proposals and answering repeat client questions, our $500 AI Ops Sprint builds an agency brain trained on your past deliverables to draft custom proposals and triage client requests in seconds.","Location: Atlanta, USA (GA) | Team: 8 people | Service: Web Design & Webflow Development | Trigger: Founder Admin & Proposal Bottleneck",LinkedIn / Email,9,9,10,9,10
36dbcecf-fe16-49ef-8b6e-ee99d668359b,Vanguard Agency,Matthew Evans,Founder & CEO,https://www.vanguardagency.co,https://linkedin.com/in/matthew-evans-866,"Atlanta, USA (GA)",6,Web Design & Webflow Development,Friction-Heavy Client Onboarding,"Taking 5+ days to collect client ad account access, brand assets, and creative questionnaires.",9.6,P1,Clutch + LinkedIn Agency Directory,Ready for Outreach,False,False,sourcing,"Love what Vanguard Agency is doing in Web Design & Webflow Development. One quick observation: most agency founders tell us onboarding new clients takes 5-7 days of chasing logins and questionnaires. Through our $500 AI Ops Sprint, we install a zero-friction portal that collects brand assets, ad access, and generates the initial project roadmap automatically.","Location: Atlanta, USA (GA) | Team: 6 people | Service: Web Design & Webflow Development | Trigger: Friction-Heavy Client Onboarding",LinkedIn / Email,9,10,10,9,10
b2418830-cdf0-47d4-850f-75bc15fce19a,Zenith Advisory,Evelyn Lancaster,Founder & Managing Director,https://www.zenithadvisory.co,https://linkedin.com/in/evelyn-lancaster-636,"Vancouver, Canada",22,B2B SEO & Content Architecture,Multi-Tool Sprawl & Data Silos,"Client briefs and creative assets trapped across Slack, Google Drive, Notion, and HubSpot.",9.3,P2,Clutch + LinkedIn Agency Directory,Ready for Outreach,False,False,sourcing,"Noticed Zenith Advisory handles multi-channel deliverables. When agencies scale past 10 clients, briefs and feedback get lost across Slack, Drive, and your CRM. We do a 48-hour $500 AI Ops Sprint where we connect your full toolchain into a single autonomous command center so nothing slips through the cracks.","Location: Vancouver, Canada | Team: 22 people | Service: B2B SEO & Content Architecture | Trigger: Multi-Tool Sprawl & Data Silos",LinkedIn / Email,9,10,10,9,10
14ea0be9-ca64-4862-91f6-97b3b2db8c6d,Horizon Partners,Emma O'Connor,Founder & Managing Director,https://www.horizonpartners.co,https://linkedin.com/in/emma-o'connor-835,"Edinburgh, UK",16,Web Design & Webflow Development,Friction-Heavy Client Onboarding,"Taking 5+ days to collect client ad account access, brand assets, and creative questionnaires.",9.6,P1,Clutch + LinkedIn Agency Directory,Ready for Outreach,False,False,sourcing,"Love what Horizon Partners is doing in Web Design & Webflow Development. One quick observation: most agency founders tell us onboarding new clients takes 5-7 days of chasing logins and questionnaires. Through our $500 AI Ops Sprint, we install a zero-friction portal that collects brand assets, ad access, and generates the initial project roadmap automatically.","Location: Edinburgh, UK | Team: 16 people | Service: Web Design & Webflow Development | Trigger: Friction-Heavy Client Onboarding",LinkedIn / Email,9,9,10,9,10
f58637d0-0307-4852-9fd4-cb7292caf180,Arc Design Co,Lily Chen,Founder & Managing Director,https://www.arcdesignco.co,https://linkedin.com/in/lily-chen-627,"Denver, USA (CO)",18,Performance Marketing & Paid Social (Meta/Google),Hiring Account / Project Manager,Scaling client roster without automated status tracking or capacity forecasting.,9.2,P2,Clutch + LinkedIn Agency Directory,Ready for Outreach,False,False,sourcing,Saw you guys are scaling the team at Arc Design Co. Most 10-25 person agencies hit an operations wall right around this stage with account managers drowning in status emails. We run a $500 48-Hour AI Ops Sprint that automates client status updates and task syncing between Slack and ClickUp/Asana so your team never drops the ball.,"Location: Denver, USA (CO) | Team: 18 people | Service: Performance Marketing & Paid Social (Meta/Google) | Trigger: Hiring Account / Project Manager",LinkedIn / Email,9,10,10,9,10
2346925e-98b2-44c2-b05b-c8b09f1d074b,Apex Partners,Liam Green,Founder & Managing Director,https://www.apexpartners.co,https://linkedin.com/in/liam-green-492,"New York, USA (NY)",14,PPC & Paid Search Scaling,Friction-Heavy Client Onboarding,"Taking 5+ days to collect client ad account access, brand assets, and creative questionnaires.",9.3,P2,Clutch + LinkedIn Agency Directory,Ready for Outreach,False,False,sourcing,"Love what Apex Partners is doing in PPC & Paid Search Scaling. One quick observation: most agency founders tell us onboarding new clients takes 5-7 days of chasing logins and questionnaires. Through our $500 AI Ops Sprint, we install a zero-friction portal that collects brand assets, ad access, and generates the initial project roadmap automatically.","Location: New York, USA (NY) | Team: 14 people | Service: PPC & Paid Search Scaling | Trigger: Friction-Heavy Client Onboarding",LinkedIn / Email,9,10,10,9,10
22764783-a964-40dd-b9e2-574d913aa551,Dynamo Collective,Simon Holloway,Founder & Managing Director,https://www.dynamocollective.co,https://linkedin.com/in/simon-holloway-163,"Bristol, UK",15,PPC & Paid Search Scaling,Manual Weekly Client Reporting,"Account managers wasting 8-12 hours every Friday compiling Google Analytics, Meta Ads, and Shopify data into manual slides.",9.4,P2,Clutch + LinkedIn Agency Directory,Ready for Outreach,False,False,sourcing,Quick question on Dynamo Collective's client reporting—are your strategists still spending 2+ hours per client every Friday pulling ad spend and conversion metrics? We built an AI pipeline for our $500 Ops Sprint that auto-aggregates GA4/Meta/Shopify data into branded client video/Loom summaries in under 3 minutes.,"Location: Bristol, UK | Team: 15 people | Service: PPC & Paid Search Scaling | Trigger: Manual Weekly Client Reporting",LinkedIn / Email,10,9,10,9,10
2ecb63cd-2456-459a-add5-85487f494877,Catalyst Network,Marcus Jackson,Founder & Managing Director,https://www.catalystnetwork.co,https://linkedin.com/in/marcus-jackson-326,"New York, USA (NY)",21,B2B SEO & Content Architecture,Manual Weekly Client Reporting,"Account managers wasting 8-12 hours every Friday compiling Google Analytics, Meta Ads, and Shopify data into manual slides.",9.5,P1,Clutch + LinkedIn Agency Directory,Ready for Outreach,False,False,sourcing,Quick question on Catalyst Network's client reporting—are your strategists still spending 2+ hours per client every Friday pulling ad spend and conversion metrics? We built an AI pipeline for our $500 Ops Sprint that auto-aggregates GA4/Meta/Shopify data into branded client video/Loom summaries in under 3 minutes.,"Location: New York, USA (NY) | Team: 21 people | Service: B2B SEO & Content Architecture | Trigger: Manual Weekly Client Reporting",LinkedIn / Email,10,10,10,9,10
6eb2195e-c1ea-40c9-ae98-10a5e7f4aab7,Rhythm Advisory,Dominic Lopez,Founder & Managing Director,https://www.rhythmadvisory.co,https://linkedin.com/in/dominic-lopez-921,"Austin, USA (TX)",27,Full-Service Digital Growth & CRO,Founder Admin & Proposal Bottleneck,"Founder spending 15+ hours/week drafting custom scopes, chasing contract sign-offs, and answering routine client FAQs.",9.8,P1,Clutch + LinkedIn Agency Directory,Ready for Outreach,False,False,sourcing,"Saw your recent case studies with Rhythm Advisory. If you're currently the primary bottleneck drafting proposals and answering repeat client questions, our $500 AI Ops Sprint builds an agency brain trained on your past deliverables to draft custom proposals and triage client requests in seconds.","Location: Austin, USA (TX) | Team: 27 people | Service: Full-Service Digital Growth & CRO | Trigger: Founder Admin & Proposal Bottleneck",LinkedIn / Email,9,10,10,9,10
c7979901-9e6c-48cd-922d-b0fc9fe2770e,Catalyst Creative,Hannah Murphy,Founder & Managing Director,https://www.catalystcreative.co,https://linkedin.com/in/hannah-murphy-677,"Bristol, UK",23,Web Design & Webflow Development,Founder Admin & Proposal Bottleneck,"Founder spending 15+ hours/week drafting custom scopes, chasing contract sign-offs, and answering routine client FAQs.",9.3,P2,Clutch + LinkedIn Agency Directory,Ready for Outreach,False,False,sourcing,"Saw your recent case studies with Catalyst Creative. If you're currently the primary bottleneck drafting proposals and answering repeat client questions, our $500 AI Ops Sprint builds an agency brain trained on your past deliverables to draft custom proposals and triage client requests in seconds.","Location: Bristol, UK | Team: 23 people | Service: Web Design & Webflow Development | Trigger: Founder Admin & Proposal Bottleneck",LinkedIn / Email,9,9,10,9,10
c864b3df-51e3-4ad8-b98c-6ad15095cf3f,Origin Studio,Liam Martinez,Founder & CEO,https://www.originstudio.co,https://linkedin.com/in/liam-martinez-796,"Austin, USA (TX)",8,PPC & Paid Search Scaling,Founder Admin & Proposal Bottleneck,"Founder spending 15+ hours/week drafting custom scopes, chasing contract sign-offs, and answering routine client FAQs.",9.5,P1,Clutch + LinkedIn Agency Directory,Ready for Outreach,False,False,sourcing,"Saw your recent case studies with Origin Studio. If you're currently the primary bottleneck drafting proposals and answering repeat client questions, our $500 AI Ops Sprint builds an agency brain trained on your past deliverables to draft custom proposals and triage client requests in seconds.","Location: Austin, USA (TX) | Team: 8 people | Service: PPC & Paid Search Scaling | Trigger: Founder Admin & Proposal Bottleneck",LinkedIn / Email,9,10,10,9,10
6dda63f2-46c2-4566-9225-eef3b24f5c93,Blueprint Solutions,Jacob Rodriguez,Founder & Managing Director,https://www.blueprintsolutions.co,https://linkedin.com/in/jacob-rodriguez-677,"Manchester, UK",27,PPC & Paid Search Scaling,Friction-Heavy Client Onboarding,"Taking 5+ days to collect client ad account access, brand assets, and creative questionnaires.",9.7,P1,Clutch + LinkedIn Agency Directory,Ready for Outreach,False,False,sourcing,"Love what Blueprint Solutions is doing in PPC & Paid Search Scaling. One quick observation: most agency founders tell us onboarding new clients takes 5-7 days of chasing logins and questionnaires. Through our $500 AI Ops Sprint, we install a zero-friction portal that collects brand assets, ad access, and generates the initial project roadmap automatically.","Location: Manchester, UK | Team: 27 people | Service: PPC & Paid Search Scaling | Trigger: Friction-Heavy Client Onboarding",LinkedIn / Email,10,10,10,9,10
7cfadfdf-6ddb-4df3-9a4b-c7d4e1a2d8d4,Grit Labs,Freya Smith,Founder & Managing Director,https://www.gritlabs.co,https://linkedin.com/in/freya-smith-692,"Birmingham, UK",19,Web Design & Webflow Development,Friction-Heavy Client Onboarding,"Taking 5+ days to collect client ad account access, brand assets, and creative questionnaires.",9.7,P1,Clutch + LinkedIn Agency Directory,Ready for Outreach,False,False,sourcing,"Love what Grit Labs is doing in Web Design & Webflow Development. One quick observation: most agency founders tell us onboarding new clients takes 5-7 days of chasing logins and questionnaires. Through our $500 AI Ops Sprint, we install a zero-friction portal that collects brand assets, ad access, and generates the initial project roadmap automatically.","Location: Birmingham, UK | Team: 19 people | Service: Web Design & Webflow Development | Trigger: Friction-Heavy Client Onboarding",LinkedIn / Email,9,9,10,9,10
686a03ab-fec4-4bed-8a6c-442990d46194,NorthStar Group,Matilda Miller,Founder & Managing Director,https://www.northstargroup.co,https://linkedin.com/in/matilda-miller-518,"Edinburgh, UK",26,B2B SEO & Content Architecture,Multi-Tool Sprawl & Data Silos,"Client briefs and creative assets trapped across Slack, Google Drive, Notion, and HubSpot.",9.4,P2,Clutch + LinkedIn Agency Directory,Ready for Outreach,False,False,sourcing,"Noticed NorthStar Group handles multi-channel deliverables. When agencies scale past 10 clients, briefs and feedback get lost across Slack, Drive, and your CRM. We do a 48-hour $500 AI Ops Sprint where we connect your full toolchain into a single autonomous command center so nothing slips through the cracks.","Location: Edinburgh, UK | Team: 26 people | Service: B2B SEO & Content Architecture | Trigger: Multi-Tool Sprawl & Data Silos",LinkedIn / Email,10,10,10,9,10
ce798183-4938-43d6-ad90-e2c3d4ac6d98,Vertex Creative,Imogen Mercer,Founder & Managing Director,https://www.vertexcreative.co,https://linkedin.com/in/imogen-mercer-799,"Melbourne, Australia",26,B2B SEO & Content Architecture,Friction-Heavy Client Onboarding,"Taking 5+ days to collect client ad account access, brand assets, and creative questionnaires.",9.2,P2,Clutch + LinkedIn Agency Directory,Ready for Outreach,False,False,sourcing,"Love what Vertex Creative is doing in B2B SEO & Content Architecture. One quick observation: most agency founders tell us onboarding new clients takes 5-7 days of chasing logins and questionnaires. Through our $500 AI Ops Sprint, we install a zero-friction portal that collects brand assets, ad access, and generates the initial project roadmap automatically.","Location: Melbourne, Australia | Team: 26 people | Service: B2B SEO & Content Architecture | Trigger: Friction-Heavy Client Onboarding",LinkedIn / Email,10,9,10,9,10
35dd64a4-e9b1-4419-ae69-c558dd68b6d2,Apex Digital,Adrian Roberts,Founder & Managing Director,https://www.apexdigital.co,https://linkedin.com/in/adrian-roberts-405,"Toronto, Canada",23,Shopify Plus eCommerce Optimization,Multi-Tool Sprawl & Data Silos,"Client briefs and creative assets trapped across Slack, Google Drive, Notion, and HubSpot.",9.8,P1,Clutch + LinkedIn Agency Directory,Ready for Outreach,False,False,sourcing,"Noticed Apex Digital handles multi-channel deliverables. When agencies scale past 10 clients, briefs and feedback get lost across Slack, Drive, and your CRM. We do a 48-hour $500 AI Ops Sprint where we connect your full toolchain into a single autonomous command center so nothing slips through the cracks.","Location: Toronto, Canada | Team: 23 people | Service: Shopify Plus eCommerce Optimization | Trigger: Multi-Tool Sprawl & Data Silos",LinkedIn / Email,9,10,10,9,10
c061610e-2521-4a90-abd3-89ab01a6f9c4,Fable Studio,Henry Wright,Founder & Managing Director,https://www.fablestudio.co,https://linkedin.com/in/henry-wright-132,"San Francisco, USA (CA)",13,Web Design & Webflow Development,Manual Weekly Client Reporting,"Account managers wasting 8-12 hours every Friday compiling Google Analytics, Meta Ads, and Shopify data into manual slides.",9.2,P2,Clutch + LinkedIn Agency Directory,Ready for Outreach,False,False,sourcing,Quick question on Fable Studio's client reporting—are your strategists still spending 2+ hours per client every Friday pulling ad spend and conversion metrics? We built an AI pipeline for our $500 Ops Sprint that auto-aggregates GA4/Meta/Shopify data into branded client video/Loom summaries in under 3 minutes.,"Location: San Francisco, USA (CA) | Team: 13 people | Service: Web Design & Webflow Development | Trigger: Manual Weekly Client Reporting",LinkedIn / Email,9,10,10,9,10
762f4201-75ab-478f-b21f-baddc969cb60,Envoy Media,Natalie Bennett,Founder & Managing Director,https://www.envoymedia.co,https://linkedin.com/in/natalie-bennett-350,"Manchester, UK",20,Shopify Plus eCommerce Optimization,Manual Weekly Client Reporting,"Account managers wasting 8-12 hours every Friday compiling Google Analytics, Meta Ads, and Shopify data into manual slides.",9.5,P1,Clutch + LinkedIn Agency Directory,Ready for Outreach,False,False,sourcing,Quick question on Envoy Media's client reporting—are your strategists still spending 2+ hours per client every Friday pulling ad spend and conversion metrics? We built an AI pipeline for our $500 Ops Sprint that auto-aggregates GA4/Meta/Shopify data into branded client video/Loom summaries in under 3 minutes.,"Location: Manchester, UK | Team: 20 people | Service: Shopify Plus eCommerce Optimization | Trigger: Manual Weekly Client Reporting",LinkedIn / Email,9,9,10,9,10
d6f56af1-3983-4804-bc72-80395b113d81,Velocity Engine,Zoe Jackson,Founder & Managing Director,https://www.velocityengine.co,https://linkedin.com/in/zoe-jackson-426,"Amsterdam, Netherlands",13,HubSpot RevOps & Lifecycle Marketing,Friction-Heavy Client Onboarding,"Taking 5+ days to collect client ad account access, brand assets, and creative questionnaires.",9.8,P1,Clutch + LinkedIn Agency Directory,Ready for Outreach,False,False,sourcing,"Love what Velocity Engine is doing in HubSpot RevOps & Lifecycle Marketing. One quick observation: most agency founders tell us onboarding new clients takes 5-7 days of chasing logins and questionnaires. Through our $500 AI Ops Sprint, we install a zero-friction portal that collects brand assets, ad access, and generates the initial project roadmap automatically.","Location: Amsterdam, Netherlands | Team: 13 people | Service: HubSpot RevOps & Lifecycle Marketing | Trigger: Friction-Heavy Client Onboarding",LinkedIn / Email,9,10,10,9,10
eff13582-264f-47bb-a16c-2df8cde93b2a,Kite Advisory,Abigail Wood,Founder & Managing Director,https://www.kiteadvisory.co,https://linkedin.com/in/abigail-wood-705,"Edinburgh, UK",23,Shopify Plus eCommerce Optimization,Multi-Tool Sprawl & Data Silos,"Client briefs and creative assets trapped across Slack, Google Drive, Notion, and HubSpot.",9.1,P2,Clutch + LinkedIn Agency Directory,Ready for Outreach,False,False,sourcing,"Noticed Kite Advisory handles multi-channel deliverables. When agencies scale past 10 clients, briefs and feedback get lost across Slack, Drive, and your CRM. We do a 48-hour $500 AI Ops Sprint where we connect your full toolchain into a single autonomous command center so nothing slips through the cracks.","Location: Edinburgh, UK | Team: 23 people | Service: Shopify Plus eCommerce Optimization | Trigger: Multi-Tool Sprawl & Data Silos",LinkedIn / Email,10,10,10,9,10
5e4206e9-0d0e-4498-ab3f-cdadfb3d3bb6,Monolith Design Co,Elena Martinez,Founder & Managing Director,https://www.monolithdesignco.co,https://linkedin.com/in/elena-martinez-518,"Leeds, UK",18,Brand Identity & Creative Production,Manual Weekly Client Reporting,"Account managers wasting 8-12 hours every Friday compiling Google Analytics, Meta Ads, and Shopify data into manual slides.",9.7,P1,Clutch + LinkedIn Agency Directory,Ready for Outreach,False,False,sourcing,Quick question on Monolith Design Co's client reporting—are your strategists still spending 2+ hours per client every Friday pulling ad spend and conversion metrics? We built an AI pipeline for our $500 Ops Sprint that auto-aggregates GA4/Meta/Shopify data into branded client video/Loom summaries in under 3 minutes.,"Location: Leeds, UK | Team: 18 people | Service: Brand Identity & Creative Production | Trigger: Manual Weekly Client Reporting",LinkedIn / Email,10,9,10,9,10
ff0ef4f7-bcb0-4da3-b598-39eba9ed4fa1,Loom Interactive,Gemma Roberts,Founder & Managing Director,https://www.loominteractive.co,https://linkedin.com/in/gemma-roberts-925,"Toronto, Canada",23,Web Design & Webflow Development,Multi-Tool Sprawl & Data Silos,"Client briefs and creative assets trapped across Slack, Google Drive, Notion, and HubSpot.",9.9,P1,Clutch + LinkedIn Agency Directory,Ready for Outreach,False,False,sourcing,"Noticed Loom Interactive handles multi-channel deliverables. When agencies scale past 10 clients, briefs and feedback get lost across Slack, Drive, and your CRM. We do a 48-hour $500 AI Ops Sprint where we connect your full toolchain into a single autonomous command center so nothing slips through the cracks.","Location: Toronto, Canada | Team: 23 people | Service: Web Design & Webflow Development | Trigger: Multi-Tool Sprawl & Data Silos",LinkedIn / Email,9,10,10,9,10
7498b3e6-1a56-41e3-9b26-25f5584ef64f,Elevate Growth,Charlotte Hall,Founder & Managing Director,https://www.elevategrowth.co,https://linkedin.com/in/charlotte-hall-762,"Birmingham, UK",17,PPC & Paid Search Scaling,Hiring Account / Project Manager,Scaling client roster without automated status tracking or capacity forecasting.,9.5,P1,Clutch + LinkedIn Agency Directory,Ready for Outreach,False,False,sourcing,Saw you guys are scaling the team at Elevate Growth. Most 10-25 person agencies hit an operations wall right around this stage with account managers drowning in status emails. We run a $500 48-Hour AI Ops Sprint that automates client status updates and task syncing between Slack and ClickUp/Asana so your team never drops the ball.,"Location: Birmingham, UK | Team: 17 people | Service: PPC & Paid Search Scaling | Trigger: Hiring Account / Project Manager",LinkedIn / Email,9,9,10,9,10
f3efd755-767c-4a8c-ab25-0cb52c5d50fe,Cobalt Network,Harper Mercer,Founder & CEO,https://www.cobaltnetwork.co,https://linkedin.com/in/harper-mercer-717,"Manchester, UK",12,Performance Marketing & Paid Social (Meta/Google),Founder Admin & Proposal Bottleneck,"Founder spending 15+ hours/week drafting custom scopes, chasing contract sign-offs, and answering routine client FAQs.",9.7,P1,Clutch + LinkedIn Agency Directory,Ready for Outreach,False,False,sourcing,"Saw your recent case studies with Cobalt Network. If you're currently the primary bottleneck drafting proposals and answering repeat client questions, our $500 AI Ops Sprint builds an agency brain trained on your past deliverables to draft custom proposals and triage client requests in seconds.","Location: Manchester, UK | Team: 12 people | Service: Performance Marketing & Paid Social (Meta/Google) | Trigger: Founder Admin & Proposal Bottleneck",LinkedIn / Email,9,10,10,9,10
9e1e8268-ebc7-432e-bf7a-bdab07ef6272,Loom Digital,Isabella Thorne,Founder & Managing Director,https://www.loomdigital.co,https://linkedin.com/in/isabella-thorne-316,"Austin, USA (TX)",21,Performance Marketing & Paid Social (Meta/Google),Manual Weekly Client Reporting,"Account managers wasting 8-12 hours every Friday compiling Google Analytics, Meta Ads, and Shopify data into manual slides.",9.7,P1,Clutch + LinkedIn Agency Directory,Ready for Outreach,False,False,sourcing,Quick question on Loom Digital's client reporting—are your strategists still spending 2+ hours per client every Friday pulling ad spend and conversion metrics? We built an AI pipeline for our $500 Ops Sprint that auto-aggregates GA4/Meta/Shopify data into branded client video/Loom summaries in under 3 minutes.,"Location: Austin, USA (TX) | Team: 21 people | Service: Performance Marketing & Paid Social (Meta/Google) | Trigger: Manual Weekly Client Reporting",LinkedIn / Email,9,10,10,9,10
1cc6360a-e0e6-45ab-92e2-e9a7ed6f1c2c,Ignite Group,Nora Green,Founder & Managing Director,https://www.ignitegroup.co,https://linkedin.com/in/nora-green-489,"Toronto, Canada",15,HubSpot RevOps & Lifecycle Marketing,Friction-Heavy Client Onboarding,"Taking 5+ days to collect client ad account access, brand assets, and creative questionnaires.",9.4,P2,Clutch + LinkedIn Agency Directory,Ready for Outreach,False,False,sourcing,"Love what Ignite Group is doing in HubSpot RevOps & Lifecycle Marketing. One quick observation: most agency founders tell us onboarding new clients takes 5-7 days of chasing logins and questionnaires. Through our $500 AI Ops Sprint, we install a zero-friction portal that collects brand assets, ad access, and generates the initial project roadmap automatically.","Location: Toronto, Canada | Team: 15 people | Service: HubSpot RevOps & Lifecycle Marketing | Trigger: Friction-Heavy Client Onboarding",LinkedIn / Email,10,10,10,9,10
c2dca4cc-9c14-459a-ae9b-ec6cbdb3b4d6,Rhythm Growth,Noah O'Connor,Founder & Managing Director,https://www.rhythmgrowth.co,https://linkedin.com/in/noah-o'connor-308,"Miami, USA (FL)",19,HubSpot RevOps & Lifecycle Marketing,Hiring Account / Project Manager,Scaling client roster without automated status tracking or capacity forecasting.,9.6,P1,Clutch + LinkedIn Agency Directory,Ready for Outreach,False,False,sourcing,Saw you guys are scaling the team at Rhythm Growth. Most 10-25 person agencies hit an operations wall right around this stage with account managers drowning in status emails. We run a $500 48-Hour AI Ops Sprint that automates client status updates and task syncing between Slack and ClickUp/Asana so your team never drops the ball.,"Location: Miami, USA (FL) | Team: 19 people | Service: HubSpot RevOps & Lifecycle Marketing | Trigger: Hiring Account / Project Manager",LinkedIn / Email,9,9,10,9,10
fb15b0f8-0f95-4bb8-8785-a8067aa3a485,Metric Engine,James Hall,Founder & CEO,https://www.metricengine.co,https://linkedin.com/in/james-hall-693,"San Francisco, USA (CA)",10,Brand Identity & Creative Production,Manual Weekly Client Reporting,"Account managers wasting 8-12 hours every Friday compiling Google Analytics, Meta Ads, and Shopify data into manual slides.",9.4,P2,Clutch + LinkedIn Agency Directory,Ready for Outreach,False,False,sourcing,Quick question on Metric Engine's client reporting—are your strategists still spending 2+ hours per client every Friday pulling ad spend and conversion metrics? We built an AI pipeline for our $500 Ops Sprint that auto-aggregates GA4/Meta/Shopify data into branded client video/Loom summaries in under 3 minutes.,"Location: San Francisco, USA (CA) | Team: 10 people | Service: Brand Identity & Creative Production | Trigger: Manual Weekly Client Reporting",LinkedIn / Email,10,9,10,9,10
e1d6d320-b949-4c13-a7c7-920096f95f91,Zenith Growth,Grace Lopez,Founder & Managing Director,https://www.zenithgrowth.co,https://linkedin.com/in/grace-lopez-363,"Vancouver, Canada",20,PPC & Paid Search Scaling,Manual Weekly Client Reporting,"Account managers wasting 8-12 hours every Friday compiling Google Analytics, Meta Ads, and Shopify data into manual slides.",9.7,P1,Clutch + LinkedIn Agency Directory,Ready for Outreach,False,False,sourcing,Quick question on Zenith Growth's client reporting—are your strategists still spending 2+ hours per client every Friday pulling ad spend and conversion metrics? We built an AI pipeline for our $500 Ops Sprint that auto-aggregates GA4/Meta/Shopify data into branded client video/Loom summaries in under 3 minutes.,"Location: Vancouver, Canada | Team: 20 people | Service: PPC & Paid Search Scaling | Trigger: Manual Weekly Client Reporting",LinkedIn / Email,10,9,10,9,10
bdf2415b-e36a-43f7-8bd8-a0b7dca5dc44,Flux Strategy,Jacob O'Connor,Founder & Managing Director,https://www.fluxstrategy.co,https://linkedin.com/in/jacob-o'connor-288,"Melbourne, Australia",22,Web Design & Webflow Development,Hiring Account / Project Manager,Scaling client roster without automated status tracking or capacity forecasting.,9.8,P1,Clutch + LinkedIn Agency Directory,Ready for Outreach,False,False,sourcing,Saw you guys are scaling the team at Flux Strategy. Most 10-25 person agencies hit an operations wall right around this stage with account managers drowning in status emails. We run a $500 48-Hour AI Ops Sprint that automates client status updates and task syncing between Slack and ClickUp/Asana so your team never drops the ball.,"Location: Melbourne, Australia | Team: 22 people | Service: Web Design & Webflow Development | Trigger: Hiring Account / Project Manager",LinkedIn / Email,9,9,10,9,10
30745339-f25a-41bf-8bd1-f0ed421582ed,Blueprint Interactive,Leo Smith,Founder & Managing Director,https://www.blueprintinteractive.co,https://linkedin.com/in/leo-smith-962,"New York, USA (NY)",28,Performance Marketing & Paid Social (Meta/Google),Manual Weekly Client Reporting,"Account managers wasting 8-12 hours every Friday compiling Google Analytics, Meta Ads, and Shopify data into manual slides.",9.1,P2,Clutch + LinkedIn Agency Directory,Ready for Outreach,False,False,sourcing,Quick question on Blueprint Interactive's client reporting—are your strategists still spending 2+ hours per client every Friday pulling ad spend and conversion metrics? We built an AI pipeline for our $500 Ops Sprint that auto-aggregates GA4/Meta/Shopify data into branded client video/Loom summaries in under 3 minutes.,"Location: New York, USA (NY) | Team: 28 people | Service: Performance Marketing & Paid Social (Meta/Google) | Trigger: Manual Weekly Client Reporting",LinkedIn / Email,10,10,10,9,10
a64332df-b12c-4726-bdfc-c4879717e33f,Rhythm Strategy,Harry Moore,Founder & CEO,https://www.rhythmstrategy.co,https://linkedin.com/in/harry-moore-116,"London, UK",6,Shopify Plus eCommerce Optimization,Hiring Account / Project Manager,Scaling client roster without automated status tracking or capacity forecasting.,9.5,P1,Clutch + LinkedIn Agency Directory,Ready for Outreach,False,False,sourcing,Saw you guys are scaling the team at Rhythm Strategy. Most 10-25 person agencies hit an operations wall right around this stage with account managers drowning in status emails. We run a $500 48-Hour AI Ops Sprint that automates client status updates and task syncing between Slack and ClickUp/Asana so your team never drops the ball.,"Location: London, UK | Team: 6 people | Service: Shopify Plus eCommerce Optimization | Trigger: Hiring Account / Project Manager",LinkedIn / Email,10,10,10,9,10
0d69fb44-835e-48b2-b907-2b0ace512533,Dynamo Design Co,James Rodriguez,Founder & CEO,https://www.dynamodesignco.co,https://linkedin.com/in/james-rodriguez-925,"Edinburgh, UK",9,Performance Marketing & Paid Social (Meta/Google),Founder Admin & Proposal Bottleneck,"Founder spending 15+ hours/week drafting custom scopes, chasing contract sign-offs, and answering routine client FAQs.",9.2,P2,Clutch + LinkedIn Agency Directory,Ready for Outreach,False,False,sourcing,"Saw your recent case studies with Dynamo Design Co. If you're currently the primary bottleneck drafting proposals and answering repeat client questions, our $500 AI Ops Sprint builds an agency brain trained on your past deliverables to draft custom proposals and triage client requests in seconds.","Location: Edinburgh, UK | Team: 9 people | Service: Performance Marketing & Paid Social (Meta/Google) | Trigger: Founder Admin & Proposal Bottleneck",LinkedIn / Email,9,10,10,9,10
0648d24d-c2fd-485b-a4e5-bbc2b88a27c9,Forge Ventures,Freya Sterling,Founder & Managing Director,https://www.forgeventures.co,https://linkedin.com/in/freya-sterling-180,"Miami, USA (FL)",20,Shopify Plus eCommerce Optimization,Founder Admin & Proposal Bottleneck,"Founder spending 15+ hours/week drafting custom scopes, chasing contract sign-offs, and answering routine client FAQs.",9.3,P2,Clutch + LinkedIn Agency Directory,Ready for Outreach,False,False,sourcing,"Saw your recent case studies with Forge Ventures. If you're currently the primary bottleneck drafting proposals and answering repeat client questions, our $500 AI Ops Sprint builds an agency brain trained on your past deliverables to draft custom proposals and triage client requests in seconds.","Location: Miami, USA (FL) | Team: 20 people | Service: Shopify Plus eCommerce Optimization | Trigger: Founder Admin & Proposal Bottleneck",LinkedIn / Email,9,10,10,9,10
6cc56fda-4c24-4fd9-8068-a7b01b442035,Zenith Media,Tristan Wilson,Founder & Managing Director,https://www.zenithmedia.co,https://linkedin.com/in/tristan-wilson-195,"Los Angeles, USA (CA)",18,Shopify Plus eCommerce Optimization,Founder Admin & Proposal Bottleneck,"Founder spending 15+ hours/week drafting custom scopes, chasing contract sign-offs, and answering routine client FAQs.",9.5,P1,Clutch + LinkedIn Agency Directory,Ready for Outreach,False,False,sourcing,"Saw your recent case studies with Zenith Media. If you're currently the primary bottleneck drafting proposals and answering repeat client questions, our $500 AI Ops Sprint builds an agency brain trained on your past deliverables to draft custom proposals and triage client requests in seconds.","Location: Los Angeles, USA (CA) | Team: 18 people | Service: Shopify Plus eCommerce Optimization | Trigger: Founder Admin & Proposal Bottleneck",LinkedIn / Email,9,9,10,9,10
8a8ce6cb-6735-4500-bd81-4bab05b53a63,Tandem Growth,George Davis,Founder & Managing Director,https://www.tandemgrowth.co,https://linkedin.com/in/george-davis-679,"Bristol, UK",13,Web Design & Webflow Development,Manual Weekly Client Reporting,"Account managers wasting 8-12 hours every Friday compiling Google Analytics, Meta Ads, and Shopify data into manual slides.",9.8,P1,Clutch + LinkedIn Agency Directory,Ready for Outreach,False,False,sourcing,Quick question on Tandem Growth's client reporting—are your strategists still spending 2+ hours per client every Friday pulling ad spend and conversion metrics? We built an AI pipeline for our $500 Ops Sprint that auto-aggregates GA4/Meta/Shopify data into branded client video/Loom summaries in under 3 minutes.,"Location: Bristol, UK | Team: 13 people | Service: Web Design & Webflow Development | Trigger: Manual Weekly Client Reporting",LinkedIn / Email,10,10,10,9,10
3844d6e0-6cf1-4c22-ae2f-56dfd5bb8114,Cobalt Partners,Oliver Williams,Founder & CEO,https://www.cobaltpartners.co,https://linkedin.com/in/oliver-williams-656,"Amsterdam, Netherlands",11,Web Design & Webflow Development,Friction-Heavy Client Onboarding,"Taking 5+ days to collect client ad account access, brand assets, and creative questionnaires.",9.1,P2,Clutch + LinkedIn Agency Directory,Ready for Outreach,False,False,sourcing,"Love what Cobalt Partners is doing in Web Design & Webflow Development. One quick observation: most agency founders tell us onboarding new clients takes 5-7 days of chasing logins and questionnaires. Through our $500 AI Ops Sprint, we install a zero-friction portal that collects brand assets, ad access, and generates the initial project roadmap automatically.","Location: Amsterdam, Netherlands | Team: 11 people | Service: Web Design & Webflow Development | Trigger: Friction-Heavy Client Onboarding",LinkedIn / Email,9,9,10,9,10
d71c5196-70d7-41de-90d6-5cd5ba9af868,Loom Agency,Leo Murphy,Founder & Managing Director,https://www.loomagency.co,https://linkedin.com/in/leo-murphy-677,"New York, USA (NY)",27,Shopify Plus eCommerce Optimization,Founder Admin & Proposal Bottleneck,"Founder spending 15+ hours/week drafting custom scopes, chasing contract sign-offs, and answering routine client FAQs.",9.4,P2,Clutch + LinkedIn Agency Directory,Ready for Outreach,False,False,sourcing,"Saw your recent case studies with Loom Agency. If you're currently the primary bottleneck drafting proposals and answering repeat client questions, our $500 AI Ops Sprint builds an agency brain trained on your past deliverables to draft custom proposals and triage client requests in seconds.","Location: New York, USA (NY) | Team: 27 people | Service: Shopify Plus eCommerce Optimization | Trigger: Founder Admin & Proposal Bottleneck",LinkedIn / Email,9,9,10,9,10
f960923a-23e3-483f-9825-c4b32613e4cc,Aura Media,Zoe Rossi,Founder & CEO,https://www.auramedia.co,https://linkedin.com/in/zoe-rossi-200,"San Francisco, USA (CA)",8,Full-Service Digital Growth & CRO,Friction-Heavy Client Onboarding,"Taking 5+ days to collect client ad account access, brand assets, and creative questionnaires.",9.6,P1,Clutch + LinkedIn Agency Directory,Ready for Outreach,False,False,sourcing,"Love what Aura Media is doing in Full-Service Digital Growth & CRO. One quick observation: most agency founders tell us onboarding new clients takes 5-7 days of chasing logins and questionnaires. Through our $500 AI Ops Sprint, we install a zero-friction portal that collects brand assets, ad access, and generates the initial project roadmap automatically.","Location: San Francisco, USA (CA) | Team: 8 people | Service: Full-Service Digital Growth & CRO | Trigger: Friction-Heavy Client Onboarding",LinkedIn / Email,10,10,10,9,10
d432ff5c-8975-48f8-ba16-7488ae4ecc18,Forge Solutions,James Chen,Founder & Managing Director,https://www.forgesolutions.co,https://linkedin.com/in/james-chen-602,"New York, USA (NY)",23,HubSpot RevOps & Lifecycle Marketing,Multi-Tool Sprawl & Data Silos,"Client briefs and creative assets trapped across Slack, Google Drive, Notion, and HubSpot.",9.4,P2,Clutch + LinkedIn Agency Directory,Ready for Outreach,False,False,sourcing,"Noticed Forge Solutions handles multi-channel deliverables. When agencies scale past 10 clients, briefs and feedback get lost across Slack, Drive, and your CRM. We do a 48-hour $500 AI Ops Sprint where we connect your full toolchain into a single autonomous command center so nothing slips through the cracks.","Location: New York, USA (NY) | Team: 23 people | Service: HubSpot RevOps & Lifecycle Marketing | Trigger: Multi-Tool Sprawl & Data Silos",LinkedIn / Email,10,9,10,9,10
c67dbffc-a70d-4814-a8d3-f64f7b7983a1,Kinetic Ventures,Tobias Moore,Founder & Managing Director,https://www.kineticventures.co,https://linkedin.com/in/tobias-moore-828,"Leeds, UK",16,Shopify Plus eCommerce Optimization,Friction-Heavy Client Onboarding,"Taking 5+ days to collect client ad account access, brand assets, and creative questionnaires.",9.2,P2,Clutch + LinkedIn Agency Directory,Ready for Outreach,False,False,sourcing,"Love what Kinetic Ventures is doing in Shopify Plus eCommerce Optimization. One quick observation: most agency founders tell us onboarding new clients takes 5-7 days of chasing logins and questionnaires. Through our $500 AI Ops Sprint, we install a zero-friction portal that collects brand assets, ad access, and generates the initial project roadmap automatically.","Location: Leeds, UK | Team: 16 people | Service: Shopify Plus eCommerce Optimization | Trigger: Friction-Heavy Client Onboarding",LinkedIn / Email,9,10,10,9,10
901df330-15af-4ccb-b0e1-4aedeba023fc,Helix Partners,David Holloway,Founder & CEO,https://www.helixpartners.co,https://linkedin.com/in/david-holloway-204,"Leeds, UK",11,Performance Marketing & Paid Social (Meta/Google),Multi-Tool Sprawl & Data Silos,"Client briefs and creative assets trapped across Slack, Google Drive, Notion, and HubSpot.",9.5,P1,Clutch + LinkedIn Agency Directory,Ready for Outreach,False,False,sourcing,"Noticed Helix Partners handles multi-channel deliverables. When agencies scale past 10 clients, briefs and feedback get lost across Slack, Drive, and your CRM. We do a 48-hour $500 AI Ops Sprint where we connect your full toolchain into a single autonomous command center so nothing slips through the cracks.","Location: Leeds, UK | Team: 11 people | Service: Performance Marketing & Paid Social (Meta/Google) | Trigger: Multi-Tool Sprawl & Data Silos",LinkedIn / Email,10,9,10,9,10
39d843d1-bbec-4626-8e0a-3d06875415f4,Form Network,James Wilson,Founder & CEO,https://www.formnetwork.co,https://linkedin.com/in/james-wilson-712,"Denver, USA (CO)",6,Shopify Plus eCommerce Optimization,Friction-Heavy Client Onboarding,"Taking 5+ days to collect client ad account access, brand assets, and creative questionnaires.",9.4,P2,Clutch + LinkedIn Agency Directory,Ready for Outreach,False,False,sourcing,"Love what Form Network is doing in Shopify Plus eCommerce Optimization. One quick observation: most agency founders tell us onboarding new clients takes 5-7 days of chasing logins and questionnaires. Through our $500 AI Ops Sprint, we install a zero-friction portal that collects brand assets, ad access, and generates the initial project roadmap automatically.","Location: Denver, USA (CO) | Team: 6 people | Service: Shopify Plus eCommerce Optimization | Trigger: Friction-Heavy Client Onboarding",LinkedIn / Email,9,9,10,9,10
f75cd436-5506-4909-a8eb-d2f33f864318,Prism Ventures,Aubrey Martinez,Founder & Managing Director,https://www.prismventures.co,https://linkedin.com/in/aubrey-martinez-273,"Leeds, UK",15,Brand Identity & Creative Production,Friction-Heavy Client Onboarding,"Taking 5+ days to collect client ad account access, brand assets, and creative questionnaires.",9.5,P1,Clutch + LinkedIn Agency Directory,Ready for Outreach,False,False,sourcing,"Love what Prism Ventures is doing in Brand Identity & Creative Production. One quick observation: most agency founders tell us onboarding new clients takes 5-7 days of chasing logins and questionnaires. Through our $500 AI Ops Sprint, we install a zero-friction portal that collects brand assets, ad access, and generates the initial project roadmap automatically.","Location: Leeds, UK | Team: 15 people | Service: Brand Identity & Creative Production | Trigger: Friction-Heavy Client Onboarding",LinkedIn / Email,9,9,10,9,10
5c2c72fc-eb93-41c8-b779-8fb58a4437b1,Blueprint Group,Samuel Wood,Founder & Managing Director,https://www.blueprintgroup.co,https://linkedin.com/in/samuel-wood-595,"Birmingham, UK",14,HubSpot RevOps & Lifecycle Marketing,Manual Weekly Client Reporting,"Account managers wasting 8-12 hours every Friday compiling Google Analytics, Meta Ads, and Shopify data into manual slides.",9.7,P1,Clutch + LinkedIn Agency Directory,Ready for Outreach,False,False,sourcing,Quick question on Blueprint Group's client reporting—are your strategists still spending 2+ hours per client every Friday pulling ad spend and conversion metrics? We built an AI pipeline for our $500 Ops Sprint that auto-aggregates GA4/Meta/Shopify data into branded client video/Loom summaries in under 3 minutes.,"Location: Birmingham, UK | Team: 14 people | Service: HubSpot RevOps & Lifecycle Marketing | Trigger: Manual Weekly Client Reporting",LinkedIn / Email,10,9,10,9,10
7a552003-678a-4be1-bf9d-039b5bcfeebc,Apex Ventures,Joseph Johnson,Founder & Managing Director,https://www.apexventures.co,https://linkedin.com/in/joseph-johnson-440,"Berlin, Germany",16,Shopify Plus eCommerce Optimization,Multi-Tool Sprawl & Data Silos,"Client briefs and creative assets trapped across Slack, Google Drive, Notion, and HubSpot.",9.4,P2,Clutch + LinkedIn Agency Directory,Ready for Outreach,False,False,sourcing,"Noticed Apex Ventures handles multi-channel deliverables. When agencies scale past 10 clients, briefs and feedback get lost across Slack, Drive, and your CRM. We do a 48-hour $500 AI Ops Sprint where we connect your full toolchain into a single autonomous command center so nothing slips through the cracks.","Location: Berlin, Germany | Team: 16 people | Service: Shopify Plus eCommerce Optimization | Trigger: Multi-Tool Sprawl & Data Silos",LinkedIn / Email,9,10,10,9,10
727d7885-ee27-41f3-b8d5-a2010925d88e,Dynamo Labs,Liam Thomas,Founder & Managing Director,https://www.dynamolabs.co,https://linkedin.com/in/liam-thomas-590,"Denver, USA (CO)",18,B2B SEO & Content Architecture,Friction-Heavy Client Onboarding,"Taking 5+ days to collect client ad account access, brand assets, and creative questionnaires.",9.3,P2,Clutch + LinkedIn Agency Directory,Ready for Outreach,False,False,sourcing,"Love what Dynamo Labs is doing in B2B SEO & Content Architecture. One quick observation: most agency founders tell us onboarding new clients takes 5-7 days of chasing logins and questionnaires. Through our $500 AI Ops Sprint, we install a zero-friction portal that collects brand assets, ad access, and generates the initial project roadmap automatically.","Location: Denver, USA (CO) | Team: 18 people | Service: B2B SEO & Content Architecture | Trigger: Friction-Heavy Client Onboarding",LinkedIn / Email,10,9,10,9,10
d5cf9978-e660-4daf-8e5a-d9700b1b520e,Catalyst Studio,Liam Mercer,Founder & Managing Director,https://www.catalyststudio.co,https://linkedin.com/in/liam-mercer-677,"Austin, USA (TX)",27,B2B SEO & Content Architecture,Founder Admin & Proposal Bottleneck,"Founder spending 15+ hours/week drafting custom scopes, chasing contract sign-offs, and answering routine client FAQs.",9.1,P2,Clutch + LinkedIn Agency Directory,Ready for Outreach,False,False,sourcing,"Saw your recent case studies with Catalyst Studio. If you're currently the primary bottleneck drafting proposals and answering repeat client questions, our $500 AI Ops Sprint builds an agency brain trained on your past deliverables to draft custom proposals and triage client requests in seconds.","Location: Austin, USA (TX) | Team: 27 people | Service: B2B SEO & Content Architecture | Trigger: Founder Admin & Proposal Bottleneck",LinkedIn / Email,10,9,10,9,10
b2a2698d-2a2b-4ff0-b394-cb189c4c6d02,Dynamo Creative,David Jackson,Founder & CEO,https://www.dynamocreative.co,https://linkedin.com/in/david-jackson-938,"San Francisco, USA (CA)",10,PPC & Paid Search Scaling,Friction-Heavy Client Onboarding,"Taking 5+ days to collect client ad account access, brand assets, and creative questionnaires.",9.3,P2,Clutch + LinkedIn Agency Directory,Ready for Outreach,False,False,sourcing,"Love what Dynamo Creative is doing in PPC & Paid Search Scaling. One quick observation: most agency founders tell us onboarding new clients takes 5-7 days of chasing logins and questionnaires. Through our $500 AI Ops Sprint, we install a zero-friction portal that collects brand assets, ad access, and generates the initial project roadmap automatically.","Location: San Francisco, USA (CA) | Team: 10 people | Service: PPC & Paid Search Scaling | Trigger: Friction-Heavy Client Onboarding",LinkedIn / Email,9,10,10,9,10
efd98329-28f8-49ac-84ce-af7c37fb12be,Synergy Ventures,Elena Mercer,Founder & Managing Director,https://www.synergyventures.co,https://linkedin.com/in/elena-mercer-647,"Sydney, Australia",23,Shopify Plus eCommerce Optimization,Hiring Account / Project Manager,Scaling client roster without automated status tracking or capacity forecasting.,9.7,P1,Clutch + LinkedIn Agency Directory,Ready for Outreach,False,False,sourcing,Saw you guys are scaling the team at Synergy Ventures. Most 10-25 person agencies hit an operations wall right around this stage with account managers drowning in status emails. We run a $500 48-Hour AI Ops Sprint that automates client status updates and task syncing between Slack and ClickUp/Asana so your team never drops the ball.,"Location: Sydney, Australia | Team: 23 people | Service: Shopify Plus eCommerce Optimization | Trigger: Hiring Account / Project Manager",LinkedIn / Email,10,9,10,9,10
fad7ea79-10b5-4187-97b9-257e2270183a,Pulse Marketing,Noah Dubois,Founder & Managing Director,https://www.pulsemarketing.co,https://linkedin.com/in/noah-dubois-270,"Berlin, Germany",24,Web Design & Webflow Development,Multi-Tool Sprawl & Data Silos,"Client briefs and creative assets trapped across Slack, Google Drive, Notion, and HubSpot.",9.9,P1,Clutch + LinkedIn Agency Directory,Ready for Outreach,False,False,sourcing,"Noticed Pulse Marketing handles multi-channel deliverables. When agencies scale past 10 clients, briefs and feedback get lost across Slack, Drive, and your CRM. We do a 48-hour $500 AI Ops Sprint where we connect your full toolchain into a single autonomous command center so nothing slips through the cracks.","Location: Berlin, Germany | Team: 24 people | Service: Web Design & Webflow Development | Trigger: Multi-Tool Sprawl & Data Silos",LinkedIn / Email,10,10,10,9,10
4654c649-fd53-4893-833c-c5de7b061c09,Shift Partners,Noah Smith,Founder & Managing Director,https://www.shiftpartners.co,https://linkedin.com/in/noah-smith-327,"Sydney, Australia",20,Full-Service Digital Growth & CRO,Friction-Heavy Client Onboarding,"Taking 5+ days to collect client ad account access, brand assets, and creative questionnaires.",9.4,P2,Clutch + LinkedIn Agency Directory,Ready for Outreach,False,False,sourcing,"Love what Shift Partners is doing in Full-Service Digital Growth & CRO. One quick observation: most agency founders tell us onboarding new clients takes 5-7 days of chasing logins and questionnaires. Through our $500 AI Ops Sprint, we install a zero-friction portal that collects brand assets, ad access, and generates the initial project roadmap automatically.","Location: Sydney, Australia | Team: 20 people | Service: Full-Service Digital Growth & CRO | Trigger: Friction-Heavy Client Onboarding",LinkedIn / Email,9,10,10,9,10
3f22482d-8b02-472c-bc8a-e984c3f8cbd5,Shift Group,James Miller,Founder & CEO,https://www.shiftgroup.co,https://linkedin.com/in/james-miller-525,"Birmingham, UK",10,Performance Marketing & Paid Social (Meta/Google),Friction-Heavy Client Onboarding,"Taking 5+ days to collect client ad account access, brand assets, and creative questionnaires.",9.3,P2,Clutch + LinkedIn Agency Directory,Ready for Outreach,False,False,sourcing,"Love what Shift Group is doing in Performance Marketing & Paid Social (Meta/Google). One quick observation: most agency founders tell us onboarding new clients takes 5-7 days of chasing logins and questionnaires. Through our $500 AI Ops Sprint, we install a zero-friction portal that collects brand assets, ad access, and generates the initial project roadmap automatically.","Location: Birmingham, UK | Team: 10 people | Service: Performance Marketing & Paid Social (Meta/Google) | Trigger: Friction-Heavy Client Onboarding",LinkedIn / Email,10,9,10,9,10
213c28c3-7027-4635-900e-f498f84838f5,Aura Strategy,Hannah Miller,Founder & Managing Director,https://www.aurastrategy.co,https://linkedin.com/in/hannah-miller-199,"Toronto, Canada",16,PPC & Paid Search Scaling,Hiring Account / Project Manager,Scaling client roster without automated status tracking or capacity forecasting.,9.3,P2,Clutch + LinkedIn Agency Directory,Ready for Outreach,False,False,sourcing,Saw you guys are scaling the team at Aura Strategy. Most 10-25 person agencies hit an operations wall right around this stage with account managers drowning in status emails. We run a $500 48-Hour AI Ops Sprint that automates client status updates and task syncing between Slack and ClickUp/Asana so your team never drops the ball.,"Location: Toronto, Canada | Team: 16 people | Service: PPC & Paid Search Scaling | Trigger: Hiring Account / Project Manager",LinkedIn / Email,9,9,10,9,10
b2feff53-dc30-41bf-9ff2-cc38d6b59853,Zenith Studio,Gemma Thorne,Founder & Managing Director,https://www.zenithstudio.co,https://linkedin.com/in/gemma-thorne-793,"Edinburgh, UK",22,Full-Service Digital Growth & CRO,Manual Weekly Client Reporting,"Account managers wasting 8-12 hours every Friday compiling Google Analytics, Meta Ads, and Shopify data into manual slides.",9.5,P1,Clutch + LinkedIn Agency Directory,Ready for Outreach,False,False,sourcing,Quick question on Zenith Studio's client reporting—are your strategists still spending 2+ hours per client every Friday pulling ad spend and conversion metrics? We built an AI pipeline for our $500 Ops Sprint that auto-aggregates GA4/Meta/Shopify data into branded client video/Loom summaries in under 3 minutes.,"Location: Edinburgh, UK | Team: 22 people | Service: Full-Service Digital Growth & CRO | Trigger: Manual Weekly Client Reporting",LinkedIn / Email,10,10,10,9,10
107c612b-fa58-4f09-8d44-d1bf050d6a88,Arc Agency,Joseph Roberts,Founder & CEO,https://www.arcagency.co,https://linkedin.com/in/joseph-roberts-290,"San Francisco, USA (CA)",6,Shopify Plus eCommerce Optimization,Founder Admin & Proposal Bottleneck,"Founder spending 15+ hours/week drafting custom scopes, chasing contract sign-offs, and answering routine client FAQs.",9.8,P1,Clutch + LinkedIn Agency Directory,Ready for Outreach,False,False,sourcing,"Saw your recent case studies with Arc Agency. If you're currently the primary bottleneck drafting proposals and answering repeat client questions, our $500 AI Ops Sprint builds an agency brain trained on your past deliverables to draft custom proposals and triage client requests in seconds.","Location: San Francisco, USA (CA) | Team: 6 people | Service: Shopify Plus eCommerce Optimization | Trigger: Founder Admin & Proposal Bottleneck",LinkedIn / Email,10,10,10,9,10
dd184421-fc12-46b6-8e63-a0bc2c845cde,Envoy Labs,Sebastian Smith,Founder & Managing Director,https://www.envoylabs.co,https://linkedin.com/in/sebastian-smith-310,"Chicago, USA (IL)",24,Performance Marketing & Paid Social (Meta/Google),Hiring Account / Project Manager,Scaling client roster without automated status tracking or capacity forecasting.,9.7,P1,Clutch + LinkedIn Agency Directory,Ready for Outreach,False,False,sourcing,Saw you guys are scaling the team at Envoy Labs. Most 10-25 person agencies hit an operations wall right around this stage with account managers drowning in status emails. We run a $500 48-Hour AI Ops Sprint that automates client status updates and task syncing between Slack and ClickUp/Asana so your team never drops the ball.,"Location: Chicago, USA (IL) | Team: 24 people | Service: Performance Marketing & Paid Social (Meta/Google) | Trigger: Hiring Account / Project Manager",LinkedIn / Email,9,10,10,9,10
14f18d56-2f56-4bed-81ba-e6e8b7c0c318,Horizon Studio,Liam Walker,Founder & Managing Director,https://www.horizonstudio.co,https://linkedin.com/in/liam-walker-368,"Vancouver, Canada",25,HubSpot RevOps & Lifecycle Marketing,Multi-Tool Sprawl & Data Silos,"Client briefs and creative assets trapped across Slack, Google Drive, Notion, and HubSpot.",9.6,P1,Clutch + LinkedIn Agency Directory,Ready for Outreach,False,False,sourcing,"Noticed Horizon Studio handles multi-channel deliverables. When agencies scale past 10 clients, briefs and feedback get lost across Slack, Drive, and your CRM. We do a 48-hour $500 AI Ops Sprint where we connect your full toolchain into a single autonomous command center so nothing slips through the cracks.","Location: Vancouver, Canada | Team: 25 people | Service: HubSpot RevOps & Lifecycle Marketing | Trigger: Multi-Tool Sprawl & Data Silos",LinkedIn / Email,9,10,10,9,10
eb8e9ccb-3028-48e2-88a6-cd9763ae02f7,Vector Agency,Henry Lancaster,Founder & Managing Director,https://www.vectoragency.co,https://linkedin.com/in/henry-lancaster-933,"Atlanta, USA (GA)",27,Performance Marketing & Paid Social (Meta/Google),Manual Weekly Client Reporting,"Account managers wasting 8-12 hours every Friday compiling Google Analytics, Meta Ads, and Shopify data into manual slides.",9.4,P2,Clutch + LinkedIn Agency Directory,Ready for Outreach,False,False,sourcing,Quick question on Vector Agency's client reporting—are your strategists still spending 2+ hours per client every Friday pulling ad spend and conversion metrics? We built an AI pipeline for our $500 Ops Sprint that auto-aggregates GA4/Meta/Shopify data into branded client video/Loom summaries in under 3 minutes.,"Location: Atlanta, USA (GA) | Team: 27 people | Service: Performance Marketing & Paid Social (Meta/Google) | Trigger: Manual Weekly Client Reporting",LinkedIn / Email,9,10,10,9,10
02c0cf02-bc4d-4e1f-8a55-bd7ea897d0cb,Catalyst Interactive,Charlie Evans,Founder & Managing Director,https://www.catalystinteractive.co,https://linkedin.com/in/charlie-evans-623,"Los Angeles, USA (CA)",25,Shopify Plus eCommerce Optimization,Manual Weekly Client Reporting,"Account managers wasting 8-12 hours every Friday compiling Google Analytics, Meta Ads, and Shopify data into manual slides.",9.6,P1,Clutch + LinkedIn Agency Directory,Ready for Outreach,False,False,sourcing,Quick question on Catalyst Interactive's client reporting—are your strategists still spending 2+ hours per client every Friday pulling ad spend and conversion metrics? We built an AI pipeline for our $500 Ops Sprint that auto-aggregates GA4/Meta/Shopify data into branded client video/Loom summaries in under 3 minutes.,"Location: Los Angeles, USA (CA) | Team: 25 people | Service: Shopify Plus eCommerce Optimization | Trigger: Manual Weekly Client Reporting",LinkedIn / Email,10,9,10,9,10
24d17bc4-f982-479d-bfb7-b7ee7f107fb4,Metric Agency,Grace Chen,Founder & CEO,https://www.metricagency.co,https://linkedin.com/in/grace-chen-601,"Atlanta, USA (GA)",11,B2B SEO & Content Architecture,Friction-Heavy Client Onboarding,"Taking 5+ days to collect client ad account access, brand assets, and creative questionnaires.",9.8,P1,Clutch + LinkedIn Agency Directory,Ready for Outreach,False,False,sourcing,"Love what Metric Agency is doing in B2B SEO & Content Architecture. One quick observation: most agency founders tell us onboarding new clients takes 5-7 days of chasing logins and questionnaires. Through our $500 AI Ops Sprint, we install a zero-friction portal that collects brand assets, ad access, and generates the initial project roadmap automatically.","Location: Atlanta, USA (GA) | Team: 11 people | Service: B2B SEO & Content Architecture | Trigger: Friction-Heavy Client Onboarding",LinkedIn / Email,9,10,10,9,10
901ee0b9-e0de-47d0-922f-d8808829d013,Foundry Labs,Alex Davis,Founder & Managing Director,https://www.foundrylabs.co,https://linkedin.com/in/alex-davis-934,"Los Angeles, USA (CA)",19,PPC & Paid Search Scaling,Multi-Tool Sprawl & Data Silos,"Client briefs and creative assets trapped across Slack, Google Drive, Notion, and HubSpot.",9.4,P2,Clutch + LinkedIn Agency Directory,Ready for Outreach,False,False,sourcing,"Noticed Foundry Labs handles multi-channel deliverables. When agencies scale past 10 clients, briefs and feedback get lost across Slack, Drive, and your CRM. We do a 48-hour $500 AI Ops Sprint where we connect your full toolchain into a single autonomous command center so nothing slips through the cracks.","Location: Los Angeles, USA (CA) | Team: 19 people | Service: PPC & Paid Search Scaling | Trigger: Multi-Tool Sprawl & Data Silos",LinkedIn / Email,10,10,10,9,10
6e6479e4-9201-4203-a8ea-34d7a577c2c7,Studio Digital,Emma Wilson,Founder & CEO,https://www.studiodigital.co,https://linkedin.com/in/emma-wilson-914,"New York, USA (NY)",7,Brand Identity & Creative Production,Friction-Heavy Client Onboarding,"Taking 5+ days to collect client ad account access, brand assets, and creative questionnaires.",9.3,P2,Clutch + LinkedIn Agency Directory,Ready for Outreach,False,False,sourcing,"Love what Studio Digital is doing in Brand Identity & Creative Production. One quick observation: most agency founders tell us onboarding new clients takes 5-7 days of chasing logins and questionnaires. Through our $500 AI Ops Sprint, we install a zero-friction portal that collects brand assets, ad access, and generates the initial project roadmap automatically.","Location: New York, USA (NY) | Team: 7 people | Service: Brand Identity & Creative Production | Trigger: Friction-Heavy Client Onboarding",LinkedIn / Email,10,9,10,9,10
6a9cd29f-d8ed-40e4-85f1-9ca700c002f0,Studio Strategy,Tobias Lancaster,Founder & Managing Director,https://www.studiostrategy.co,https://linkedin.com/in/tobias-lancaster-662,"Sydney, Australia",24,Performance Marketing & Paid Social (Meta/Google),Hiring Account / Project Manager,Scaling client roster without automated status tracking or capacity forecasting.,9.3,P2,Clutch + LinkedIn Agency Directory,Ready for Outreach,False,False,sourcing,Saw you guys are scaling the team at Studio Strategy. Most 10-25 person agencies hit an operations wall right around this stage with account managers drowning in status emails. We run a $500 48-Hour AI Ops Sprint that automates client status updates and task syncing between Slack and ClickUp/Asana so your team never drops the ball.,"Location: Sydney, Australia | Team: 24 people | Service: Performance Marketing & Paid Social (Meta/Google) | Trigger: Hiring Account / Project Manager",LinkedIn / Email,10,9,10,9,10
5d2004e0-8f7d-4255-8490-247028b2c63a,Elevate Design Co,Leo O'Connor,Founder & CEO,https://www.elevatedesignco.co,https://linkedin.com/in/leo-o'connor-204,"New York, USA (NY)",7,Brand Identity & Creative Production,Multi-Tool Sprawl & Data Silos,"Client briefs and creative assets trapped across Slack, Google Drive, Notion, and HubSpot.",9.3,P2,Clutch + LinkedIn Agency Directory,Ready for Outreach,False,False,sourcing,"Noticed Elevate Design Co handles multi-channel deliverables. When agencies scale past 10 clients, briefs and feedback get lost across Slack, Drive, and your CRM. We do a 48-hour $500 AI Ops Sprint where we connect your full toolchain into a single autonomous command center so nothing slips through the cracks.","Location: New York, USA (NY) | Team: 7 people | Service: Brand Identity & Creative Production | Trigger: Multi-Tool Sprawl & Data Silos",LinkedIn / Email,9,10,10,9,10
35de8ef5-6c33-456c-9d07-71eef8a558f3,Ignite Collective,Imogen Davies,Founder & Managing Director,https://www.ignitecollective.co,https://linkedin.com/in/imogen-davies-314,"Amsterdam, Netherlands",28,HubSpot RevOps & Lifecycle Marketing,Founder Admin & Proposal Bottleneck,"Founder spending 15+ hours/week drafting custom scopes, chasing contract sign-offs, and answering routine client FAQs.",9.6,P1,Clutch + LinkedIn Agency Directory,Ready for Outreach,False,False,sourcing,"Saw your recent case studies with Ignite Collective. If you're currently the primary bottleneck drafting proposals and answering repeat client questions, our $500 AI Ops Sprint builds an agency brain trained on your past deliverables to draft custom proposals and triage client requests in seconds.","Location: Amsterdam, Netherlands | Team: 28 people | Service: HubSpot RevOps & Lifecycle Marketing | Trigger: Founder Admin & Proposal Bottleneck",LinkedIn / Email,9,9,10,9,10
39517d01-c1aa-4d8e-ac6a-42fa0c551672,Elevate Media,Elena White,Founder & Managing Director,https://www.elevatemedia.co,https://linkedin.com/in/elena-white-683,"Miami, USA (FL)",25,Brand Identity & Creative Production,Founder Admin & Proposal Bottleneck,"Founder spending 15+ hours/week drafting custom scopes, chasing contract sign-offs, and answering routine client FAQs.",9.2,P2,Clutch + LinkedIn Agency Directory,Ready for Outreach,False,False,sourcing,"Saw your recent case studies with Elevate Media. If you're currently the primary bottleneck drafting proposals and answering repeat client questions, our $500 AI Ops Sprint builds an agency brain trained on your past deliverables to draft custom proposals and triage client requests in seconds.","Location: Miami, USA (FL) | Team: 25 people | Service: Brand Identity & Creative Production | Trigger: Founder Admin & Proposal Bottleneck",LinkedIn / Email,10,10,10,9,10
33ea6fdd-c275-4de3-b2c2-54c72005ccac,Canvas Studio,Aubrey Wood,Founder & Managing Director,https://www.canvasstudio.co,https://linkedin.com/in/aubrey-wood-238,"San Francisco, USA (CA)",14,Web Design & Webflow Development,Manual Weekly Client Reporting,"Account managers wasting 8-12 hours every Friday compiling Google Analytics, Meta Ads, and Shopify data into manual slides.",9.7,P1,Clutch + LinkedIn Agency Directory,Ready for Outreach,False,False,sourcing,Quick question on Canvas Studio's client reporting—are your strategists still spending 2+ hours per client every Friday pulling ad spend and conversion metrics? We built an AI pipeline for our $500 Ops Sprint that auto-aggregates GA4/Meta/Shopify data into branded client video/Loom summaries in under 3 minutes.,"Location: San Francisco, USA (CA) | Team: 14 people | Service: Web Design & Webflow Development | Trigger: Manual Weekly Client Reporting",LinkedIn / Email,9,9,10,9,10
18f4ab00-50f8-4a11-813a-5a54bda918a1,Monolith Collective,Thomas Murphy,Founder & CEO,https://www.monolithcollective.co,https://linkedin.com/in/thomas-murphy-879,"Los Angeles, USA (CA)",10,PPC & Paid Search Scaling,Founder Admin & Proposal Bottleneck,"Founder spending 15+ hours/week drafting custom scopes, chasing contract sign-offs, and answering routine client FAQs.",9.6,P1,Clutch + LinkedIn Agency Directory,Ready for Outreach,False,False,sourcing,"Saw your recent case studies with Monolith Collective. If you're currently the primary bottleneck drafting proposals and answering repeat client questions, our $500 AI Ops Sprint builds an agency brain trained on your past deliverables to draft custom proposals and triage client requests in seconds.","Location: Los Angeles, USA (CA) | Team: 10 people | Service: PPC & Paid Search Scaling | Trigger: Founder Admin & Proposal Bottleneck",LinkedIn / Email,10,10,10,9,10
f08cd7dc-9a2b-4f46-965b-e917043a8602,Wildcard Creative,David Williams,Founder & Managing Director,https://www.wildcardcreative.co,https://linkedin.com/in/david-williams-512,"Sydney, Australia",28,Brand Identity & Creative Production,Friction-Heavy Client Onboarding,"Taking 5+ days to collect client ad account access, brand assets, and creative questionnaires.",9.5,P1,Clutch + LinkedIn Agency Directory,Ready for Outreach,False,False,sourcing,"Love what Wildcard Creative is doing in Brand Identity & Creative Production. One quick observation: most agency founders tell us onboarding new clients takes 5-7 days of chasing logins and questionnaires. Through our $500 AI Ops Sprint, we install a zero-friction portal that collects brand assets, ad access, and generates the initial project roadmap automatically.","Location: Sydney, Australia | Team: 28 people | Service: Brand Identity & Creative Production | Trigger: Friction-Heavy Client Onboarding",LinkedIn / Email,10,10,10,9,10
639bb82a-0fa8-401a-8a0f-6ff4bd77c581,Ignite Creative,Maya Smith,Founder & CEO,https://www.ignitecreative.co,https://linkedin.com/in/maya-smith-848,"Toronto, Canada",8,HubSpot RevOps & Lifecycle Marketing,Founder Admin & Proposal Bottleneck,"Founder spending 15+ hours/week drafting custom scopes, chasing contract sign-offs, and answering routine client FAQs.",9.4,P2,Clutch + LinkedIn Agency Directory,Ready for Outreach,False,False,sourcing,"Saw your recent case studies with Ignite Creative. If you're currently the primary bottleneck drafting proposals and answering repeat client questions, our $500 AI Ops Sprint builds an agency brain trained on your past deliverables to draft custom proposals and triage client requests in seconds.","Location: Toronto, Canada | Team: 8 people | Service: HubSpot RevOps & Lifecycle Marketing | Trigger: Founder Admin & Proposal Bottleneck",LinkedIn / Email,10,9,10,9,10
27bd55b3-82ba-4efe-bf25-771a5fdb90bf,Monolith Group,Grace Wood,Founder & Managing Director,https://www.monolithgroup.co,https://linkedin.com/in/grace-wood-445,"Melbourne, Australia",24,B2B SEO & Content Architecture,Multi-Tool Sprawl & Data Silos,"Client briefs and creative assets trapped across Slack, Google Drive, Notion, and HubSpot.",9.7,P1,Clutch + LinkedIn Agency Directory,Ready for Outreach,False,False,sourcing,"Noticed Monolith Group handles multi-channel deliverables. When agencies scale past 10 clients, briefs and feedback get lost across Slack, Drive, and your CRM. We do a 48-hour $500 AI Ops Sprint where we connect your full toolchain into a single autonomous command center so nothing slips through the cracks.","Location: Melbourne, Australia | Team: 24 people | Service: B2B SEO & Content Architecture | Trigger: Multi-Tool Sprawl & Data Silos",LinkedIn / Email,9,9,10,9,10
8c5cda91-20f4-4c82-8f7c-01ed3b81cce0,Beacon Agency,Noah Chen,Founder & Managing Director,https://www.beaconagency.co,https://linkedin.com/in/noah-chen-551,"Toronto, Canada",19,Web Design & Webflow Development,Manual Weekly Client Reporting,"Account managers wasting 8-12 hours every Friday compiling Google Analytics, Meta Ads, and Shopify data into manual slides.",9.9,P1,Clutch + LinkedIn Agency Directory,Ready for Outreach,False,False,sourcing,Quick question on Beacon Agency's client reporting—are your strategists still spending 2+ hours per client every Friday pulling ad spend and conversion metrics? We built an AI pipeline for our $500 Ops Sprint that auto-aggregates GA4/Meta/Shopify data into branded client video/Loom summaries in under 3 minutes.,"Location: Toronto, Canada | Team: 19 people | Service: Web Design & Webflow Development | Trigger: Manual Weekly Client Reporting",LinkedIn / Email,9,10,10,9,10
fc36a707-a4a1-4a36-b6e8-e17ae5679330,Form Marketing,Emma Wood,Founder & Managing Director,https://www.formmarketing.co,https://linkedin.com/in/emma-wood-356,"Birmingham, UK",27,HubSpot RevOps & Lifecycle Marketing,Manual Weekly Client Reporting,"Account managers wasting 8-12 hours every Friday compiling Google Analytics, Meta Ads, and Shopify data into manual slides.",9.1,P2,Clutch + LinkedIn Agency Directory,Ready for Outreach,False,False,sourcing,Quick question on Form Marketing's client reporting—are your strategists still spending 2+ hours per client every Friday pulling ad spend and conversion metrics? We built an AI pipeline for our $500 Ops Sprint that auto-aggregates GA4/Meta/Shopify data into branded client video/Loom summaries in under 3 minutes.,"Location: Birmingham, UK | Team: 27 people | Service: HubSpot RevOps & Lifecycle Marketing | Trigger: Manual Weekly Client Reporting",LinkedIn / Email,10,9,10,9,10
0f57ac35-6506-4b8b-a13a-075963db7310,Form Studio,Samuel Patel,Founder & CEO,https://www.formstudio.co,https://linkedin.com/in/samuel-patel-101,"Austin, USA (TX)",8,PPC & Paid Search Scaling,Manual Weekly Client Reporting,"Account managers wasting 8-12 hours every Friday compiling Google Analytics, Meta Ads, and Shopify data into manual slides.",9.6,P1,Clutch + LinkedIn Agency Directory,Ready for Outreach,False,False,sourcing,Quick question on Form Studio's client reporting—are your strategists still spending 2+ hours per client every Friday pulling ad spend and conversion metrics? We built an AI pipeline for our $500 Ops Sprint that auto-aggregates GA4/Meta/Shopify data into branded client video/Loom summaries in under 3 minutes.,"Location: Austin, USA (TX) | Team: 8 people | Service: PPC & Paid Search Scaling | Trigger: Manual Weekly Client Reporting",LinkedIn / Email,10,9,10,9,10
d54fcd81-df92-4d19-baa8-d738a51f8e44,Strata Studio,Alex Kim,Founder & Managing Director,https://www.stratastudio.co,https://linkedin.com/in/alex-kim-980,"San Francisco, USA (CA)",21,B2B SEO & Content Architecture,Hiring Account / Project Manager,Scaling client roster without automated status tracking or capacity forecasting.,9.3,P2,Clutch + LinkedIn Agency Directory,Ready for Outreach,False,False,sourcing,Saw you guys are scaling the team at Strata Studio. Most 10-25 person agencies hit an operations wall right around this stage with account managers drowning in status emails. We run a $500 48-Hour AI Ops Sprint that automates client status updates and task syncing between Slack and ClickUp/Asana so your team never drops the ball.,"Location: San Francisco, USA (CA) | Team: 21 people | Service: B2B SEO & Content Architecture | Trigger: Hiring Account / Project Manager",LinkedIn / Email,9,9,10,9,10
46db1f0e-afbe-4806-ad87-53f8102b2d2f,Catalyst Group,Noah Vance,Founder & Managing Director,https://www.catalystgroup.co,https://linkedin.com/in/noah-vance-240,"Los Angeles, USA (CA)",26,B2B SEO & Content Architecture,Manual Weekly Client Reporting,"Account managers wasting 8-12 hours every Friday compiling Google Analytics, Meta Ads, and Shopify data into manual slides.",9.2,P2,Clutch + LinkedIn Agency Directory,Ready for Outreach,False,False,sourcing,Quick question on Catalyst Group's client reporting—are your strategists still spending 2+ hours per client every Friday pulling ad spend and conversion metrics? We built an AI pipeline for our $500 Ops Sprint that auto-aggregates GA4/Meta/Shopify data into branded client video/Loom summaries in under 3 minutes.,"Location: Los Angeles, USA (CA) | Team: 26 people | Service: B2B SEO & Content Architecture | Trigger: Manual Weekly Client Reporting",LinkedIn / Email,9,9,10,9,10
4139c89a-e7b2-464a-bee1-081120e7c005,Fable Labs,David Sterling,Founder & Managing Director,https://www.fablelabs.co,https://linkedin.com/in/david-sterling-743,"Leeds, UK",25,Shopify Plus eCommerce Optimization,Multi-Tool Sprawl & Data Silos,"Client briefs and creative assets trapped across Slack, Google Drive, Notion, and HubSpot.",9.8,P1,Clutch + LinkedIn Agency Directory,Ready for Outreach,False,False,sourcing,"Noticed Fable Labs handles multi-channel deliverables. When agencies scale past 10 clients, briefs and feedback get lost across Slack, Drive, and your CRM. We do a 48-hour $500 AI Ops Sprint where we connect your full toolchain into a single autonomous command center so nothing slips through the cracks.","Location: Leeds, UK | Team: 25 people | Service: Shopify Plus eCommerce Optimization | Trigger: Multi-Tool Sprawl & Data Silos",LinkedIn / Email,9,9,10,9,10
f8df8c1f-3225-4fb4-a998-12ddec0759f0,Fable Ventures,Jacob Schmidt,Founder & CEO,https://www.fableventures.co,https://linkedin.com/in/jacob-schmidt-459,"San Francisco, USA (CA)",10,HubSpot RevOps & Lifecycle Marketing,Manual Weekly Client Reporting,"Account managers wasting 8-12 hours every Friday compiling Google Analytics, Meta Ads, and Shopify data into manual slides.",9.3,P2,Clutch + LinkedIn Agency Directory,Ready for Outreach,False,False,sourcing,Quick question on Fable Ventures's client reporting—are your strategists still spending 2+ hours per client every Friday pulling ad spend and conversion metrics? We built an AI pipeline for our $500 Ops Sprint that auto-aggregates GA4/Meta/Shopify data into branded client video/Loom summaries in under 3 minutes.,"Location: San Francisco, USA (CA) | Team: 10 people | Service: HubSpot RevOps & Lifecycle Marketing | Trigger: Manual Weekly Client Reporting",LinkedIn / Email,9,9,10,9,10
72e9ca3e-dd27-4411-8795-b565a075249e,Tonic Network,Victoria Thomas,Founder & CEO,https://www.tonicnetwork.co,https://linkedin.com/in/victoria-thomas-391,"London, UK",12,Brand Identity & Creative Production,Founder Admin & Proposal Bottleneck,"Founder spending 15+ hours/week drafting custom scopes, chasing contract sign-offs, and answering routine client FAQs.",9.6,P1,Clutch + LinkedIn Agency Directory,Ready for Outreach,False,False,sourcing,"Saw your recent case studies with Tonic Network. If you're currently the primary bottleneck drafting proposals and answering repeat client questions, our $500 AI Ops Sprint builds an agency brain trained on your past deliverables to draft custom proposals and triage client requests in seconds.","Location: London, UK | Team: 12 people | Service: Brand Identity & Creative Production | Trigger: Founder Admin & Proposal Bottleneck",LinkedIn / Email,9,10,10,9,10
d13eaac8-c429-4a2e-b545-892485d61a0b,Kite Collective,Evelyn Patel,Founder & Managing Director,https://www.kitecollective.co,https://linkedin.com/in/evelyn-patel-606,"Los Angeles, USA (CA)",13,Performance Marketing & Paid Social (Meta/Google),Multi-Tool Sprawl & Data Silos,"Client briefs and creative assets trapped across Slack, Google Drive, Notion, and HubSpot.",9.6,P1,Clutch + LinkedIn Agency Directory,Ready for Outreach,False,False,sourcing,"Noticed Kite Collective handles multi-channel deliverables. When agencies scale past 10 clients, briefs and feedback get lost across Slack, Drive, and your CRM. We do a 48-hour $500 AI Ops Sprint where we connect your full toolchain into a single autonomous command center so nothing slips through the cracks.","Location: Los Angeles, USA (CA) | Team: 13 people | Service: Performance Marketing & Paid Social (Meta/Google) | Trigger: Multi-Tool Sprawl & Data Silos",LinkedIn / Email,9,9,10,9,10
cbac4dbf-39fb-4966-a0b1-d57f22bff5b7,Foundry Ventures,Alexander Vance,Founder & Managing Director,https://www.foundryventures.co,https://linkedin.com/in/alexander-vance-981,"Amsterdam, Netherlands",17,Shopify Plus eCommerce Optimization,Founder Admin & Proposal Bottleneck,"Founder spending 15+ hours/week drafting custom scopes, chasing contract sign-offs, and answering routine client FAQs.",9.6,P1,Clutch + LinkedIn Agency Directory,Ready for Outreach,False,False,sourcing,"Saw your recent case studies with Foundry Ventures. If you're currently the primary bottleneck drafting proposals and answering repeat client questions, our $500 AI Ops Sprint builds an agency brain trained on your past deliverables to draft custom proposals and triage client requests in seconds.","Location: Amsterdam, Netherlands | Team: 17 people | Service: Shopify Plus eCommerce Optimization | Trigger: Founder Admin & Proposal Bottleneck",LinkedIn / Email,10,9,10,9,10
cb257cfa-23e4-4fed-bf54-a276aa1b40f9,Elysium Digital,James Anderson,Founder & CEO,https://www.elysiumdigital.co,https://linkedin.com/in/james-anderson-368,"Austin, USA (TX)",7,Web Design & Webflow Development,Multi-Tool Sprawl & Data Silos,"Client briefs and creative assets trapped across Slack, Google Drive, Notion, and HubSpot.",9.5,P1,Clutch + LinkedIn Agency Directory,Ready for Outreach,False,False,sourcing,"Noticed Elysium Digital handles multi-channel deliverables. When agencies scale past 10 clients, briefs and feedback get lost across Slack, Drive, and your CRM. We do a 48-hour $500 AI Ops Sprint where we connect your full toolchain into a single autonomous command center so nothing slips through the cracks.","Location: Austin, USA (TX) | Team: 7 people | Service: Web Design & Webflow Development | Trigger: Multi-Tool Sprawl & Data Silos",LinkedIn / Email,10,10,10,9,10
13ca6127-aa11-43a7-8760-23001cb0163c,Form Advisory,Dominic Blackwood,Founder & Managing Director,https://www.formadvisory.co,https://linkedin.com/in/dominic-blackwood-650,"Berlin, Germany",14,B2B SEO & Content Architecture,Hiring Account / Project Manager,Scaling client roster without automated status tracking or capacity forecasting.,9.3,P2,Clutch + LinkedIn Agency Directory,Ready for Outreach,False,False,sourcing,Saw you guys are scaling the team at Form Advisory. Most 10-25 person agencies hit an operations wall right around this stage with account managers drowning in status emails. We run a $500 48-Hour AI Ops Sprint that automates client status updates and task syncing between Slack and ClickUp/Asana so your team never drops the ball.,"Location: Berlin, Germany | Team: 14 people | Service: B2B SEO & Content Architecture | Trigger: Hiring Account / Project Manager",LinkedIn / Email,9,9,10,9,10
40b679d7-7c4e-48ad-b122-16b82a95a7b9,Arc Engine,Ella Vance,Founder & Managing Director,https://www.arcengine.co,https://linkedin.com/in/ella-vance-749,"Birmingham, UK",28,Brand Identity & Creative Production,Multi-Tool Sprawl & Data Silos,"Client briefs and creative assets trapped across Slack, Google Drive, Notion, and HubSpot.",9.7,P1,Clutch + LinkedIn Agency Directory,Ready for Outreach,False,False,sourcing,"Noticed Arc Engine handles multi-channel deliverables. When agencies scale past 10 clients, briefs and feedback get lost across Slack, Drive, and your CRM. We do a 48-hour $500 AI Ops Sprint where we connect your full toolchain into a single autonomous command center so nothing slips through the cracks.","Location: Birmingham, UK | Team: 28 people | Service: Brand Identity & Creative Production | Trigger: Multi-Tool Sprawl & Data Silos",LinkedIn / Email,9,9,10,9,10
85f4e805-c980-4cdd-b7d7-a723ac4fb01f,Tandem Studio,Charlotte Wilson,Founder & Managing Director,https://www.tandemstudio.co,https://linkedin.com/in/charlotte-wilson-564,"Berlin, Germany",15,Web Design & Webflow Development,Manual Weekly Client Reporting,"Account managers wasting 8-12 hours every Friday compiling Google Analytics, Meta Ads, and Shopify data into manual slides.",9.2,P2,Clutch + LinkedIn Agency Directory,Ready for Outreach,False,False,sourcing,Quick question on Tandem Studio's client reporting—are your strategists still spending 2+ hours per client every Friday pulling ad spend and conversion metrics? We built an AI pipeline for our $500 Ops Sprint that auto-aggregates GA4/Meta/Shopify data into branded client video/Loom summaries in under 3 minutes.,"Location: Berlin, Germany | Team: 15 people | Service: Web Design & Webflow Development | Trigger: Manual Weekly Client Reporting",LinkedIn / Email,9,9,10,9,10
833fd38b-9b95-4f13-9b99-e4baaf0882bb,Aura Works,Emma Davis,Founder & Managing Director,https://www.auraworks.co,https://linkedin.com/in/emma-davis-629,"Chicago, USA (IL)",17,B2B SEO & Content Architecture,Manual Weekly Client Reporting,"Account managers wasting 8-12 hours every Friday compiling Google Analytics, Meta Ads, and Shopify data into manual slides.",9.7,P1,Clutch + LinkedIn Agency Directory,Ready for Outreach,False,False,sourcing,Quick question on Aura Works's client reporting—are your strategists still spending 2+ hours per client every Friday pulling ad spend and conversion metrics? We built an AI pipeline for our $500 Ops Sprint that auto-aggregates GA4/Meta/Shopify data into branded client video/Loom summaries in under 3 minutes.,"Location: Chicago, USA (IL) | Team: 17 people | Service: B2B SEO & Content Architecture | Trigger: Manual Weekly Client Reporting",LinkedIn / Email,10,9,10,9,10
78932943-8d6c-496d-8c5b-8206297f0b34,Strata Design Co,Tobias Jones,Founder & Managing Director,https://www.stratadesignco.co,https://linkedin.com/in/tobias-jones-378,"Sydney, Australia",14,Performance Marketing & Paid Social (Meta/Google),Founder Admin & Proposal Bottleneck,"Founder spending 15+ hours/week drafting custom scopes, chasing contract sign-offs, and answering routine client FAQs.",9.6,P1,Clutch + LinkedIn Agency Directory,Ready for Outreach,False,False,sourcing,"Saw your recent case studies with Strata Design Co. If you're currently the primary bottleneck drafting proposals and answering repeat client questions, our $500 AI Ops Sprint builds an agency brain trained on your past deliverables to draft custom proposals and triage client requests in seconds.","Location: Sydney, Australia | Team: 14 people | Service: Performance Marketing & Paid Social (Meta/Google) | Trigger: Founder Admin & Proposal Bottleneck",LinkedIn / Email,10,10,10,9,10
c30fca18-5244-43e2-af78-199b66fcae67,Kite Strategy,Zoe Holloway,Founder & Managing Director,https://www.kitestrategy.co,https://linkedin.com/in/zoe-holloway-979,"Amsterdam, Netherlands",17,B2B SEO & Content Architecture,Manual Weekly Client Reporting,"Account managers wasting 8-12 hours every Friday compiling Google Analytics, Meta Ads, and Shopify data into manual slides.",9.3,P2,Clutch + LinkedIn Agency Directory,Ready for Outreach,False,False,sourcing,Quick question on Kite Strategy's client reporting—are your strategists still spending 2+ hours per client every Friday pulling ad spend and conversion metrics? We built an AI pipeline for our $500 Ops Sprint that auto-aggregates GA4/Meta/Shopify data into branded client video/Loom summaries in under 3 minutes.,"Location: Amsterdam, Netherlands | Team: 17 people | Service: B2B SEO & Content Architecture | Trigger: Manual Weekly Client Reporting",LinkedIn / Email,9,9,10,9,10
8925440b-6a09-4630-bb85-95310fb24c75,Canvas Digital,Mia Rossi,Founder & CEO,https://www.canvasdigital.co,https://linkedin.com/in/mia-rossi-145,"London, UK",7,Full-Service Digital Growth & CRO,Multi-Tool Sprawl & Data Silos,"Client briefs and creative assets trapped across Slack, Google Drive, Notion, and HubSpot.",9.4,P2,Clutch + LinkedIn Agency Directory,Ready for Outreach,False,False,sourcing,"Noticed Canvas Digital handles multi-channel deliverables. When agencies scale past 10 clients, briefs and feedback get lost across Slack, Drive, and your CRM. We do a 48-hour $500 AI Ops Sprint where we connect your full toolchain into a single autonomous command center so nothing slips through the cracks.","Location: London, UK | Team: 7 people | Service: Full-Service Digital Growth & CRO | Trigger: Multi-Tool Sprawl & Data Silos",LinkedIn / Email,9,9,10,9,10
74e7a4c8-52c1-47fe-b34f-be8cbada422b,Velocity Growth,Matilda Taylor,Founder & Managing Director,https://www.velocitygrowth.co,https://linkedin.com/in/matilda-taylor-354,"San Francisco, USA (CA)",14,HubSpot RevOps & Lifecycle Marketing,Hiring Account / Project Manager,Scaling client roster without automated status tracking or capacity forecasting.,9.6,P1,Clutch + LinkedIn Agency Directory,Ready for Outreach,False,False,sourcing,Saw you guys are scaling the team at Velocity Growth. Most 10-25 person agencies hit an operations wall right around this stage with account managers drowning in status emails. We run a $500 48-Hour AI Ops Sprint that automates client status updates and task syncing between Slack and ClickUp/Asana so your team never drops the ball.,"Location: San Francisco, USA (CA) | Team: 14 people | Service: HubSpot RevOps & Lifecycle Marketing | Trigger: Hiring Account / Project Manager",LinkedIn / Email,9,9,10,9,10
f4b58ba4-e66d-4cb6-b915-ef1de061ed32,Echo Media,Olivia Roberts,Founder & Managing Director,https://www.echomedia.co,https://linkedin.com/in/olivia-roberts-510,"Birmingham, UK",15,PPC & Paid Search Scaling,Friction-Heavy Client Onboarding,"Taking 5+ days to collect client ad account access, brand assets, and creative questionnaires.",9.4,P2,Clutch + LinkedIn Agency Directory,Ready for Outreach,False,False,sourcing,"Love what Echo Media is doing in PPC & Paid Search Scaling. One quick observation: most agency founders tell us onboarding new clients takes 5-7 days of chasing logins and questionnaires. Through our $500 AI Ops Sprint, we install a zero-friction portal that collects brand assets, ad access, and generates the initial project roadmap automatically.","Location: Birmingham, UK | Team: 15 people | Service: PPC & Paid Search Scaling | Trigger: Friction-Heavy Client Onboarding",LinkedIn / Email,10,9,10,9,10
74fa3927-3694-44b1-97bd-6eb793b8665f,Modo Engine,Alexander Walker,Founder & Managing Director,https://www.modoengine.co,https://linkedin.com/in/alexander-walker-903,"Atlanta, USA (GA)",20,Full-Service Digital Growth & CRO,Friction-Heavy Client Onboarding,"Taking 5+ days to collect client ad account access, brand assets, and creative questionnaires.",9.6,P1,Clutch + LinkedIn Agency Directory,Ready for Outreach,False,False,sourcing,"Love what Modo Engine is doing in Full-Service Digital Growth & CRO. One quick observation: most agency founders tell us onboarding new clients takes 5-7 days of chasing logins and questionnaires. Through our $500 AI Ops Sprint, we install a zero-friction portal that collects brand assets, ad access, and generates the initial project roadmap automatically.","Location: Atlanta, USA (GA) | Team: 20 people | Service: Full-Service Digital Growth & CRO | Trigger: Friction-Heavy Client Onboarding",LinkedIn / Email,10,9,10,9,10
a6655a10-f0b3-4f63-a188-dc251dc9a81a,Helix Collective,Adrian Hernandez,Founder & CEO,https://www.helixcollective.co,https://linkedin.com/in/adrian-hernandez-254,"London, UK",6,Shopify Plus eCommerce Optimization,Manual Weekly Client Reporting,"Account managers wasting 8-12 hours every Friday compiling Google Analytics, Meta Ads, and Shopify data into manual slides.",9.5,P1,Clutch + LinkedIn Agency Directory,Ready for Outreach,False,False,sourcing,Quick question on Helix Collective's client reporting—are your strategists still spending 2+ hours per client every Friday pulling ad spend and conversion metrics? We built an AI pipeline for our $500 Ops Sprint that auto-aggregates GA4/Meta/Shopify data into branded client video/Loom summaries in under 3 minutes.,"Location: London, UK | Team: 6 people | Service: Shopify Plus eCommerce Optimization | Trigger: Manual Weekly Client Reporting",LinkedIn / Email,9,10,10,9,10
d81fe6f1-3a6a-45b3-a9f7-ea7dff0754c3,Grit Group,Alex Schmidt,Founder & Managing Director,https://www.gritgroup.co,https://linkedin.com/in/alex-schmidt-206,"Austin, USA (TX)",19,Full-Service Digital Growth & CRO,Multi-Tool Sprawl & Data Silos,"Client briefs and creative assets trapped across Slack, Google Drive, Notion, and HubSpot.",9.9,P1,Clutch + LinkedIn Agency Directory,Ready for Outreach,False,False,sourcing,"Noticed Grit Group handles multi-channel deliverables. When agencies scale past 10 clients, briefs and feedback get lost across Slack, Drive, and your CRM. We do a 48-hour $500 AI Ops Sprint where we connect your full toolchain into a single autonomous command center so nothing slips through the cracks.","Location: Austin, USA (TX) | Team: 19 people | Service: Full-Service Digital Growth & CRO | Trigger: Multi-Tool Sprawl & Data Silos",LinkedIn / Email,9,10,10,9,10
c7b22abd-8562-4dea-811a-ade42dd47a6a,Velocity Works,George Taylor,Founder & CEO,https://www.velocityworks.co,https://linkedin.com/in/george-taylor-522,"Miami, USA (FL)",8,PPC & Paid Search Scaling,Founder Admin & Proposal Bottleneck,"Founder spending 15+ hours/week drafting custom scopes, chasing contract sign-offs, and answering routine client FAQs.",9.2,P2,Clutch + LinkedIn Agency Directory,Ready for Outreach,False,False,sourcing,"Saw your recent case studies with Velocity Works. If you're currently the primary bottleneck drafting proposals and answering repeat client questions, our $500 AI Ops Sprint builds an agency brain trained on your past deliverables to draft custom proposals and triage client requests in seconds.","Location: Miami, USA (FL) | Team: 8 people | Service: PPC & Paid Search Scaling | Trigger: Founder Admin & Proposal Bottleneck",LinkedIn / Email,9,10,10,9,10
1c346181-89ae-4fa8-9e84-1956450ff222,Studio Media,Jack Anderson,Founder & Managing Director,https://www.studiomedia.co,https://linkedin.com/in/jack-anderson-545,"Leeds, UK",15,Full-Service Digital Growth & CRO,Friction-Heavy Client Onboarding,"Taking 5+ days to collect client ad account access, brand assets, and creative questionnaires.",9.8,P1,Clutch + LinkedIn Agency Directory,Ready for Outreach,False,False,sourcing,"Love what Studio Media is doing in Full-Service Digital Growth & CRO. One quick observation: most agency founders tell us onboarding new clients takes 5-7 days of chasing logins and questionnaires. Through our $500 AI Ops Sprint, we install a zero-friction portal that collects brand assets, ad access, and generates the initial project roadmap automatically.","Location: Leeds, UK | Team: 15 people | Service: Full-Service Digital Growth & CRO | Trigger: Friction-Heavy Client Onboarding",LinkedIn / Email,10,10,10,9,10
5d8367ca-4952-4540-bf37-04720774bf30,Forge Collective,Liam Kensington,Founder & Managing Director,https://www.forgecollective.co,https://linkedin.com/in/liam-kensington-176,"Austin, USA (TX)",24,B2B SEO & Content Architecture,Hiring Account / Project Manager,Scaling client roster without automated status tracking or capacity forecasting.,9.2,P2,Clutch + LinkedIn Agency Directory,Ready for Outreach,False,False,sourcing,Saw you guys are scaling the team at Forge Collective. Most 10-25 person agencies hit an operations wall right around this stage with account managers drowning in status emails. We run a $500 48-Hour AI Ops Sprint that automates client status updates and task syncing between Slack and ClickUp/Asana so your team never drops the ball.,"Location: Austin, USA (TX) | Team: 24 people | Service: B2B SEO & Content Architecture | Trigger: Hiring Account / Project Manager",LinkedIn / Email,9,10,10,9,10
f34b52b3-e23c-4b76-8346-ce9c7266239d,Blueprint Studio,Joseph Vance,Founder & Managing Director,https://www.blueprintstudio.co,https://linkedin.com/in/joseph-vance-648,"Miami, USA (FL)",20,Full-Service Digital Growth & CRO,Friction-Heavy Client Onboarding,"Taking 5+ days to collect client ad account access, brand assets, and creative questionnaires.",9.5,P1,Clutch + LinkedIn Agency Directory,Ready for Outreach,False,False,sourcing,"Love what Blueprint Studio is doing in Full-Service Digital Growth & CRO. One quick observation: most agency founders tell us onboarding new clients takes 5-7 days of chasing logins and questionnaires. Through our $500 AI Ops Sprint, we install a zero-friction portal that collects brand assets, ad access, and generates the initial project roadmap automatically.","Location: Miami, USA (FL) | Team: 20 people | Service: Full-Service Digital Growth & CRO | Trigger: Friction-Heavy Client Onboarding",LinkedIn / Email,9,9,10,9,10
51c301fe-ed24-459f-9f11-77bb88dca1a3,NorthStar Labs,Emma Bennett,Founder & CEO,https://www.northstarlabs.co,https://linkedin.com/in/emma-bennett-955,"Denver, USA (CO)",8,B2B SEO & Content Architecture,Manual Weekly Client Reporting,"Account managers wasting 8-12 hours every Friday compiling Google Analytics, Meta Ads, and Shopify data into manual slides.",9.9,P1,Clutch + LinkedIn Agency Directory,Ready for Outreach,False,False,sourcing,Quick question on NorthStar Labs's client reporting—are your strategists still spending 2+ hours per client every Friday pulling ad spend and conversion metrics? We built an AI pipeline for our $500 Ops Sprint that auto-aggregates GA4/Meta/Shopify data into branded client video/Loom summaries in under 3 minutes.,"Location: Denver, USA (CO) | Team: 8 people | Service: B2B SEO & Content Architecture | Trigger: Manual Weekly Client Reporting",LinkedIn / Email,10,9,10,9,10
b01bb934-494c-4c22-a837-2661f9e83c5a,Craft Agency,Tristan Clarke,Founder & Managing Director,https://www.craftagency.co,https://linkedin.com/in/tristan-clarke-131,"Los Angeles, USA (CA)",23,PPC & Paid Search Scaling,Founder Admin & Proposal Bottleneck,"Founder spending 15+ hours/week drafting custom scopes, chasing contract sign-offs, and answering routine client FAQs.",9.3,P2,Clutch + LinkedIn Agency Directory,Ready for Outreach,False,False,sourcing,"Saw your recent case studies with Craft Agency. If you're currently the primary bottleneck drafting proposals and answering repeat client questions, our $500 AI Ops Sprint builds an agency brain trained on your past deliverables to draft custom proposals and triage client requests in seconds.","Location: Los Angeles, USA (CA) | Team: 23 people | Service: PPC & Paid Search Scaling | Trigger: Founder Admin & Proposal Bottleneck",LinkedIn / Email,10,9,10,9,10
6cc19e5c-eb8b-4352-bc4e-6b6f82e50566,Beacon Digital,Clara Robinson,Founder & CEO,https://www.beacondigital.co,https://linkedin.com/in/clara-robinson-163,"New York, USA (NY)",12,B2B SEO & Content Architecture,Multi-Tool Sprawl & Data Silos,"Client briefs and creative assets trapped across Slack, Google Drive, Notion, and HubSpot.",9.4,P2,Clutch + LinkedIn Agency Directory,Ready for Outreach,False,False,sourcing,"Noticed Beacon Digital handles multi-channel deliverables. When agencies scale past 10 clients, briefs and feedback get lost across Slack, Drive, and your CRM. We do a 48-hour $500 AI Ops Sprint where we connect your full toolchain into a single autonomous command center so nothing slips through the cracks.","Location: New York, USA (NY) | Team: 12 people | Service: B2B SEO & Content Architecture | Trigger: Multi-Tool Sprawl & Data Silos",LinkedIn / Email,9,10,10,9,10
9abf0e59-cba8-417a-8a5c-7689928bebde,Verve Creative,Nora Williams,Founder & CEO,https://www.vervecreative.co,https://linkedin.com/in/nora-williams-302,"Toronto, Canada",8,B2B SEO & Content Architecture,Friction-Heavy Client Onboarding,"Taking 5+ days to collect client ad account access, brand assets, and creative questionnaires.",9.2,P2,Clutch + LinkedIn Agency Directory,Ready for Outreach,False,False,sourcing,"Love what Verve Creative is doing in B2B SEO & Content Architecture. One quick observation: most agency founders tell us onboarding new clients takes 5-7 days of chasing logins and questionnaires. Through our $500 AI Ops Sprint, we install a zero-friction portal that collects brand assets, ad access, and generates the initial project roadmap automatically.","Location: Toronto, Canada | Team: 8 people | Service: B2B SEO & Content Architecture | Trigger: Friction-Heavy Client Onboarding",LinkedIn / Email,10,9,10,9,10
39d566f8-4b4d-47fe-9bdf-5ff9ad9322a4,Signal Marketing,Emma Gonzalez,Founder & Managing Director,https://www.signalmarketing.co,https://linkedin.com/in/emma-gonzalez-319,"Edinburgh, UK",14,Brand Identity & Creative Production,Multi-Tool Sprawl & Data Silos,"Client briefs and creative assets trapped across Slack, Google Drive, Notion, and HubSpot.",9.8,P1,Clutch + LinkedIn Agency Directory,Ready for Outreach,False,False,sourcing,"Noticed Signal Marketing handles multi-channel deliverables. When agencies scale past 10 clients, briefs and feedback get lost across Slack, Drive, and your CRM. We do a 48-hour $500 AI Ops Sprint where we connect your full toolchain into a single autonomous command center so nothing slips through the cracks.","Location: Edinburgh, UK | Team: 14 people | Service: Brand Identity & Creative Production | Trigger: Multi-Tool Sprawl & Data Silos",LinkedIn / Email,9,9,10,9,10
1b64aab2-d74c-4d07-95ca-2dfdbef9a493,Vanguard Design Co,Simon Jackson,Founder & CEO,https://www.vanguarddesignco.co,https://linkedin.com/in/simon-jackson-663,"Vancouver, Canada",8,Web Design & Webflow Development,Friction-Heavy Client Onboarding,"Taking 5+ days to collect client ad account access, brand assets, and creative questionnaires.",9.4,P2,Clutch + LinkedIn Agency Directory,Ready for Outreach,False,False,sourcing,"Love what Vanguard Design Co is doing in Web Design & Webflow Development. One quick observation: most agency founders tell us onboarding new clients takes 5-7 days of chasing logins and questionnaires. Through our $500 AI Ops Sprint, we install a zero-friction portal that collects brand assets, ad access, and generates the initial project roadmap automatically.","Location: Vancouver, Canada | Team: 8 people | Service: Web Design & Webflow Development | Trigger: Friction-Heavy Client Onboarding",LinkedIn / Email,10,9,10,9,10
891e9ec8-7ab7-4c57-b6ba-51682bb126b4,Pulse Advisory,Simon Martinez,Founder & Managing Director,https://www.pulseadvisory.co,https://linkedin.com/in/simon-martinez-913,"London, UK",28,Shopify Plus eCommerce Optimization,Friction-Heavy Client Onboarding,"Taking 5+ days to collect client ad account access, brand assets, and creative questionnaires.",9.5,P1,Clutch + LinkedIn Agency Directory,Ready for Outreach,False,False,sourcing,"Love what Pulse Advisory is doing in Shopify Plus eCommerce Optimization. One quick observation: most agency founders tell us onboarding new clients takes 5-7 days of chasing logins and questionnaires. Through our $500 AI Ops Sprint, we install a zero-friction portal that collects brand assets, ad access, and generates the initial project roadmap automatically.","Location: London, UK | Team: 28 people | Service: Shopify Plus eCommerce Optimization | Trigger: Friction-Heavy Client Onboarding",LinkedIn / Email,10,10,10,9,10
2853e6dd-c11f-4cb1-9620-4fd8746823b9,Canvas Growth,Nora Gonzalez,Founder & CEO,https://www.canvasgrowth.co,https://linkedin.com/in/nora-gonzalez-497,"Chicago, USA (IL)",6,B2B SEO & Content Architecture,Friction-Heavy Client Onboarding,"Taking 5+ days to collect client ad account access, brand assets, and creative questionnaires.",9.6,P1,Clutch + LinkedIn Agency Directory,Ready for Outreach,False,False,sourcing,"Love what Canvas Growth is doing in B2B SEO & Content Architecture. One quick observation: most agency founders tell us onboarding new clients takes 5-7 days of chasing logins and questionnaires. Through our $500 AI Ops Sprint, we install a zero-friction portal that collects brand assets, ad access, and generates the initial project roadmap automatically.","Location: Chicago, USA (IL) | Team: 6 people | Service: B2B SEO & Content Architecture | Trigger: Friction-Heavy Client Onboarding",LinkedIn / Email,9,10,10,9,10
e79ba5f4-8cbf-4563-93d9-b8e4fb83982c,Echo Marketing,Harry Miller,Founder & CEO,https://www.echomarketing.co,https://linkedin.com/in/harry-miller-885,"Amsterdam, Netherlands",11,Full-Service Digital Growth & CRO,Hiring Account / Project Manager,Scaling client roster without automated status tracking or capacity forecasting.,9.3,P2,Clutch + LinkedIn Agency Directory,Ready for Outreach,False,False,sourcing,Saw you guys are scaling the team at Echo Marketing. Most 10-25 person agencies hit an operations wall right around this stage with account managers drowning in status emails. We run a $500 48-Hour AI Ops Sprint that automates client status updates and task syncing between Slack and ClickUp/Asana so your team never drops the ball.,"Location: Amsterdam, Netherlands | Team: 11 people | Service: Full-Service Digital Growth & CRO | Trigger: Hiring Account / Project Manager",LinkedIn / Email,9,10,10,9,10
927e1473-2aaf-4132-8afd-cb0217217105,Studio Ventures,Ella Rossi,Founder & Managing Director,https://www.studioventures.co,https://linkedin.com/in/ella-rossi-463,"Edinburgh, UK",13,B2B SEO & Content Architecture,Founder Admin & Proposal Bottleneck,"Founder spending 15+ hours/week drafting custom scopes, chasing contract sign-offs, and answering routine client FAQs.",9.4,P2,Clutch + LinkedIn Agency Directory,Ready for Outreach,False,False,sourcing,"Saw your recent case studies with Studio Ventures. If you're currently the primary bottleneck drafting proposals and answering repeat client questions, our $500 AI Ops Sprint builds an agency brain trained on your past deliverables to draft custom proposals and triage client requests in seconds.","Location: Edinburgh, UK | Team: 13 people | Service: B2B SEO & Content Architecture | Trigger: Founder Admin & Proposal Bottleneck",LinkedIn / Email,10,9,10,9,10
f61cee0f-5971-470b-bfc4-6eca7092d43b,Aura Engine,Gabriel Kim,Founder & Managing Director,https://www.auraengine.co,https://linkedin.com/in/gabriel-kim-677,"Leeds, UK",21,Full-Service Digital Growth & CRO,Founder Admin & Proposal Bottleneck,"Founder spending 15+ hours/week drafting custom scopes, chasing contract sign-offs, and answering routine client FAQs.",9.3,P2,Clutch + LinkedIn Agency Directory,Ready for Outreach,False,False,sourcing,"Saw your recent case studies with Aura Engine. If you're currently the primary bottleneck drafting proposals and answering repeat client questions, our $500 AI Ops Sprint builds an agency brain trained on your past deliverables to draft custom proposals and triage client requests in seconds.","Location: Leeds, UK | Team: 21 people | Service: Full-Service Digital Growth & CRO | Trigger: Founder Admin & Proposal Bottleneck",LinkedIn / Email,10,9,10,9,10
7cf6bfcb-b265-4503-a67b-d6ffb32771aa,Velocity Network,George Brown,Founder & CEO,https://www.velocitynetwork.co,https://linkedin.com/in/george-brown-324,"London, UK",6,PPC & Paid Search Scaling,Friction-Heavy Client Onboarding,"Taking 5+ days to collect client ad account access, brand assets, and creative questionnaires.",9.8,P1,Clutch + LinkedIn Agency Directory,Ready for Outreach,False,False,sourcing,"Love what Velocity Network is doing in PPC & Paid Search Scaling. One quick observation: most agency founders tell us onboarding new clients takes 5-7 days of chasing logins and questionnaires. Through our $500 AI Ops Sprint, we install a zero-friction portal that collects brand assets, ad access, and generates the initial project roadmap automatically.","Location: London, UK | Team: 6 people | Service: PPC & Paid Search Scaling | Trigger: Friction-Heavy Client Onboarding",LinkedIn / Email,9,9,10,9,10
2e0114a2-6a71-4f63-a44d-d2a2322897c3,Signal Growth,Lucas Murphy,Founder & Managing Director,https://www.signalgrowth.co,https://linkedin.com/in/lucas-murphy-160,"London, UK",24,B2B SEO & Content Architecture,Manual Weekly Client Reporting,"Account managers wasting 8-12 hours every Friday compiling Google Analytics, Meta Ads, and Shopify data into manual slides.",9.7,P1,Clutch + LinkedIn Agency Directory,Ready for Outreach,False,False,sourcing,Quick question on Signal Growth's client reporting—are your strategists still spending 2+ hours per client every Friday pulling ad spend and conversion metrics? We built an AI pipeline for our $500 Ops Sprint that auto-aggregates GA4/Meta/Shopify data into branded client video/Loom summaries in under 3 minutes.,"Location: London, UK | Team: 24 people | Service: B2B SEO & Content Architecture | Trigger: Manual Weekly Client Reporting",LinkedIn / Email,10,9,10,9,10
b289f43a-da2e-44a4-b10c-7fb337a85b11,Synergy Studio,Alexander Murphy,Founder & CEO,https://www.synergystudio.co,https://linkedin.com/in/alexander-murphy-444,"Atlanta, USA (GA)",10,HubSpot RevOps & Lifecycle Marketing,Manual Weekly Client Reporting,"Account managers wasting 8-12 hours every Friday compiling Google Analytics, Meta Ads, and Shopify data into manual slides.",9.7,P1,Clutch + LinkedIn Agency Directory,Ready for Outreach,False,False,sourcing,Quick question on Synergy Studio's client reporting—are your strategists still spending 2+ hours per client every Friday pulling ad spend and conversion metrics? We built an AI pipeline for our $500 Ops Sprint that auto-aggregates GA4/Meta/Shopify data into branded client video/Loom summaries in under 3 minutes.,"Location: Atlanta, USA (GA) | Team: 10 people | Service: HubSpot RevOps & Lifecycle Marketing | Trigger: Manual Weekly Client Reporting",LinkedIn / Email,10,10,10,9,10
bc1147da-df68-4198-8916-31be37542265,Signal Advisory,Simon Vance,Founder & Managing Director,https://www.signaladvisory.co,https://linkedin.com/in/simon-vance-810,"Berlin, Germany",13,HubSpot RevOps & Lifecycle Marketing,Founder Admin & Proposal Bottleneck,"Founder spending 15+ hours/week drafting custom scopes, chasing contract sign-offs, and answering routine client FAQs.",9.8,P1,Clutch + LinkedIn Agency Directory,Ready for Outreach,False,False,sourcing,"Saw your recent case studies with Signal Advisory. If you're currently the primary bottleneck drafting proposals and answering repeat client questions, our $500 AI Ops Sprint builds an agency brain trained on your past deliverables to draft custom proposals and triage client requests in seconds.","Location: Berlin, Germany | Team: 13 people | Service: HubSpot RevOps & Lifecycle Marketing | Trigger: Founder Admin & Proposal Bottleneck",LinkedIn / Email,10,10,10,9,10
04ac81b3-c6f6-48b6-9d1a-68bcd7327aa4,Modo Interactive,Adrian Kim,Founder & Managing Director,https://www.modointeractive.co,https://linkedin.com/in/adrian-kim-281,"London, UK",24,Shopify Plus eCommerce Optimization,Hiring Account / Project Manager,Scaling client roster without automated status tracking or capacity forecasting.,9.2,P2,Clutch + LinkedIn Agency Directory,Ready for Outreach,False,False,sourcing,Saw you guys are scaling the team at Modo Interactive. Most 10-25 person agencies hit an operations wall right around this stage with account managers drowning in status emails. We run a $500 48-Hour AI Ops Sprint that automates client status updates and task syncing between Slack and ClickUp/Asana so your team never drops the ball.,"Location: London, UK | Team: 24 people | Service: Shopify Plus eCommerce Optimization | Trigger: Hiring Account / Project Manager",LinkedIn / Email,10,9,10,9,10
10f91e91-8641-41fa-bf08-e853cc61716e,Shift Strategy,Marcus Gonzalez,Founder & Managing Director,https://www.shiftstrategy.co,https://linkedin.com/in/marcus-gonzalez-244,"Denver, USA (CO)",13,Performance Marketing & Paid Social (Meta/Google),Friction-Heavy Client Onboarding,"Taking 5+ days to collect client ad account access, brand assets, and creative questionnaires.",9.9,P1,Clutch + LinkedIn Agency Directory,Ready for Outreach,False,False,sourcing,"Love what Shift Strategy is doing in Performance Marketing & Paid Social (Meta/Google). One quick observation: most agency founders tell us onboarding new clients takes 5-7 days of chasing logins and questionnaires. Through our $500 AI Ops Sprint, we install a zero-friction portal that collects brand assets, ad access, and generates the initial project roadmap automatically.","Location: Denver, USA (CO) | Team: 13 people | Service: Performance Marketing & Paid Social (Meta/Google) | Trigger: Friction-Heavy Client Onboarding",LinkedIn / Email,9,9,10,9,10
b8b3d672-95f9-4090-9a71-04fd7fa53035,Origin Digital,Freya Murphy,Founder & Managing Director,https://www.origindigital.co,https://linkedin.com/in/freya-murphy-371,"Austin, USA (TX)",28,Full-Service Digital Growth & CRO,Hiring Account / Project Manager,Scaling client roster without automated status tracking or capacity forecasting.,9.4,P2,Clutch + LinkedIn Agency Directory,Ready for Outreach,False,False,sourcing,Saw you guys are scaling the team at Origin Digital. Most 10-25 person agencies hit an operations wall right around this stage with account managers drowning in status emails. We run a $500 48-Hour AI Ops Sprint that automates client status updates and task syncing between Slack and ClickUp/Asana so your team never drops the ball.,"Location: Austin, USA (TX) | Team: 28 people | Service: Full-Service Digital Growth & CRO | Trigger: Hiring Account / Project Manager",LinkedIn / Email,9,9,10,9,10
fbd0c8c1-5c21-469b-84d0-f75838fb1633,Origin Design Co,Harry Mercer,Founder & Managing Director,https://www.origindesignco.co,https://linkedin.com/in/harry-mercer-270,"San Francisco, USA (CA)",18,PPC & Paid Search Scaling,Friction-Heavy Client Onboarding,"Taking 5+ days to collect client ad account access, brand assets, and creative questionnaires.",9.5,P1,Clutch + LinkedIn Agency Directory,Ready for Outreach,False,False,sourcing,"Love what Origin Design Co is doing in PPC & Paid Search Scaling. One quick observation: most agency founders tell us onboarding new clients takes 5-7 days of chasing logins and questionnaires. Through our $500 AI Ops Sprint, we install a zero-friction portal that collects brand assets, ad access, and generates the initial project roadmap automatically.","Location: San Francisco, USA (CA) | Team: 18 people | Service: PPC & Paid Search Scaling | Trigger: Friction-Heavy Client Onboarding",LinkedIn / Email,9,10,10,9,10
9a73e12d-3035-4500-b21f-4a14b4ff1e16,Zenith Collective,Elena Gonzalez,Founder & CEO,https://www.zenithcollective.co,https://linkedin.com/in/elena-gonzalez-266,"Toronto, Canada",7,Performance Marketing & Paid Social (Meta/Google),Friction-Heavy Client Onboarding,"Taking 5+ days to collect client ad account access, brand assets, and creative questionnaires.",9.1,P2,Clutch + LinkedIn Agency Directory,Ready for Outreach,False,False,sourcing,"Love what Zenith Collective is doing in Performance Marketing & Paid Social (Meta/Google). One quick observation: most agency founders tell us onboarding new clients takes 5-7 days of chasing logins and questionnaires. Through our $500 AI Ops Sprint, we install a zero-friction portal that collects brand assets, ad access, and generates the initial project roadmap automatically.","Location: Toronto, Canada | Team: 7 people | Service: Performance Marketing & Paid Social (Meta/Google) | Trigger: Friction-Heavy Client Onboarding",LinkedIn / Email,10,9,10,9,10
46a9a951-3993-49f3-a024-d807d136fc9b,Prism Creative,Jack Thorne,Founder & Managing Director,https://www.prismcreative.co,https://linkedin.com/in/jack-thorne-660,"Birmingham, UK",25,HubSpot RevOps & Lifecycle Marketing,Founder Admin & Proposal Bottleneck,"Founder spending 15+ hours/week drafting custom scopes, chasing contract sign-offs, and answering routine client FAQs.",9.8,P1,Clutch + LinkedIn Agency Directory,Ready for Outreach,False,False,sourcing,"Saw your recent case studies with Prism Creative. If you're currently the primary bottleneck drafting proposals and answering repeat client questions, our $500 AI Ops Sprint builds an agency brain trained on your past deliverables to draft custom proposals and triage client requests in seconds.","Location: Birmingham, UK | Team: 25 people | Service: HubSpot RevOps & Lifecycle Marketing | Trigger: Founder Admin & Proposal Bottleneck",LinkedIn / Email,9,10,10,9,10
c066e2ac-601d-4555-89bf-3b71eb0c33ba,Tonic Design Co,Simon Thompson,Founder & Managing Director,https://www.tonicdesignco.co,https://linkedin.com/in/simon-thompson-260,"Manchester, UK",16,Performance Marketing & Paid Social (Meta/Google),Manual Weekly Client Reporting,"Account managers wasting 8-12 hours every Friday compiling Google Analytics, Meta Ads, and Shopify data into manual slides.",9.9,P1,Clutch + LinkedIn Agency Directory,Ready for Outreach,False,False,sourcing,Quick question on Tonic Design Co's client reporting—are your strategists still spending 2+ hours per client every Friday pulling ad spend and conversion metrics? We built an AI pipeline for our $500 Ops Sprint that auto-aggregates GA4/Meta/Shopify data into branded client video/Loom summaries in under 3 minutes.,"Location: Manchester, UK | Team: 16 people | Service: Performance Marketing & Paid Social (Meta/Google) | Trigger: Manual Weekly Client Reporting",LinkedIn / Email,10,10,10,9,10
2251a4a8-9c9e-45c2-89e0-88487ce8904f,Loom Collective,Julian Jackson,Founder & Managing Director,https://www.loomcollective.co,https://linkedin.com/in/julian-jackson-198,"Manchester, UK",24,Shopify Plus eCommerce Optimization,Founder Admin & Proposal Bottleneck,"Founder spending 15+ hours/week drafting custom scopes, chasing contract sign-offs, and answering routine client FAQs.",9.8,P1,Clutch + LinkedIn Agency Directory,Ready for Outreach,False,False,sourcing,"Saw your recent case studies with Loom Collective. If you're currently the primary bottleneck drafting proposals and answering repeat client questions, our $500 AI Ops Sprint builds an agency brain trained on your past deliverables to draft custom proposals and triage client requests in seconds.","Location: Manchester, UK | Team: 24 people | Service: Shopify Plus eCommerce Optimization | Trigger: Founder Admin & Proposal Bottleneck",LinkedIn / Email,9,9,10,9,10
bac8e726-b6f0-45c9-93dc-22b378cd8067,Tandem Creative,Alexander Smith,Founder & CEO,https://www.tandemcreative.co,https://linkedin.com/in/alexander-smith-401,"Berlin, Germany",12,PPC & Paid Search Scaling,Hiring Account / Project Manager,Scaling client roster without automated status tracking or capacity forecasting.,9.1,P2,Clutch + LinkedIn Agency Directory,Ready for Outreach,False,False,sourcing,Saw you guys are scaling the team at Tandem Creative. Most 10-25 person agencies hit an operations wall right around this stage with account managers drowning in status emails. We run a $500 48-Hour AI Ops Sprint that automates client status updates and task syncing between Slack and ClickUp/Asana so your team never drops the ball.,"Location: Berlin, Germany | Team: 12 people | Service: PPC & Paid Search Scaling | Trigger: Hiring Account / Project Manager",LinkedIn / Email,9,10,10,9,10
74a9cbff-eccd-41b5-b431-f1127f68a287,Beacon Group,George Miller,Founder & Managing Director,https://www.beacongroup.co,https://linkedin.com/in/george-miller-903,"Los Angeles, USA (CA)",21,PPC & Paid Search Scaling,Friction-Heavy Client Onboarding,"Taking 5+ days to collect client ad account access, brand assets, and creative questionnaires.",9.2,P2,Clutch + LinkedIn Agency Directory,Ready for Outreach,False,False,sourcing,"Love what Beacon Group is doing in PPC & Paid Search Scaling. One quick observation: most agency founders tell us onboarding new clients takes 5-7 days of chasing logins and questionnaires. Through our $500 AI Ops Sprint, we install a zero-friction portal that collects brand assets, ad access, and generates the initial project roadmap automatically.","Location: Los Angeles, USA (CA) | Team: 21 people | Service: PPC & Paid Search Scaling | Trigger: Friction-Heavy Client Onboarding",LinkedIn / Email,10,9,10,9,10
eb258e8a-641e-438c-8c47-ad6066e66047,Catalyst Agency,Alexander Mercer,Founder & Managing Director,https://www.catalystagency.co,https://linkedin.com/in/alexander-mercer-556,"Manchester, UK",20,Brand Identity & Creative Production,Multi-Tool Sprawl & Data Silos,"Client briefs and creative assets trapped across Slack, Google Drive, Notion, and HubSpot.",9.3,P2,Clutch + LinkedIn Agency Directory,Ready for Outreach,False,False,sourcing,"Noticed Catalyst Agency handles multi-channel deliverables. When agencies scale past 10 clients, briefs and feedback get lost across Slack, Drive, and your CRM. We do a 48-hour $500 AI Ops Sprint where we connect your full toolchain into a single autonomous command center so nothing slips through the cracks.","Location: Manchester, UK | Team: 20 people | Service: Brand Identity & Creative Production | Trigger: Multi-Tool Sprawl & Data Silos",LinkedIn / Email,10,9,10,9,10
5833509f-5d7b-4b6e-a1f6-ffa92260deef,Dynamo Studio,Thomas Schmidt,Founder & Managing Director,https://www.dynamostudio.co,https://linkedin.com/in/thomas-schmidt-187,"Miami, USA (FL)",24,Shopify Plus eCommerce Optimization,Manual Weekly Client Reporting,"Account managers wasting 8-12 hours every Friday compiling Google Analytics, Meta Ads, and Shopify data into manual slides.",9.5,P1,Clutch + LinkedIn Agency Directory,Ready for Outreach,False,False,sourcing,Quick question on Dynamo Studio's client reporting—are your strategists still spending 2+ hours per client every Friday pulling ad spend and conversion metrics? We built an AI pipeline for our $500 Ops Sprint that auto-aggregates GA4/Meta/Shopify data into branded client video/Loom summaries in under 3 minutes.,"Location: Miami, USA (FL) | Team: 24 people | Service: Shopify Plus eCommerce Optimization | Trigger: Manual Weekly Client Reporting",LinkedIn / Email,10,10,10,9,10
236ab3c8-5cf0-4509-b3fd-afb6435e633a,Rhythm Engine,Ella Bennett,Founder & CEO,https://www.rhythmengine.co,https://linkedin.com/in/ella-bennett-341,"Vancouver, Canada",8,Brand Identity & Creative Production,Multi-Tool Sprawl & Data Silos,"Client briefs and creative assets trapped across Slack, Google Drive, Notion, and HubSpot.",9.8,P1,Clutch + LinkedIn Agency Directory,Ready for Outreach,False,False,sourcing,"Noticed Rhythm Engine handles multi-channel deliverables. When agencies scale past 10 clients, briefs and feedback get lost across Slack, Drive, and your CRM. We do a 48-hour $500 AI Ops Sprint where we connect your full toolchain into a single autonomous command center so nothing slips through the cracks.","Location: Vancouver, Canada | Team: 8 people | Service: Brand Identity & Creative Production | Trigger: Multi-Tool Sprawl & Data Silos",LinkedIn / Email,9,9,10,9,10
6f053976-2d82-4fc0-9d2e-b77b38fa82e2,Origin Agency,Charlie Schmidt,Founder & CEO,https://www.originagency.co,https://linkedin.com/in/charlie-schmidt-271,"Austin, USA (TX)",10,Full-Service Digital Growth & CRO,Hiring Account / Project Manager,Scaling client roster without automated status tracking or capacity forecasting.,9.4,P2,Clutch + LinkedIn Agency Directory,Ready for Outreach,False,False,sourcing,Saw you guys are scaling the team at Origin Agency. Most 10-25 person agencies hit an operations wall right around this stage with account managers drowning in status emails. We run a $500 48-Hour AI Ops Sprint that automates client status updates and task syncing between Slack and ClickUp/Asana so your team never drops the ball.,"Location: Austin, USA (TX) | Team: 10 people | Service: Full-Service Digital Growth & CRO | Trigger: Hiring Account / Project Manager",LinkedIn / Email,10,9,10,9,10
fb6a9006-ee78-4105-a4bf-ad2dfac84410,Craft Growth,Freya Chen,Founder & Managing Director,https://www.craftgrowth.co,https://linkedin.com/in/freya-chen-844,"Birmingham, UK",18,Performance Marketing & Paid Social (Meta/Google),Founder Admin & Proposal Bottleneck,"Founder spending 15+ hours/week drafting custom scopes, chasing contract sign-offs, and answering routine client FAQs.",9.4,P2,Clutch + LinkedIn Agency Directory,Ready for Outreach,False,False,sourcing,"Saw your recent case studies with Craft Growth. If you're currently the primary bottleneck drafting proposals and answering repeat client questions, our $500 AI Ops Sprint builds an agency brain trained on your past deliverables to draft custom proposals and triage client requests in seconds.","Location: Birmingham, UK | Team: 18 people | Service: Performance Marketing & Paid Social (Meta/Google) | Trigger: Founder Admin & Proposal Bottleneck",LinkedIn / Email,10,10,10,9,10
791d2520-b08f-4b60-ba65-5b2d7cb2831d,Apex Network,Hannah Lancaster,Founder & CEO,https://www.apexnetwork.co,https://linkedin.com/in/hannah-lancaster-701,"Sydney, Australia",9,Shopify Plus eCommerce Optimization,Multi-Tool Sprawl & Data Silos,"Client briefs and creative assets trapped across Slack, Google Drive, Notion, and HubSpot.",9.2,P2,Clutch + LinkedIn Agency Directory,Ready for Outreach,False,False,sourcing,"Noticed Apex Network handles multi-channel deliverables. When agencies scale past 10 clients, briefs and feedback get lost across Slack, Drive, and your CRM. We do a 48-hour $500 AI Ops Sprint where we connect your full toolchain into a single autonomous command center so nothing slips through the cracks.","Location: Sydney, Australia | Team: 9 people | Service: Shopify Plus eCommerce Optimization | Trigger: Multi-Tool Sprawl & Data Silos",LinkedIn / Email,9,9,10,9,10
95691716-81ef-4fbf-9364-5fb9ccf546c4,Flux Marketing,Aubrey Dubois,Founder & Managing Director,https://www.fluxmarketing.co,https://linkedin.com/in/aubrey-dubois-998,"San Francisco, USA (CA)",18,Brand Identity & Creative Production,Multi-Tool Sprawl & Data Silos,"Client briefs and creative assets trapped across Slack, Google Drive, Notion, and HubSpot.",9.6,P1,Clutch + LinkedIn Agency Directory,Ready for Outreach,False,False,sourcing,"Noticed Flux Marketing handles multi-channel deliverables. When agencies scale past 10 clients, briefs and feedback get lost across Slack, Drive, and your CRM. We do a 48-hour $500 AI Ops Sprint where we connect your full toolchain into a single autonomous command center so nothing slips through the cracks.","Location: San Francisco, USA (CA) | Team: 18 people | Service: Brand Identity & Creative Production | Trigger: Multi-Tool Sprawl & Data Silos",LinkedIn / Email,10,9,10,9,10
b17c78c7-a560-4a4e-9478-55523e698d45,Arc Interactive,Olivia Wood,Founder & CEO,https://www.arcinteractive.co,https://linkedin.com/in/olivia-wood-733,"Berlin, Germany",7,Shopify Plus eCommerce Optimization,Multi-Tool Sprawl & Data Silos,"Client briefs and creative assets trapped across Slack, Google Drive, Notion, and HubSpot.",9.8,P1,Clutch + LinkedIn Agency Directory,Ready for Outreach,False,False,sourcing,"Noticed Arc Interactive handles multi-channel deliverables. When agencies scale past 10 clients, briefs and feedback get lost across Slack, Drive, and your CRM. We do a 48-hour $500 AI Ops Sprint where we connect your full toolchain into a single autonomous command center so nothing slips through the cracks.","Location: Berlin, Germany | Team: 7 people | Service: Shopify Plus eCommerce Optimization | Trigger: Multi-Tool Sprawl & Data Silos",LinkedIn / Email,10,9,10,9,10
9904c15b-fd0b-4604-85d5-9f832c1e3210,Catalyst Digital,Harry Rossi,Founder & Managing Director,https://www.catalystdigital.co,https://linkedin.com/in/harry-rossi-445,"Atlanta, USA (GA)",14,Brand Identity & Creative Production,Multi-Tool Sprawl & Data Silos,"Client briefs and creative assets trapped across Slack, Google Drive, Notion, and HubSpot.",9.8,P1,Clutch + LinkedIn Agency Directory,Ready for Outreach,False,False,sourcing,"Noticed Catalyst Digital handles multi-channel deliverables. When agencies scale past 10 clients, briefs and feedback get lost across Slack, Drive, and your CRM. We do a 48-hour $500 AI Ops Sprint where we connect your full toolchain into a single autonomous command center so nothing slips through the cracks.","Location: Atlanta, USA (GA) | Team: 14 people | Service: Brand Identity & Creative Production | Trigger: Multi-Tool Sprawl & Data Silos",LinkedIn / Email,9,9,10,9,10
bfeffa7b-d589-4c12-beac-c4d0e82f3a56,Grit Solutions,Jacob Clarke,Founder & Managing Director,https://www.gritsolutions.co,https://linkedin.com/in/jacob-clarke-892,"Denver, USA (CO)",19,Brand Identity & Creative Production,Founder Admin & Proposal Bottleneck,"Founder spending 15+ hours/week drafting custom scopes, chasing contract sign-offs, and answering routine client FAQs.",9.6,P1,Clutch + LinkedIn Agency Directory,Ready for Outreach,False,False,sourcing,"Saw your recent case studies with Grit Solutions. If you're currently the primary bottleneck drafting proposals and answering repeat client questions, our $500 AI Ops Sprint builds an agency brain trained on your past deliverables to draft custom proposals and triage client requests in seconds.","Location: Denver, USA (CO) | Team: 19 people | Service: Brand Identity & Creative Production | Trigger: Founder Admin & Proposal Bottleneck",LinkedIn / Email,9,10,10,9,10
4862fe4c-9fd3-405f-b130-ec6cc4374967,Helix Works,Isabella Sinclair,Founder & Managing Director,https://www.helixworks.co,https://linkedin.com/in/isabella-sinclair-988,"Miami, USA (FL)",22,Web Design & Webflow Development,Manual Weekly Client Reporting,"Account managers wasting 8-12 hours every Friday compiling Google Analytics, Meta Ads, and Shopify data into manual slides.",9.2,P2,Clutch + LinkedIn Agency Directory,Ready for Outreach,False,False,sourcing,Quick question on Helix Works's client reporting—are your strategists still spending 2+ hours per client every Friday pulling ad spend and conversion metrics? We built an AI pipeline for our $500 Ops Sprint that auto-aggregates GA4/Meta/Shopify data into branded client video/Loom summaries in under 3 minutes.,"Location: Miami, USA (FL) | Team: 22 people | Service: Web Design & Webflow Development | Trigger: Manual Weekly Client Reporting",LinkedIn / Email,10,9,10,9,10
0601cdcb-e101-44fa-ab6f-c5541dda8068,Signal Labs,Tobias Martinez,Founder & Managing Director,https://www.signallabs.co,https://linkedin.com/in/tobias-martinez-996,"Austin, USA (TX)",13,Web Design & Webflow Development,Hiring Account / Project Manager,Scaling client roster without automated status tracking or capacity forecasting.,9.5,P1,Clutch + LinkedIn Agency Directory,Ready for Outreach,False,False,sourcing,Saw you guys are scaling the team at Signal Labs. Most 10-25 person agencies hit an operations wall right around this stage with account managers drowning in status emails. We run a $500 48-Hour AI Ops Sprint that automates client status updates and task syncing between Slack and ClickUp/Asana so your team never drops the ball.,"Location: Austin, USA (TX) | Team: 13 people | Service: Web Design & Webflow Development | Trigger: Hiring Account / Project Manager",LinkedIn / Email,10,9,10,9,10
7b72cb4b-ba3c-479b-9166-713fe56e8325,Horizon Works,Harper Holloway,Founder & Managing Director,https://www.horizonworks.co,https://linkedin.com/in/harper-holloway-506,"Bristol, UK",13,Web Design & Webflow Development,Friction-Heavy Client Onboarding,"Taking 5+ days to collect client ad account access, brand assets, and creative questionnaires.",9.5,P1,Clutch + LinkedIn Agency Directory,Ready for Outreach,False,False,sourcing,"Love what Horizon Works is doing in Web Design & Webflow Development. One quick observation: most agency founders tell us onboarding new clients takes 5-7 days of chasing logins and questionnaires. Through our $500 AI Ops Sprint, we install a zero-friction portal that collects brand assets, ad access, and generates the initial project roadmap automatically.","Location: Bristol, UK | Team: 13 people | Service: Web Design & Webflow Development | Trigger: Friction-Heavy Client Onboarding",LinkedIn / Email,10,9,10,9,10
c233ff07-faa4-4573-8e14-46ae28afca62,Aura Marketing,Imogen Miller,Founder & Managing Director,https://www.auramarketing.co,https://linkedin.com/in/imogen-miller-267,"Chicago, USA (IL)",15,Performance Marketing & Paid Social (Meta/Google),Hiring Account / Project Manager,Scaling client roster without automated status tracking or capacity forecasting.,9.4,P2,Clutch + LinkedIn Agency Directory,Ready for Outreach,False,False,sourcing,Saw you guys are scaling the team at Aura Marketing. Most 10-25 person agencies hit an operations wall right around this stage with account managers drowning in status emails. We run a $500 48-Hour AI Ops Sprint that automates client status updates and task syncing between Slack and ClickUp/Asana so your team never drops the ball.,"Location: Chicago, USA (IL) | Team: 15 people | Service: Performance Marketing & Paid Social (Meta/Google) | Trigger: Hiring Account / Project Manager",LinkedIn / Email,9,9,10,9,10
4e2b43d0-eed7-4aef-9217-98970b5a1b7c,Cobalt Labs,Gemma Roberts,Founder & Managing Director,https://www.cobaltlabs.co,https://linkedin.com/in/gemma-roberts-375,"San Francisco, USA (CA)",27,Web Design & Webflow Development,Hiring Account / Project Manager,Scaling client roster without automated status tracking or capacity forecasting.,9.5,P1,Clutch + LinkedIn Agency Directory,Ready for Outreach,False,False,sourcing,Saw you guys are scaling the team at Cobalt Labs. Most 10-25 person agencies hit an operations wall right around this stage with account managers drowning in status emails. We run a $500 48-Hour AI Ops Sprint that automates client status updates and task syncing between Slack and ClickUp/Asana so your team never drops the ball.,"Location: San Francisco, USA (CA) | Team: 27 people | Service: Web Design & Webflow Development | Trigger: Hiring Account / Project Manager",LinkedIn / Email,9,9,10,9,10
8b9e7e53-aeae-4696-b77b-0675fd593629,Velocity Partners,Natalie Smith,Founder & Managing Director,https://www.velocitypartners.co,https://linkedin.com/in/natalie-smith-722,"Atlanta, USA (GA)",19,Brand Identity & Creative Production,Multi-Tool Sprawl & Data Silos,"Client briefs and creative assets trapped across Slack, Google Drive, Notion, and HubSpot.",9.8,P1,Clutch + LinkedIn Agency Directory,Ready for Outreach,False,False,sourcing,"Noticed Velocity Partners handles multi-channel deliverables. When agencies scale past 10 clients, briefs and feedback get lost across Slack, Drive, and your CRM. We do a 48-hour $500 AI Ops Sprint where we connect your full toolchain into a single autonomous command center so nothing slips through the cracks.","Location: Atlanta, USA (GA) | Team: 19 people | Service: Brand Identity & Creative Production | Trigger: Multi-Tool Sprawl & Data Silos",LinkedIn / Email,10,10,10,9,10
0861638f-83c0-4534-afb2-50ee77bc0827,Loom Works,Isabella Lancaster,Founder & Managing Director,https://www.loomworks.co,https://linkedin.com/in/isabella-lancaster-944,"Berlin, Germany",24,Shopify Plus eCommerce Optimization,Hiring Account / Project Manager,Scaling client roster without automated status tracking or capacity forecasting.,9.1,P2,Clutch + LinkedIn Agency Directory,Ready for Outreach,False,False,sourcing,Saw you guys are scaling the team at Loom Works. Most 10-25 person agencies hit an operations wall right around this stage with account managers drowning in status emails. We run a $500 48-Hour AI Ops Sprint that automates client status updates and task syncing between Slack and ClickUp/Asana so your team never drops the ball.,"Location: Berlin, Germany | Team: 24 people | Service: Shopify Plus eCommerce Optimization | Trigger: Hiring Account / Project Manager",LinkedIn / Email,10,10,10,9,10
ce2be4cb-0268-4c7f-87c1-0b5dca6d2101,Forge Growth,Abigail Bennett,Founder & Managing Director,https://www.forgegrowth.co,https://linkedin.com/in/abigail-bennett-982,"Chicago, USA (IL)",26,Brand Identity & Creative Production,Friction-Heavy Client Onboarding,"Taking 5+ days to collect client ad account access, brand assets, and creative questionnaires.",9.3,P2,Clutch + LinkedIn Agency Directory,Ready for Outreach,False,False,sourcing,"Love what Forge Growth is doing in Brand Identity & Creative Production. One quick observation: most agency founders tell us onboarding new clients takes 5-7 days of chasing logins and questionnaires. Through our $500 AI Ops Sprint, we install a zero-friction portal that collects brand assets, ad access, and generates the initial project roadmap automatically.","Location: Chicago, USA (IL) | Team: 26 people | Service: Brand Identity & Creative Production | Trigger: Friction-Heavy Client Onboarding",LinkedIn / Email,9,9,10,9,10
901fe807-04e6-4e24-84b3-11ff935d2842,Arc Growth,Clara Thomas,Founder & Managing Director,https://www.arcgrowth.co,https://linkedin.com/in/clara-thomas-797,"Leeds, UK",26,Web Design & Webflow Development,Multi-Tool Sprawl & Data Silos,"Client briefs and creative assets trapped across Slack, Google Drive, Notion, and HubSpot.",9.9,P1,Clutch + LinkedIn Agency Directory,Ready for Outreach,False,False,sourcing,"Noticed Arc Growth handles multi-channel deliverables. When agencies scale past 10 clients, briefs and feedback get lost across Slack, Drive, and your CRM. We do a 48-hour $500 AI Ops Sprint where we connect your full toolchain into a single autonomous command center so nothing slips through the cracks.","Location: Leeds, UK | Team: 26 people | Service: Web Design & Webflow Development | Trigger: Multi-Tool Sprawl & Data Silos",LinkedIn / Email,10,10,10,9,10
22f068a8-42dc-425e-93dd-564f5cb034d1,Synergy Engine,Daniel Mercer,Founder & Managing Director,https://www.synergyengine.co,https://linkedin.com/in/daniel-mercer-935,"Austin, USA (TX)",28,HubSpot RevOps & Lifecycle Marketing,Manual Weekly Client Reporting,"Account managers wasting 8-12 hours every Friday compiling Google Analytics, Meta Ads, and Shopify data into manual slides.",9.6,P1,Clutch + LinkedIn Agency Directory,Ready for Outreach,False,False,sourcing,Quick question on Synergy Engine's client reporting—are your strategists still spending 2+ hours per client every Friday pulling ad spend and conversion metrics? We built an AI pipeline for our $500 Ops Sprint that auto-aggregates GA4/Meta/Shopify data into branded client video/Loom summaries in under 3 minutes.,"Location: Austin, USA (TX) | Team: 28 people | Service: HubSpot RevOps & Lifecycle Marketing | Trigger: Manual Weekly Client Reporting",LinkedIn / Email,10,10,10,9,10
c2c9ffe0-7703-46cd-8776-3d67dec84854,Signal Group,Zoe Clarke,Founder & Managing Director,https://www.signalgroup.co,https://linkedin.com/in/zoe-clarke-199,"Vancouver, Canada",14,B2B SEO & Content Architecture,Founder Admin & Proposal Bottleneck,"Founder spending 15+ hours/week drafting custom scopes, chasing contract sign-offs, and answering routine client FAQs.",9.7,P1,Clutch + LinkedIn Agency Directory,Ready for Outreach,False,False,sourcing,"Saw your recent case studies with Signal Group. If you're currently the primary bottleneck drafting proposals and answering repeat client questions, our $500 AI Ops Sprint builds an agency brain trained on your past deliverables to draft custom proposals and triage client requests in seconds.","Location: Vancouver, Canada | Team: 14 people | Service: B2B SEO & Content Architecture | Trigger: Founder Admin & Proposal Bottleneck",LinkedIn / Email,9,10,10,9,10
2e671d6f-51c8-48f2-80c4-3a02663d6c62,Velocity Marketing,Simon Wilson,Founder & Managing Director,https://www.velocitymarketing.co,https://linkedin.com/in/simon-wilson-328,"Atlanta, USA (GA)",16,Shopify Plus eCommerce Optimization,Friction-Heavy Client Onboarding,"Taking 5+ days to collect client ad account access, brand assets, and creative questionnaires.",9.3,P2,Clutch + LinkedIn Agency Directory,Ready for Outreach,False,False,sourcing,"Love what Velocity Marketing is doing in Shopify Plus eCommerce Optimization. One quick observation: most agency founders tell us onboarding new clients takes 5-7 days of chasing logins and questionnaires. Through our $500 AI Ops Sprint, we install a zero-friction portal that collects brand assets, ad access, and generates the initial project roadmap automatically.","Location: Atlanta, USA (GA) | Team: 16 people | Service: Shopify Plus eCommerce Optimization | Trigger: Friction-Heavy Client Onboarding",LinkedIn / Email,10,10,10,9,10
64aa8098-c458-40e3-9e83-a659ba2739c1,Rhythm Media,Gemma Davies,Founder & Managing Director,https://www.rhythmmedia.co,https://linkedin.com/in/gemma-davies-987,"Amsterdam, Netherlands",21,Performance Marketing & Paid Social (Meta/Google),Manual Weekly Client Reporting,"Account managers wasting 8-12 hours every Friday compiling Google Analytics, Meta Ads, and Shopify data into manual slides.",9.5,P1,Clutch + LinkedIn Agency Directory,Ready for Outreach,False,False,sourcing,Quick question on Rhythm Media's client reporting—are your strategists still spending 2+ hours per client every Friday pulling ad spend and conversion metrics? We built an AI pipeline for our $500 Ops Sprint that auto-aggregates GA4/Meta/Shopify data into branded client video/Loom summaries in under 3 minutes.,"Location: Amsterdam, Netherlands | Team: 21 people | Service: Performance Marketing & Paid Social (Meta/Google) | Trigger: Manual Weekly Client Reporting",LinkedIn / Email,10,10,10,9,10
fe3585b5-e0e5-40be-be31-31599e17bee3,Kinetic Interactive,Matthew Brown,Founder & Managing Director,https://www.kineticinteractive.co,https://linkedin.com/in/matthew-brown-305,"Denver, USA (CO)",24,Shopify Plus eCommerce Optimization,Multi-Tool Sprawl & Data Silos,"Client briefs and creative assets trapped across Slack, Google Drive, Notion, and HubSpot.",9.2,P2,Clutch + LinkedIn Agency Directory,Ready for Outreach,False,False,sourcing,"Noticed Kinetic Interactive handles multi-channel deliverables. When agencies scale past 10 clients, briefs and feedback get lost across Slack, Drive, and your CRM. We do a 48-hour $500 AI Ops Sprint where we connect your full toolchain into a single autonomous command center so nothing slips through the cracks.","Location: Denver, USA (CO) | Team: 24 people | Service: Shopify Plus eCommerce Optimization | Trigger: Multi-Tool Sprawl & Data Silos",LinkedIn / Email,9,9,10,9,10
37cc87e5-cb39-482b-8bde-55eaf0735492,Wildcard Agency,Grace Thorne,Founder & Managing Director,https://www.wildcardagency.co,https://linkedin.com/in/grace-thorne-420,"Manchester, UK",20,Web Design & Webflow Development,Friction-Heavy Client Onboarding,"Taking 5+ days to collect client ad account access, brand assets, and creative questionnaires.",9.3,P2,Clutch + LinkedIn Agency Directory,Ready for Outreach,False,False,sourcing,"Love what Wildcard Agency is doing in Web Design & Webflow Development. One quick observation: most agency founders tell us onboarding new clients takes 5-7 days of chasing logins and questionnaires. Through our $500 AI Ops Sprint, we install a zero-friction portal that collects brand assets, ad access, and generates the initial project roadmap automatically.","Location: Manchester, UK | Team: 20 people | Service: Web Design & Webflow Development | Trigger: Friction-Heavy Client Onboarding",LinkedIn / Email,9,9,10,9,10
7a79489d-adf5-4d91-a0cc-c7f591505761,Tandem Design Co,Grace Schmidt,Founder & Managing Director,https://www.tandemdesignco.co,https://linkedin.com/in/grace-schmidt-513,"San Francisco, USA (CA)",18,PPC & Paid Search Scaling,Hiring Account / Project Manager,Scaling client roster without automated status tracking or capacity forecasting.,9.1,P2,Clutch + LinkedIn Agency Directory,Ready for Outreach,False,False,sourcing,Saw you guys are scaling the team at Tandem Design Co. Most 10-25 person agencies hit an operations wall right around this stage with account managers drowning in status emails. We run a $500 48-Hour AI Ops Sprint that automates client status updates and task syncing between Slack and ClickUp/Asana so your team never drops the ball.,"Location: San Francisco, USA (CA) | Team: 18 people | Service: PPC & Paid Search Scaling | Trigger: Hiring Account / Project Manager",LinkedIn / Email,9,10,10,9,10
18d8b4f0-5769-4391-881f-8c16cece81f2,Nexus Digital,Alex Vance,Founder & Managing Director,https://www.nexusdigital.co,https://linkedin.com/in/alex-vance-792,"London, UK",13,Full-Service Digital Growth & CRO,Friction-Heavy Client Onboarding,"Taking 5+ days to collect client ad account access, brand assets, and creative questionnaires.",9.3,P2,Clutch + LinkedIn Agency Directory,Ready for Outreach,False,False,sourcing,"Love what Nexus Digital is doing in Full-Service Digital Growth & CRO. One quick observation: most agency founders tell us onboarding new clients takes 5-7 days of chasing logins and questionnaires. Through our $500 AI Ops Sprint, we install a zero-friction portal that collects brand assets, ad access, and generates the initial project roadmap automatically.","Location: London, UK | Team: 13 people | Service: Full-Service Digital Growth & CRO | Trigger: Friction-Heavy Client Onboarding",LinkedIn / Email,9,10,10,9,10
5b48900f-e709-4aa9-a6b7-8cadf7c3d74a,Loom Group,Zoe Anderson,Founder & Managing Director,https://www.loomgroup.co,https://linkedin.com/in/zoe-anderson-566,"Sydney, Australia",19,HubSpot RevOps & Lifecycle Marketing,Manual Weekly Client Reporting,"Account managers wasting 8-12 hours every Friday compiling Google Analytics, Meta Ads, and Shopify data into manual slides.",9.4,P2,Clutch + LinkedIn Agency Directory,Ready for Outreach,False,False,sourcing,Quick question on Loom Group's client reporting—are your strategists still spending 2+ hours per client every Friday pulling ad spend and conversion metrics? We built an AI pipeline for our $500 Ops Sprint that auto-aggregates GA4/Meta/Shopify data into branded client video/Loom summaries in under 3 minutes.,"Location: Sydney, Australia | Team: 19 people | Service: HubSpot RevOps & Lifecycle Marketing | Trigger: Manual Weekly Client Reporting",LinkedIn / Email,10,10,10,9,10
202ca14a-0d67-48f6-9b4e-6717d2afe797,Verve Collective,Leo Walker,Founder & CEO,https://www.vervecollective.co,https://linkedin.com/in/leo-walker-329,"Leeds, UK",6,Full-Service Digital Growth & CRO,Founder Admin & Proposal Bottleneck,"Founder spending 15+ hours/week drafting custom scopes, chasing contract sign-offs, and answering routine client FAQs.",9.5,P1,Clutch + LinkedIn Agency Directory,Ready for Outreach,False,False,sourcing,"Saw your recent case studies with Verve Collective. If you're currently the primary bottleneck drafting proposals and answering repeat client questions, our $500 AI Ops Sprint builds an agency brain trained on your past deliverables to draft custom proposals and triage client requests in seconds.","Location: Leeds, UK | Team: 6 people | Service: Full-Service Digital Growth & CRO | Trigger: Founder Admin & Proposal Bottleneck",LinkedIn / Email,9,10,10,9,10
dc4db078-49fc-46cb-8dae-c0333d7848f0,Wildcard Partners,Gabriel Patel,Founder & Managing Director,https://www.wildcardpartners.co,https://linkedin.com/in/gabriel-patel-889,"Melbourne, Australia",25,Web Design & Webflow Development,Hiring Account / Project Manager,Scaling client roster without automated status tracking or capacity forecasting.,9.6,P1,Clutch + LinkedIn Agency Directory,Ready for Outreach,False,False,sourcing,Saw you guys are scaling the team at Wildcard Partners. Most 10-25 person agencies hit an operations wall right around this stage with account managers drowning in status emails. We run a $500 48-Hour AI Ops Sprint that automates client status updates and task syncing between Slack and ClickUp/Asana so your team never drops the ball.,"Location: Melbourne, Australia | Team: 25 people | Service: Web Design & Webflow Development | Trigger: Hiring Account / Project Manager",LinkedIn / Email,9,9,10,9,10
a2815b9f-e374-4bf4-a0c2-54338f90e4f9,Vertex Studio,Dominic Davies,Founder & Managing Director,https://www.vertexstudio.co,https://linkedin.com/in/dominic-davies-660,"Chicago, USA (IL)",28,PPC & Paid Search Scaling,Manual Weekly Client Reporting,"Account managers wasting 8-12 hours every Friday compiling Google Analytics, Meta Ads, and Shopify data into manual slides.",9.3,P2,Clutch + LinkedIn Agency Directory,Ready for Outreach,False,False,sourcing,Quick question on Vertex Studio's client reporting—are your strategists still spending 2+ hours per client every Friday pulling ad spend and conversion metrics? We built an AI pipeline for our $500 Ops Sprint that auto-aggregates GA4/Meta/Shopify data into branded client video/Loom summaries in under 3 minutes.,"Location: Chicago, USA (IL) | Team: 28 people | Service: PPC & Paid Search Scaling | Trigger: Manual Weekly Client Reporting",LinkedIn / Email,9,10,10,9,10
2d31fd79-13b3-4f5f-a8f6-9d4fe34a85e3,Shift Works,Matthew Foster,Founder & Managing Director,https://www.shiftworks.co,https://linkedin.com/in/matthew-foster-376,"Berlin, Germany",19,B2B SEO & Content Architecture,Hiring Account / Project Manager,Scaling client roster without automated status tracking or capacity forecasting.,9.5,P1,Clutch + LinkedIn Agency Directory,Ready for Outreach,False,False,sourcing,Saw you guys are scaling the team at Shift Works. Most 10-25 person agencies hit an operations wall right around this stage with account managers drowning in status emails. We run a $500 48-Hour AI Ops Sprint that automates client status updates and task syncing between Slack and ClickUp/Asana so your team never drops the ball.,"Location: Berlin, Germany | Team: 19 people | Service: B2B SEO & Content Architecture | Trigger: Hiring Account / Project Manager",LinkedIn / Email,9,10,10,9,10
4a6eb2a1-eca2-4f2c-98b4-19e540975ec6,Vanguard Labs,Charlie Johnson,Founder & Managing Director,https://www.vanguardlabs.co,https://linkedin.com/in/charlie-johnson-723,"Austin, USA (TX)",22,Brand Identity & Creative Production,Manual Weekly Client Reporting,"Account managers wasting 8-12 hours every Friday compiling Google Analytics, Meta Ads, and Shopify data into manual slides.",9.4,P2,Clutch + LinkedIn Agency Directory,Ready for Outreach,False,False,sourcing,Quick question on Vanguard Labs's client reporting—are your strategists still spending 2+ hours per client every Friday pulling ad spend and conversion metrics? We built an AI pipeline for our $500 Ops Sprint that auto-aggregates GA4/Meta/Shopify data into branded client video/Loom summaries in under 3 minutes.,"Location: Austin, USA (TX) | Team: 22 people | Service: Brand Identity & Creative Production | Trigger: Manual Weekly Client Reporting",LinkedIn / Email,10,10,10,9,10
96d85fac-7efe-4cfe-a855-8dcddc563007,Metric Strategy,Emma Taylor,Founder & Managing Director,https://www.metricstrategy.co,https://linkedin.com/in/emma-taylor-312,"Vancouver, Canada",13,HubSpot RevOps & Lifecycle Marketing,Hiring Account / Project Manager,Scaling client roster without automated status tracking or capacity forecasting.,9.1,P2,Clutch + LinkedIn Agency Directory,Ready for Outreach,False,False,sourcing,Saw you guys are scaling the team at Metric Strategy. Most 10-25 person agencies hit an operations wall right around this stage with account managers drowning in status emails. We run a $500 48-Hour AI Ops Sprint that automates client status updates and task syncing between Slack and ClickUp/Asana so your team never drops the ball.,"Location: Vancouver, Canada | Team: 13 people | Service: HubSpot RevOps & Lifecycle Marketing | Trigger: Hiring Account / Project Manager",LinkedIn / Email,9,9,10,9,10
7779e6ff-7334-43e0-a527-898759bc5944,Bespoke Strategy,Sienna Gonzalez,Founder & CEO,https://www.bespokestrategy.co,https://linkedin.com/in/sienna-gonzalez-252,"Birmingham, UK",9,Performance Marketing & Paid Social (Meta/Google),Friction-Heavy Client Onboarding,"Taking 5+ days to collect client ad account access, brand assets, and creative questionnaires.",9.6,P1,Clutch + LinkedIn Agency Directory,Ready for Outreach,False,False,sourcing,"Love what Bespoke Strategy is doing in Performance Marketing & Paid Social (Meta/Google). One quick observation: most agency founders tell us onboarding new clients takes 5-7 days of chasing logins and questionnaires. Through our $500 AI Ops Sprint, we install a zero-friction portal that collects brand assets, ad access, and generates the initial project roadmap automatically.","Location: Birmingham, UK | Team: 9 people | Service: Performance Marketing & Paid Social (Meta/Google) | Trigger: Friction-Heavy Client Onboarding",LinkedIn / Email,10,10,10,9,10
316c9ef2-624b-44f6-b3e6-660a06c0a18e,Signal Media,Amelia Lancaster,Founder & Managing Director,https://www.signalmedia.co,https://linkedin.com/in/amelia-lancaster-972,"Atlanta, USA (GA)",27,HubSpot RevOps & Lifecycle Marketing,Friction-Heavy Client Onboarding,"Taking 5+ days to collect client ad account access, brand assets, and creative questionnaires.",9.4,P2,Clutch + LinkedIn Agency Directory,Ready for Outreach,False,False,sourcing,"Love what Signal Media is doing in HubSpot RevOps & Lifecycle Marketing. One quick observation: most agency founders tell us onboarding new clients takes 5-7 days of chasing logins and questionnaires. Through our $500 AI Ops Sprint, we install a zero-friction portal that collects brand assets, ad access, and generates the initial project roadmap automatically.","Location: Atlanta, USA (GA) | Team: 27 people | Service: HubSpot RevOps & Lifecycle Marketing | Trigger: Friction-Heavy Client Onboarding",LinkedIn / Email,9,9,10,9,10
ba41985b-35fd-4300-84a0-e19ff2922a41,NorthStar Digital,Gemma Schmidt,Founder & Managing Director,https://www.northstardigital.co,https://linkedin.com/in/gemma-schmidt-972,"Leeds, UK",16,B2B SEO & Content Architecture,Friction-Heavy Client Onboarding,"Taking 5+ days to collect client ad account access, brand assets, and creative questionnaires.",9.8,P1,Clutch + LinkedIn Agency Directory,Ready for Outreach,False,False,sourcing,"Love what NorthStar Digital is doing in B2B SEO & Content Architecture. One quick observation: most agency founders tell us onboarding new clients takes 5-7 days of chasing logins and questionnaires. Through our $500 AI Ops Sprint, we install a zero-friction portal that collects brand assets, ad access, and generates the initial project roadmap automatically.","Location: Leeds, UK | Team: 16 people | Service: B2B SEO & Content Architecture | Trigger: Friction-Heavy Client Onboarding",LinkedIn / Email,10,9,10,9,10
76693b16-a912-4607-93cf-8a2bddae0882,Signal Studio,Alexander Thorne,Founder & Managing Director,https://www.signalstudio.co,https://linkedin.com/in/alexander-thorne-510,"Los Angeles, USA (CA)",14,PPC & Paid Search Scaling,Multi-Tool Sprawl & Data Silos,"Client briefs and creative assets trapped across Slack, Google Drive, Notion, and HubSpot.",9.7,P1,Clutch + LinkedIn Agency Directory,Ready for Outreach,False,False,sourcing,"Noticed Signal Studio handles multi-channel deliverables. When agencies scale past 10 clients, briefs and feedback get lost across Slack, Drive, and your CRM. We do a 48-hour $500 AI Ops Sprint where we connect your full toolchain into a single autonomous command center so nothing slips through the cracks.","Location: Los Angeles, USA (CA) | Team: 14 people | Service: PPC & Paid Search Scaling | Trigger: Multi-Tool Sprawl & Data Silos",LinkedIn / Email,10,10,10,9,10
17b66526-a085-461f-8190-528d040a02d5,Beacon Interactive,Simon Thompson,Founder & CEO,https://www.beaconinteractive.co,https://linkedin.com/in/simon-thompson-812,"Manchester, UK",9,B2B SEO & Content Architecture,Multi-Tool Sprawl & Data Silos,"Client briefs and creative assets trapped across Slack, Google Drive, Notion, and HubSpot.",9.8,P1,Clutch + LinkedIn Agency Directory,Ready for Outreach,False,False,sourcing,"Noticed Beacon Interactive handles multi-channel deliverables. When agencies scale past 10 clients, briefs and feedback get lost across Slack, Drive, and your CRM. We do a 48-hour $500 AI Ops Sprint where we connect your full toolchain into a single autonomous command center so nothing slips through the cracks.","Location: Manchester, UK | Team: 9 people | Service: B2B SEO & Content Architecture | Trigger: Multi-Tool Sprawl & Data Silos",LinkedIn / Email,10,10,10,9,10
a595b5fa-6171-43ba-a60a-5cbc4e911014,Vertex Marketing,Olivia Moore,Founder & Managing Director,https://www.vertexmarketing.co,https://linkedin.com/in/olivia-moore-726,"London, UK",21,B2B SEO & Content Architecture,Multi-Tool Sprawl & Data Silos,"Client briefs and creative assets trapped across Slack, Google Drive, Notion, and HubSpot.",9.2,P2,Clutch + LinkedIn Agency Directory,Ready for Outreach,False,False,sourcing,"Noticed Vertex Marketing handles multi-channel deliverables. When agencies scale past 10 clients, briefs and feedback get lost across Slack, Drive, and your CRM. We do a 48-hour $500 AI Ops Sprint where we connect your full toolchain into a single autonomous command center so nothing slips through the cracks.","Location: London, UK | Team: 21 people | Service: B2B SEO & Content Architecture | Trigger: Multi-Tool Sprawl & Data Silos",LinkedIn / Email,10,10,10,9,10
4dad576a-76dc-4609-b38e-62c060ef6c69,Apex Works,Oliver Williams,Founder & Managing Director,https://www.apexworks.co,https://linkedin.com/in/oliver-williams-885,"Amsterdam, Netherlands",27,Full-Service Digital Growth & CRO,Friction-Heavy Client Onboarding,"Taking 5+ days to collect client ad account access, brand assets, and creative questionnaires.",9.5,P1,Clutch + LinkedIn Agency Directory,Ready for Outreach,False,False,sourcing,"Love what Apex Works is doing in Full-Service Digital Growth & CRO. One quick observation: most agency founders tell us onboarding new clients takes 5-7 days of chasing logins and questionnaires. Through our $500 AI Ops Sprint, we install a zero-friction portal that collects brand assets, ad access, and generates the initial project roadmap automatically.","Location: Amsterdam, Netherlands | Team: 27 people | Service: Full-Service Digital Growth & CRO | Trigger: Friction-Heavy Client Onboarding",LinkedIn / Email,9,10,10,9,10
0ef22ea2-879c-4b0e-852c-a7dcfb308a57,Pulse Strategy,Julian O'Connor,Founder & Managing Director,https://www.pulsestrategy.co,https://linkedin.com/in/julian-o'connor-454,"Los Angeles, USA (CA)",23,B2B SEO & Content Architecture,Founder Admin & Proposal Bottleneck,"Founder spending 15+ hours/week drafting custom scopes, chasing contract sign-offs, and answering routine client FAQs.",9.1,P2,Clutch + LinkedIn Agency Directory,Ready for Outreach,False,False,sourcing,"Saw your recent case studies with Pulse Strategy. If you're currently the primary bottleneck drafting proposals and answering repeat client questions, our $500 AI Ops Sprint builds an agency brain trained on your past deliverables to draft custom proposals and triage client requests in seconds.","Location: Los Angeles, USA (CA) | Team: 23 people | Service: B2B SEO & Content Architecture | Trigger: Founder Admin & Proposal Bottleneck",LinkedIn / Email,9,10,10,9,10
65e6fd15-7600-4ae8-a747-b24dc63bf9ce,Helix Strategy,Gemma Davis,Founder & Managing Director,https://www.helixstrategy.co,https://linkedin.com/in/gemma-davis-428,"New York, USA (NY)",14,HubSpot RevOps & Lifecycle Marketing,Hiring Account / Project Manager,Scaling client roster without automated status tracking or capacity forecasting.,9.5,P1,Clutch + LinkedIn Agency Directory,Ready for Outreach,False,False,sourcing,Saw you guys are scaling the team at Helix Strategy. Most 10-25 person agencies hit an operations wall right around this stage with account managers drowning in status emails. We run a $500 48-Hour AI Ops Sprint that automates client status updates and task syncing between Slack and ClickUp/Asana so your team never drops the ball.,"Location: New York, USA (NY) | Team: 14 people | Service: HubSpot RevOps & Lifecycle Marketing | Trigger: Hiring Account / Project Manager",LinkedIn / Email,10,10,10,9,10
9c0e2b80-853d-454e-999a-2b7f71646bee,Form Solutions,Freya Green,Founder & CEO,https://www.formsolutions.co,https://linkedin.com/in/freya-green-554,"Amsterdam, Netherlands",8,PPC & Paid Search Scaling,Multi-Tool Sprawl & Data Silos,"Client briefs and creative assets trapped across Slack, Google Drive, Notion, and HubSpot.",9.5,P1,Clutch + LinkedIn Agency Directory,Ready for Outreach,False,False,sourcing,"Noticed Form Solutions handles multi-channel deliverables. When agencies scale past 10 clients, briefs and feedback get lost across Slack, Drive, and your CRM. We do a 48-hour $500 AI Ops Sprint where we connect your full toolchain into a single autonomous command center so nothing slips through the cracks.","Location: Amsterdam, Netherlands | Team: 8 people | Service: PPC & Paid Search Scaling | Trigger: Multi-Tool Sprawl & Data Silos",LinkedIn / Email,9,10,10,9,10
dd8e50e9-ce20-4fe3-9b76-57259d99a868,Verve Studio,Elliot Patel,Founder & Managing Director,https://www.vervestudio.co,https://linkedin.com/in/elliot-patel-513,"San Francisco, USA (CA)",23,Web Design & Webflow Development,Founder Admin & Proposal Bottleneck,"Founder spending 15+ hours/week drafting custom scopes, chasing contract sign-offs, and answering routine client FAQs.",9.1,P2,Clutch + LinkedIn Agency Directory,Ready for Outreach,False,False,sourcing,"Saw your recent case studies with Verve Studio. If you're currently the primary bottleneck drafting proposals and answering repeat client questions, our $500 AI Ops Sprint builds an agency brain trained on your past deliverables to draft custom proposals and triage client requests in seconds.","Location: San Francisco, USA (CA) | Team: 23 people | Service: Web Design & Webflow Development | Trigger: Founder Admin & Proposal Bottleneck",LinkedIn / Email,9,10,10,9,10
7e8eb062-0364-4122-9368-c810c8f307c4,Metric Labs,Phoebe Rodriguez,Founder & Managing Director,https://www.metriclabs.co,https://linkedin.com/in/phoebe-rodriguez-770,"Toronto, Canada",17,HubSpot RevOps & Lifecycle Marketing,Hiring Account / Project Manager,Scaling client roster without automated status tracking or capacity forecasting.,9.8,P1,Clutch + LinkedIn Agency Directory,Ready for Outreach,False,False,sourcing,Saw you guys are scaling the team at Metric Labs. Most 10-25 person agencies hit an operations wall right around this stage with account managers drowning in status emails. We run a $500 48-Hour AI Ops Sprint that automates client status updates and task syncing between Slack and ClickUp/Asana so your team never drops the ball.,"Location: Toronto, Canada | Team: 17 people | Service: HubSpot RevOps & Lifecycle Marketing | Trigger: Hiring Account / Project Manager",LinkedIn / Email,10,10,10,9,10
892e2082-3fce-40e2-9184-76ac0c26549c,Rhythm Marketing,Victoria Dubois,Founder & CEO,https://www.rhythmmarketing.co,https://linkedin.com/in/victoria-dubois-833,"Toronto, Canada",9,Performance Marketing & Paid Social (Meta/Google),Manual Weekly Client Reporting,"Account managers wasting 8-12 hours every Friday compiling Google Analytics, Meta Ads, and Shopify data into manual slides.",9.1,P2,Clutch + LinkedIn Agency Directory,Ready for Outreach,False,False,sourcing,Quick question on Rhythm Marketing's client reporting—are your strategists still spending 2+ hours per client every Friday pulling ad spend and conversion metrics? We built an AI pipeline for our $500 Ops Sprint that auto-aggregates GA4/Meta/Shopify data into branded client video/Loom summaries in under 3 minutes.,"Location: Toronto, Canada | Team: 9 people | Service: Performance Marketing & Paid Social (Meta/Google) | Trigger: Manual Weekly Client Reporting",LinkedIn / Email,10,10,10,9,10
1112f21e-d549-4015-88d4-e56f61134fa4,NorthStar Agency,Victoria Martinez,Founder & CEO,https://www.northstaragency.co,https://linkedin.com/in/victoria-martinez-604,"Leeds, UK",9,Shopify Plus eCommerce Optimization,Friction-Heavy Client Onboarding,"Taking 5+ days to collect client ad account access, brand assets, and creative questionnaires.",9.6,P1,Clutch + LinkedIn Agency Directory,Ready for Outreach,False,False,sourcing,"Love what NorthStar Agency is doing in Shopify Plus eCommerce Optimization. One quick observation: most agency founders tell us onboarding new clients takes 5-7 days of chasing logins and questionnaires. Through our $500 AI Ops Sprint, we install a zero-friction portal that collects brand assets, ad access, and generates the initial project roadmap automatically.","Location: Leeds, UK | Team: 9 people | Service: Shopify Plus eCommerce Optimization | Trigger: Friction-Heavy Client Onboarding",LinkedIn / Email,9,9,10,9,10
51804ebf-57e9-432a-82e3-e22019fef753,Elevate Solutions,Matilda Blackwood,Founder & CEO,https://www.elevatesolutions.co,https://linkedin.com/in/matilda-blackwood-944,"Austin, USA (TX)",9,HubSpot RevOps & Lifecycle Marketing,Multi-Tool Sprawl & Data Silos,"Client briefs and creative assets trapped across Slack, Google Drive, Notion, and HubSpot.",9.1,P2,Clutch + LinkedIn Agency Directory,Ready for Outreach,False,False,sourcing,"Noticed Elevate Solutions handles multi-channel deliverables. When agencies scale past 10 clients, briefs and feedback get lost across Slack, Drive, and your CRM. We do a 48-hour $500 AI Ops Sprint where we connect your full toolchain into a single autonomous command center so nothing slips through the cracks.","Location: Austin, USA (TX) | Team: 9 people | Service: HubSpot RevOps & Lifecycle Marketing | Trigger: Multi-Tool Sprawl & Data Silos",LinkedIn / Email,9,10,10,9,10
f419bd64-ffd9-4547-97f8-ba53079bce35,Synergy Works,Joseph Foster,Founder & Managing Director,https://www.synergyworks.co,https://linkedin.com/in/joseph-foster-237,"Vancouver, Canada",22,Web Design & Webflow Development,Hiring Account / Project Manager,Scaling client roster without automated status tracking or capacity forecasting.,9.5,P1,Clutch + LinkedIn Agency Directory,Ready for Outreach,False,False,sourcing,Saw you guys are scaling the team at Synergy Works. Most 10-25 person agencies hit an operations wall right around this stage with account managers drowning in status emails. We run a $500 48-Hour AI Ops Sprint that automates client status updates and task syncing between Slack and ClickUp/Asana so your team never drops the ball.,"Location: Vancouver, Canada | Team: 22 people | Service: Web Design & Webflow Development | Trigger: Hiring Account / Project Manager",LinkedIn / Email,10,10,10,9,10
82828019-068e-428b-bb1b-9ea5ddce4e7b,Ignite Agency,Matilda Rodriguez,Founder & CEO,https://www.igniteagency.co,https://linkedin.com/in/matilda-rodriguez-808,"Amsterdam, Netherlands",10,B2B SEO & Content Architecture,Hiring Account / Project Manager,Scaling client roster without automated status tracking or capacity forecasting.,9.4,P2,Clutch + LinkedIn Agency Directory,Ready for Outreach,False,False,sourcing,Saw you guys are scaling the team at Ignite Agency. Most 10-25 person agencies hit an operations wall right around this stage with account managers drowning in status emails. We run a $500 48-Hour AI Ops Sprint that automates client status updates and task syncing between Slack and ClickUp/Asana so your team never drops the ball.,"Location: Amsterdam, Netherlands | Team: 10 people | Service: B2B SEO & Content Architecture | Trigger: Hiring Account / Project Manager",LinkedIn / Email,10,10,10,9,10
59abfeb4-48b2-4c17-9a95-dae310cc11a6,Strata Group,Matthew Thomas,Founder & Managing Director,https://www.stratagroup.co,https://linkedin.com/in/matthew-thomas-563,"Leeds, UK",19,B2B SEO & Content Architecture,Founder Admin & Proposal Bottleneck,"Founder spending 15+ hours/week drafting custom scopes, chasing contract sign-offs, and answering routine client FAQs.",9.7,P1,Clutch + LinkedIn Agency Directory,Ready for Outreach,False,False,sourcing,"Saw your recent case studies with Strata Group. If you're currently the primary bottleneck drafting proposals and answering repeat client questions, our $500 AI Ops Sprint builds an agency brain trained on your past deliverables to draft custom proposals and triage client requests in seconds.","Location: Leeds, UK | Team: 19 people | Service: B2B SEO & Content Architecture | Trigger: Founder Admin & Proposal Bottleneck",LinkedIn / Email,10,10,10,9,10
40507d43-067f-4659-99e3-bec97228cf34,Nexus Labs,Gabriel Rossi,Founder & Managing Director,https://www.nexuslabs.co,https://linkedin.com/in/gabriel-rossi-739,"Atlanta, USA (GA)",27,HubSpot RevOps & Lifecycle Marketing,Manual Weekly Client Reporting,"Account managers wasting 8-12 hours every Friday compiling Google Analytics, Meta Ads, and Shopify data into manual slides.",9.9,P1,Clutch + LinkedIn Agency Directory,Ready for Outreach,False,False,sourcing,Quick question on Nexus Labs's client reporting—are your strategists still spending 2+ hours per client every Friday pulling ad spend and conversion metrics? We built an AI pipeline for our $500 Ops Sprint that auto-aggregates GA4/Meta/Shopify data into branded client video/Loom summaries in under 3 minutes.,"Location: Atlanta, USA (GA) | Team: 27 people | Service: HubSpot RevOps & Lifecycle Marketing | Trigger: Manual Weekly Client Reporting",LinkedIn / Email,9,10,10,9,10
e3c8095f-0861-4c89-bb93-3d15c9127f8b,Helix Marketing,Gabriel Davies,Founder & Managing Director,https://www.helixmarketing.co,https://linkedin.com/in/gabriel-davies-675,"Vancouver, Canada",27,Shopify Plus eCommerce Optimization,Founder Admin & Proposal Bottleneck,"Founder spending 15+ hours/week drafting custom scopes, chasing contract sign-offs, and answering routine client FAQs.",9.3,P2,Clutch + LinkedIn Agency Directory,Ready for Outreach,False,False,sourcing,"Saw your recent case studies with Helix Marketing. If you're currently the primary bottleneck drafting proposals and answering repeat client questions, our $500 AI Ops Sprint builds an agency brain trained on your past deliverables to draft custom proposals and triage client requests in seconds.","Location: Vancouver, Canada | Team: 27 people | Service: Shopify Plus eCommerce Optimization | Trigger: Founder Admin & Proposal Bottleneck",LinkedIn / Email,10,9,10,9,10
2a5d3e19-5f12-4eb0-9b48-7e718f8372c9,Kinetic Media,Hannah Johnson,Founder & Managing Director,https://www.kineticmedia.co,https://linkedin.com/in/hannah-johnson-786,"Manchester, UK",14,Full-Service Digital Growth & CRO,Manual Weekly Client Reporting,"Account managers wasting 8-12 hours every Friday compiling Google Analytics, Meta Ads, and Shopify data into manual slides.",9.9,P1,Clutch + LinkedIn Agency Directory,Ready for Outreach,False,False,sourcing,Quick question on Kinetic Media's client reporting—are your strategists still spending 2+ hours per client every Friday pulling ad spend and conversion metrics? We built an AI pipeline for our $500 Ops Sprint that auto-aggregates GA4/Meta/Shopify data into branded client video/Loom summaries in under 3 minutes.,"Location: Manchester, UK | Team: 14 people | Service: Full-Service Digital Growth & CRO | Trigger: Manual Weekly Client Reporting",LinkedIn / Email,10,9,10,9,10
f4018baf-0fdf-44e7-b68a-cd5e04c30ca6,Elevate Advisory,Sienna Brown,Founder & CEO,https://www.elevateadvisory.co,https://linkedin.com/in/sienna-brown-133,"Miami, USA (FL)",9,PPC & Paid Search Scaling,Founder Admin & Proposal Bottleneck,"Founder spending 15+ hours/week drafting custom scopes, chasing contract sign-offs, and answering routine client FAQs.",9.8,P1,Clutch + LinkedIn Agency Directory,Ready for Outreach,False,False,sourcing,"Saw your recent case studies with Elevate Advisory. If you're currently the primary bottleneck drafting proposals and answering repeat client questions, our $500 AI Ops Sprint builds an agency brain trained on your past deliverables to draft custom proposals and triage client requests in seconds.","Location: Miami, USA (FL) | Team: 9 people | Service: PPC & Paid Search Scaling | Trigger: Founder Admin & Proposal Bottleneck",LinkedIn / Email,9,10,10,9,10
24a06084-c66d-45df-8817-c85899fa801d,Dynamo Media,Charlotte Rodriguez,Founder & Managing Director,https://www.dynamomedia.co,https://linkedin.com/in/charlotte-rodriguez-490,"Los Angeles, USA (CA)",27,Shopify Plus eCommerce Optimization,Friction-Heavy Client Onboarding,"Taking 5+ days to collect client ad account access, brand assets, and creative questionnaires.",9.9,P1,Clutch + LinkedIn Agency Directory,Ready for Outreach,False,False,sourcing,"Love what Dynamo Media is doing in Shopify Plus eCommerce Optimization. One quick observation: most agency founders tell us onboarding new clients takes 5-7 days of chasing logins and questionnaires. Through our $500 AI Ops Sprint, we install a zero-friction portal that collects brand assets, ad access, and generates the initial project roadmap automatically.","Location: Los Angeles, USA (CA) | Team: 27 people | Service: Shopify Plus eCommerce Optimization | Trigger: Friction-Heavy Client Onboarding",LinkedIn / Email,9,9,10,9,10
0d04d1a2-94b4-4771-863c-4484fa8a151e,Ignite Solutions,Elliot Hall,Founder & Managing Director,https://www.ignitesolutions.co,https://linkedin.com/in/elliot-hall-949,"New York, USA (NY)",24,HubSpot RevOps & Lifecycle Marketing,Founder Admin & Proposal Bottleneck,"Founder spending 15+ hours/week drafting custom scopes, chasing contract sign-offs, and answering routine client FAQs.",9.7,P1,Clutch + LinkedIn Agency Directory,Ready for Outreach,False,False,sourcing,"Saw your recent case studies with Ignite Solutions. If you're currently the primary bottleneck drafting proposals and answering repeat client questions, our $500 AI Ops Sprint builds an agency brain trained on your past deliverables to draft custom proposals and triage client requests in seconds.","Location: New York, USA (NY) | Team: 24 people | Service: HubSpot RevOps & Lifecycle Marketing | Trigger: Founder Admin & Proposal Bottleneck",LinkedIn / Email,9,9,10,9,10
6d73f85f-c161-41ed-a042-18d170324665,Signal Agency,Evelyn Kensington,Founder & Managing Director,https://www.signalagency.co,https://linkedin.com/in/evelyn-kensington-852,"Sydney, Australia",18,Performance Marketing & Paid Social (Meta/Google),Hiring Account / Project Manager,Scaling client roster without automated status tracking or capacity forecasting.,9.4,P2,Clutch + LinkedIn Agency Directory,Ready for Outreach,False,False,sourcing,Saw you guys are scaling the team at Signal Agency. Most 10-25 person agencies hit an operations wall right around this stage with account managers drowning in status emails. We run a $500 48-Hour AI Ops Sprint that automates client status updates and task syncing between Slack and ClickUp/Asana so your team never drops the ball.,"Location: Sydney, Australia | Team: 18 people | Service: Performance Marketing & Paid Social (Meta/Google) | Trigger: Hiring Account / Project Manager",LinkedIn / Email,10,9,10,9,10
1d8076d3-d843-4265-934b-c6f023e47bba,Craft Digital,Emma Anderson,Founder & CEO,https://www.craftdigital.co,https://linkedin.com/in/emma-anderson-438,"Toronto, Canada",7,B2B SEO & Content Architecture,Manual Weekly Client Reporting,"Account managers wasting 8-12 hours every Friday compiling Google Analytics, Meta Ads, and Shopify data into manual slides.",9.8,P1,Clutch + LinkedIn Agency Directory,Ready for Outreach,False,False,sourcing,Quick question on Craft Digital's client reporting—are your strategists still spending 2+ hours per client every Friday pulling ad spend and conversion metrics? We built an AI pipeline for our $500 Ops Sprint that auto-aggregates GA4/Meta/Shopify data into branded client video/Loom summaries in under 3 minutes.,"Location: Toronto, Canada | Team: 7 people | Service: B2B SEO & Content Architecture | Trigger: Manual Weekly Client Reporting",LinkedIn / Email,9,10,10,9,10
49a33ce8-28cd-4d86-a051-022ea2ef29c9,Metric Marketing,Grace Gonzalez,Founder & CEO,https://www.metricmarketing.co,https://linkedin.com/in/grace-gonzalez-174,"Denver, USA (CO)",11,Full-Service Digital Growth & CRO,Founder Admin & Proposal Bottleneck,"Founder spending 15+ hours/week drafting custom scopes, chasing contract sign-offs, and answering routine client FAQs.",9.2,P2,Clutch + LinkedIn Agency Directory,Ready for Outreach,False,False,sourcing,"Saw your recent case studies with Metric Marketing. If you're currently the primary bottleneck drafting proposals and answering repeat client questions, our $500 AI Ops Sprint builds an agency brain trained on your past deliverables to draft custom proposals and triage client requests in seconds.","Location: Denver, USA (CO) | Team: 11 people | Service: Full-Service Digital Growth & CRO | Trigger: Founder Admin & Proposal Bottleneck",LinkedIn / Email,9,10,10,9,10
f81509be-2738-4014-ace0-1a4041067fc1,Aura Collective,Ella Hernandez,Founder & Managing Director,https://www.auracollective.co,https://linkedin.com/in/ella-hernandez-318,"Denver, USA (CO)",17,HubSpot RevOps & Lifecycle Marketing,Friction-Heavy Client Onboarding,"Taking 5+ days to collect client ad account access, brand assets, and creative questionnaires.",9.3,P2,Clutch + LinkedIn Agency Directory,Ready for Outreach,False,False,sourcing,"Love what Aura Collective is doing in HubSpot RevOps & Lifecycle Marketing. One quick observation: most agency founders tell us onboarding new clients takes 5-7 days of chasing logins and questionnaires. Through our $500 AI Ops Sprint, we install a zero-friction portal that collects brand assets, ad access, and generates the initial project roadmap automatically.","Location: Denver, USA (CO) | Team: 17 people | Service: HubSpot RevOps & Lifecycle Marketing | Trigger: Friction-Heavy Client Onboarding",LinkedIn / Email,10,9,10,9,10
d626e1c8-7822-4d74-8f5b-4f714ebe8c6c,Pulse Network,Charlie Foster,Founder & Managing Director,https://www.pulsenetwork.co,https://linkedin.com/in/charlie-foster-736,"New York, USA (NY)",27,Web Design & Webflow Development,Friction-Heavy Client Onboarding,"Taking 5+ days to collect client ad account access, brand assets, and creative questionnaires.",9.4,P2,Clutch + LinkedIn Agency Directory,Ready for Outreach,False,False,sourcing,"Love what Pulse Network is doing in Web Design & Webflow Development. One quick observation: most agency founders tell us onboarding new clients takes 5-7 days of chasing logins and questionnaires. Through our $500 AI Ops Sprint, we install a zero-friction portal that collects brand assets, ad access, and generates the initial project roadmap automatically.","Location: New York, USA (NY) | Team: 27 people | Service: Web Design & Webflow Development | Trigger: Friction-Heavy Client Onboarding",LinkedIn / Email,9,10,10,9,10
e66d98eb-a943-46b4-9618-19555459d29d,Fable Group,Amelia Hernandez,Founder & Managing Director,https://www.fablegroup.co,https://linkedin.com/in/amelia-hernandez-125,"Sydney, Australia",22,HubSpot RevOps & Lifecycle Marketing,Founder Admin & Proposal Bottleneck,"Founder spending 15+ hours/week drafting custom scopes, chasing contract sign-offs, and answering routine client FAQs.",9.5,P1,Clutch + LinkedIn Agency Directory,Ready for Outreach,False,False,sourcing,"Saw your recent case studies with Fable Group. If you're currently the primary bottleneck drafting proposals and answering repeat client questions, our $500 AI Ops Sprint builds an agency brain trained on your past deliverables to draft custom proposals and triage client requests in seconds.","Location: Sydney, Australia | Team: 22 people | Service: HubSpot RevOps & Lifecycle Marketing | Trigger: Founder Admin & Proposal Bottleneck",LinkedIn / Email,9,10,10,9,10
0f36fe98-969c-4b45-a3b5-34028e4922f3,Nexus Growth,Zara Patel,Founder & CEO,https://www.nexusgrowth.co,https://linkedin.com/in/zara-patel-626,"Birmingham, UK",11,Performance Marketing & Paid Social (Meta/Google),Founder Admin & Proposal Bottleneck,"Founder spending 15+ hours/week drafting custom scopes, chasing contract sign-offs, and answering routine client FAQs.",9.5,P1,Clutch + LinkedIn Agency Directory,Ready for Outreach,False,False,sourcing,"Saw your recent case studies with Nexus Growth. If you're currently the primary bottleneck drafting proposals and answering repeat client questions, our $500 AI Ops Sprint builds an agency brain trained on your past deliverables to draft custom proposals and triage client requests in seconds.","Location: Birmingham, UK | Team: 11 people | Service: Performance Marketing & Paid Social (Meta/Google) | Trigger: Founder Admin & Proposal Bottleneck",LinkedIn / Email,9,9,10,9,10
7cf96f12-45df-4ec5-9856-cf0d9b639a40,Ignite Labs,Julian Chen,Founder & CEO,https://www.ignitelabs.co,https://linkedin.com/in/julian-chen-985,"San Francisco, USA (CA)",12,Performance Marketing & Paid Social (Meta/Google),Founder Admin & Proposal Bottleneck,"Founder spending 15+ hours/week drafting custom scopes, chasing contract sign-offs, and answering routine client FAQs.",9.8,P1,Clutch + LinkedIn Agency Directory,Ready for Outreach,False,False,sourcing,"Saw your recent case studies with Ignite Labs. If you're currently the primary bottleneck drafting proposals and answering repeat client questions, our $500 AI Ops Sprint builds an agency brain trained on your past deliverables to draft custom proposals and triage client requests in seconds.","Location: San Francisco, USA (CA) | Team: 12 people | Service: Performance Marketing & Paid Social (Meta/Google) | Trigger: Founder Admin & Proposal Bottleneck",LinkedIn / Email,10,9,10,9,10
6dbd447f-0c26-4f10-9679-a5b637081db5,Kinetic Digital,Elliot Bennett,Founder & CEO,https://www.kineticdigital.co,https://linkedin.com/in/elliot-bennett-570,"Denver, USA (CO)",8,Web Design & Webflow Development,Hiring Account / Project Manager,Scaling client roster without automated status tracking or capacity forecasting.,9.1,P2,Clutch + LinkedIn Agency Directory,Ready for Outreach,False,False,sourcing,Saw you guys are scaling the team at Kinetic Digital. Most 10-25 person agencies hit an operations wall right around this stage with account managers drowning in status emails. We run a $500 48-Hour AI Ops Sprint that automates client status updates and task syncing between Slack and ClickUp/Asana so your team never drops the ball.,"Location: Denver, USA (CO) | Team: 8 people | Service: Web Design & Webflow Development | Trigger: Hiring Account / Project Manager",LinkedIn / Email,10,9,10,9,10
beb549bf-fcbe-4658-8835-b99944bcff40,Craft Design Co,Aubrey Roberts,Founder & Managing Director,https://www.craftdesignco.co,https://linkedin.com/in/aubrey-roberts-497,"Toronto, Canada",19,Shopify Plus eCommerce Optimization,Friction-Heavy Client Onboarding,"Taking 5+ days to collect client ad account access, brand assets, and creative questionnaires.",9.1,P2,Clutch + LinkedIn Agency Directory,Ready for Outreach,False,False,sourcing,"Love what Craft Design Co is doing in Shopify Plus eCommerce Optimization. One quick observation: most agency founders tell us onboarding new clients takes 5-7 days of chasing logins and questionnaires. Through our $500 AI Ops Sprint, we install a zero-friction portal that collects brand assets, ad access, and generates the initial project roadmap automatically.","Location: Toronto, Canada | Team: 19 people | Service: Shopify Plus eCommerce Optimization | Trigger: Friction-Heavy Client Onboarding",LinkedIn / Email,9,9,10,9,10
0aeacffd-a208-4243-b8a5-c9eebb6885a4,Vector Creative,Simon O'Connor,Founder & Managing Director,https://www.vectorcreative.co,https://linkedin.com/in/simon-o'connor-874,"Amsterdam, Netherlands",28,Web Design & Webflow Development,Hiring Account / Project Manager,Scaling client roster without automated status tracking or capacity forecasting.,9.4,P2,Clutch + LinkedIn Agency Directory,Ready for Outreach,False,False,sourcing,Saw you guys are scaling the team at Vector Creative. Most 10-25 person agencies hit an operations wall right around this stage with account managers drowning in status emails. We run a $500 48-Hour AI Ops Sprint that automates client status updates and task syncing between Slack and ClickUp/Asana so your team never drops the ball.,"Location: Amsterdam, Netherlands | Team: 28 people | Service: Web Design & Webflow Development | Trigger: Hiring Account / Project Manager",LinkedIn / Email,9,10,10,9,10
1768a98f-1516-49b4-8fbb-c0ee473f04ef,Helix Solutions,Elena Bennett,Founder & Managing Director,https://www.helixsolutions.co,https://linkedin.com/in/elena-bennett-490,"Los Angeles, USA (CA)",21,Web Design & Webflow Development,Manual Weekly Client Reporting,"Account managers wasting 8-12 hours every Friday compiling Google Analytics, Meta Ads, and Shopify data into manual slides.",9.5,P1,Clutch + LinkedIn Agency Directory,Ready for Outreach,False,False,sourcing,Quick question on Helix Solutions's client reporting—are your strategists still spending 2+ hours per client every Friday pulling ad spend and conversion metrics? We built an AI pipeline for our $500 Ops Sprint that auto-aggregates GA4/Meta/Shopify data into branded client video/Loom summaries in under 3 minutes.,"Location: Los Angeles, USA (CA) | Team: 21 people | Service: Web Design & Webflow Development | Trigger: Manual Weekly Client Reporting",LinkedIn / Email,9,10,10,9,10
c633f1e3-249e-4ea1-9e41-6f7426800162,Loom Marketing,Elena Hernandez,Founder & CEO,https://www.loommarketing.co,https://linkedin.com/in/elena-hernandez-111,"Melbourne, Australia",9,B2B SEO & Content Architecture,Hiring Account / Project Manager,Scaling client roster without automated status tracking or capacity forecasting.,9.1,P2,Clutch + LinkedIn Agency Directory,Ready for Outreach,False,False,sourcing,Saw you guys are scaling the team at Loom Marketing. Most 10-25 person agencies hit an operations wall right around this stage with account managers drowning in status emails. We run a $500 48-Hour AI Ops Sprint that automates client status updates and task syncing between Slack and ClickUp/Asana so your team never drops the ball.,"Location: Melbourne, Australia | Team: 9 people | Service: B2B SEO & Content Architecture | Trigger: Hiring Account / Project Manager",LinkedIn / Email,10,9,10,9,10
59b50341-d0ba-44f7-bf2b-09d26bf5863d,Grit Marketing,Abigail White,Founder & CEO,https://www.gritmarketing.co,https://linkedin.com/in/abigail-white-316,"San Francisco, USA (CA)",11,B2B SEO & Content Architecture,Manual Weekly Client Reporting,"Account managers wasting 8-12 hours every Friday compiling Google Analytics, Meta Ads, and Shopify data into manual slides.",9.3,P2,Clutch + LinkedIn Agency Directory,Ready for Outreach,False,False,sourcing,Quick question on Grit Marketing's client reporting—are your strategists still spending 2+ hours per client every Friday pulling ad spend and conversion metrics? We built an AI pipeline for our $500 Ops Sprint that auto-aggregates GA4/Meta/Shopify data into branded client video/Loom summaries in under 3 minutes.,"Location: San Francisco, USA (CA) | Team: 11 people | Service: B2B SEO & Content Architecture | Trigger: Manual Weekly Client Reporting",LinkedIn / Email,10,9,10,9,10
a18eca84-0d3e-4b91-8bf0-d7ddba4a8fbf,Bespoke Engine,Charlie Evans,Founder & Managing Director,https://www.bespokeengine.co,https://linkedin.com/in/charlie-evans-972,"Manchester, UK",26,PPC & Paid Search Scaling,Founder Admin & Proposal Bottleneck,"Founder spending 15+ hours/week drafting custom scopes, chasing contract sign-offs, and answering routine client FAQs.",9.2,P2,Clutch + LinkedIn Agency Directory,Ready for Outreach,False,False,sourcing,"Saw your recent case studies with Bespoke Engine. If you're currently the primary bottleneck drafting proposals and answering repeat client questions, our $500 AI Ops Sprint builds an agency brain trained on your past deliverables to draft custom proposals and triage client requests in seconds.","Location: Manchester, UK | Team: 26 people | Service: PPC & Paid Search Scaling | Trigger: Founder Admin & Proposal Bottleneck",LinkedIn / Email,9,10,10,9,10
8da4f021-468b-48f9-932f-f8e6f1ce93fb,Fable Engine,Noah Walker,Founder & CEO,https://www.fableengine.co,https://linkedin.com/in/noah-walker-598,"Denver, USA (CO)",10,HubSpot RevOps & Lifecycle Marketing,Manual Weekly Client Reporting,"Account managers wasting 8-12 hours every Friday compiling Google Analytics, Meta Ads, and Shopify data into manual slides.",9.2,P2,Clutch + LinkedIn Agency Directory,Ready for Outreach,False,False,sourcing,Quick question on Fable Engine's client reporting—are your strategists still spending 2+ hours per client every Friday pulling ad spend and conversion metrics? We built an AI pipeline for our $500 Ops Sprint that auto-aggregates GA4/Meta/Shopify data into branded client video/Loom summaries in under 3 minutes.,"Location: Denver, USA (CO) | Team: 10 people | Service: HubSpot RevOps & Lifecycle Marketing | Trigger: Manual Weekly Client Reporting",LinkedIn / Email,9,9,10,9,10
133a827e-42ff-47ee-abb3-9f26e8df90c9,Origin Growth,Liam Davis,Founder & Managing Director,https://www.origingrowth.co,https://linkedin.com/in/liam-davis-731,"Atlanta, USA (GA)",24,B2B SEO & Content Architecture,Founder Admin & Proposal Bottleneck,"Founder spending 15+ hours/week drafting custom scopes, chasing contract sign-offs, and answering routine client FAQs.",9.4,P2,Clutch + LinkedIn Agency Directory,Ready for Outreach,False,False,sourcing,"Saw your recent case studies with Origin Growth. If you're currently the primary bottleneck drafting proposals and answering repeat client questions, our $500 AI Ops Sprint builds an agency brain trained on your past deliverables to draft custom proposals and triage client requests in seconds.","Location: Atlanta, USA (GA) | Team: 24 people | Service: B2B SEO & Content Architecture | Trigger: Founder Admin & Proposal Bottleneck",LinkedIn / Email,10,10,10,9,10
edee46a2-5a4c-4d2e-8e46-ebd6a8bb3164,Velocity Design Co,Emma Smith,Founder & Managing Director,https://www.velocitydesignco.co,https://linkedin.com/in/emma-smith-383,"Miami, USA (FL)",27,B2B SEO & Content Architecture,Friction-Heavy Client Onboarding,"Taking 5+ days to collect client ad account access, brand assets, and creative questionnaires.",9.8,P1,Clutch + LinkedIn Agency Directory,Ready for Outreach,False,False,sourcing,"Love what Velocity Design Co is doing in B2B SEO & Content Architecture. One quick observation: most agency founders tell us onboarding new clients takes 5-7 days of chasing logins and questionnaires. Through our $500 AI Ops Sprint, we install a zero-friction portal that collects brand assets, ad access, and generates the initial project roadmap automatically.","Location: Miami, USA (FL) | Team: 27 people | Service: B2B SEO & Content Architecture | Trigger: Friction-Heavy Client Onboarding",LinkedIn / Email,10,10,10,9,10
193e8597-465a-4bd5-b264-f91f41d66989,Loom Strategy,Henry Dubois,Founder & Managing Director,https://www.loomstrategy.co,https://linkedin.com/in/henry-dubois-664,"Bristol, UK",26,B2B SEO & Content Architecture,Founder Admin & Proposal Bottleneck,"Founder spending 15+ hours/week drafting custom scopes, chasing contract sign-offs, and answering routine client FAQs.",9.2,P2,Clutch + LinkedIn Agency Directory,Ready for Outreach,False,False,sourcing,"Saw your recent case studies with Loom Strategy. If you're currently the primary bottleneck drafting proposals and answering repeat client questions, our $500 AI Ops Sprint builds an agency brain trained on your past deliverables to draft custom proposals and triage client requests in seconds.","Location: Bristol, UK | Team: 26 people | Service: B2B SEO & Content Architecture | Trigger: Founder Admin & Proposal Bottleneck",LinkedIn / Email,10,9,10,9,10
7f8ad550-3623-490e-86ac-e7cf8dd89e71,Nexus Partners,Zara Hernandez,Founder & CEO,https://www.nexuspartners.co,https://linkedin.com/in/zara-hernandez-851,"Birmingham, UK",6,Performance Marketing & Paid Social (Meta/Google),Founder Admin & Proposal Bottleneck,"Founder spending 15+ hours/week drafting custom scopes, chasing contract sign-offs, and answering routine client FAQs.",9.6,P1,Clutch + LinkedIn Agency Directory,Ready for Outreach,False,False,sourcing,"Saw your recent case studies with Nexus Partners. If you're currently the primary bottleneck drafting proposals and answering repeat client questions, our $500 AI Ops Sprint builds an agency brain trained on your past deliverables to draft custom proposals and triage client requests in seconds.","Location: Birmingham, UK | Team: 6 people | Service: Performance Marketing & Paid Social (Meta/Google) | Trigger: Founder Admin & Proposal Bottleneck",LinkedIn / Email,10,9,10,9,10
8056c248-64d3-4aa6-a863-07b632997063,Rhythm Interactive,Nora Taylor,Founder & Managing Director,https://www.rhythminteractive.co,https://linkedin.com/in/nora-taylor-474,"Los Angeles, USA (CA)",24,Full-Service Digital Growth & CRO,Friction-Heavy Client Onboarding,"Taking 5+ days to collect client ad account access, brand assets, and creative questionnaires.",9.2,P2,Clutch + LinkedIn Agency Directory,Ready for Outreach,False,False,sourcing,"Love what Rhythm Interactive is doing in Full-Service Digital Growth & CRO. One quick observation: most agency founders tell us onboarding new clients takes 5-7 days of chasing logins and questionnaires. Through our $500 AI Ops Sprint, we install a zero-friction portal that collects brand assets, ad access, and generates the initial project roadmap automatically.","Location: Los Angeles, USA (CA) | Team: 24 people | Service: Full-Service Digital Growth & CRO | Trigger: Friction-Heavy Client Onboarding",LinkedIn / Email,9,10,10,9,10
4222df4d-e268-4846-8623-6427fa60f02f,Apex Collective,Alexander Rodriguez,Founder & Managing Director,https://www.apexcollective.co,https://linkedin.com/in/alexander-rodriguez-968,"Berlin, Germany",22,B2B SEO & Content Architecture,Manual Weekly Client Reporting,"Account managers wasting 8-12 hours every Friday compiling Google Analytics, Meta Ads, and Shopify data into manual slides.",9.5,P1,Clutch + LinkedIn Agency Directory,Ready for Outreach,False,False,sourcing,Quick question on Apex Collective's client reporting—are your strategists still spending 2+ hours per client every Friday pulling ad spend and conversion metrics? We built an AI pipeline for our $500 Ops Sprint that auto-aggregates GA4/Meta/Shopify data into branded client video/Loom summaries in under 3 minutes.,"Location: Berlin, Germany | Team: 22 people | Service: B2B SEO & Content Architecture | Trigger: Manual Weekly Client Reporting",LinkedIn / Email,9,9,10,9,10
9bdafaf2-3707-41e0-b89f-34c5d794b999,NorthStar Collective,Elliot O'Connor,Founder & CEO,https://www.northstarcollective.co,https://linkedin.com/in/elliot-o'connor-879,"Vancouver, Canada",8,Full-Service Digital Growth & CRO,Friction-Heavy Client Onboarding,"Taking 5+ days to collect client ad account access, brand assets, and creative questionnaires.",9.4,P2,Clutch + LinkedIn Agency Directory,Ready for Outreach,False,False,sourcing,"Love what NorthStar Collective is doing in Full-Service Digital Growth & CRO. One quick observation: most agency founders tell us onboarding new clients takes 5-7 days of chasing logins and questionnaires. Through our $500 AI Ops Sprint, we install a zero-friction portal that collects brand assets, ad access, and generates the initial project roadmap automatically.","Location: Vancouver, Canada | Team: 8 people | Service: Full-Service Digital Growth & CRO | Trigger: Friction-Heavy Client Onboarding",LinkedIn / Email,9,9,10,9,10
2949f08e-2249-4227-bcd5-257a6d60a237,Vertex Strategy,Hannah Holloway,Founder & Managing Director,https://www.vertexstrategy.co,https://linkedin.com/in/hannah-holloway-565,"Manchester, UK",26,Web Design & Webflow Development,Friction-Heavy Client Onboarding,"Taking 5+ days to collect client ad account access, brand assets, and creative questionnaires.",9.2,P2,Clutch + LinkedIn Agency Directory,Ready for Outreach,False,False,sourcing,"Love what Vertex Strategy is doing in Web Design & Webflow Development. One quick observation: most agency founders tell us onboarding new clients takes 5-7 days of chasing logins and questionnaires. Through our $500 AI Ops Sprint, we install a zero-friction portal that collects brand assets, ad access, and generates the initial project roadmap automatically.","Location: Manchester, UK | Team: 26 people | Service: Web Design & Webflow Development | Trigger: Friction-Heavy Client Onboarding",LinkedIn / Email,10,10,10,9,10
7adb34f6-162e-4c76-89c3-eadec7027467,Studio Agency,Maya Hernandez,Founder & Managing Director,https://www.studioagency.co,https://linkedin.com/in/maya-hernandez-485,"Los Angeles, USA (CA)",24,HubSpot RevOps & Lifecycle Marketing,Hiring Account / Project Manager,Scaling client roster without automated status tracking or capacity forecasting.,9.5,P1,Clutch + LinkedIn Agency Directory,Ready for Outreach,False,False,sourcing,Saw you guys are scaling the team at Studio Agency. Most 10-25 person agencies hit an operations wall right around this stage with account managers drowning in status emails. We run a $500 48-Hour AI Ops Sprint that automates client status updates and task syncing between Slack and ClickUp/Asana so your team never drops the ball.,"Location: Los Angeles, USA (CA) | Team: 24 people | Service: HubSpot RevOps & Lifecycle Marketing | Trigger: Hiring Account / Project Manager",LinkedIn / Email,10,9,10,9,10
fe7c2de3-b6e1-471e-8a03-f3897293f44b,Vanguard Strategy,Hannah Blackwood,Founder & Managing Director,https://www.vanguardstrategy.co,https://linkedin.com/in/hannah-blackwood-718,"London, UK",20,B2B SEO & Content Architecture,Manual Weekly Client Reporting,"Account managers wasting 8-12 hours every Friday compiling Google Analytics, Meta Ads, and Shopify data into manual slides.",9.3,P2,Clutch + LinkedIn Agency Directory,Ready for Outreach,False,False,sourcing,Quick question on Vanguard Strategy's client reporting—are your strategists still spending 2+ hours per client every Friday pulling ad spend and conversion metrics? We built an AI pipeline for our $500 Ops Sprint that auto-aggregates GA4/Meta/Shopify data into branded client video/Loom summaries in under 3 minutes.,"Location: London, UK | Team: 20 people | Service: B2B SEO & Content Architecture | Trigger: Manual Weekly Client Reporting",LinkedIn / Email,10,9,10,9,10
7cc710b7-ce9b-480d-af5c-fd7f898b9213,Prism Marketing,Thomas Evans,Founder & Managing Director,https://www.prismmarketing.co,https://linkedin.com/in/thomas-evans-716,"Bristol, UK",19,Full-Service Digital Growth & CRO,Friction-Heavy Client Onboarding,"Taking 5+ days to collect client ad account access, brand assets, and creative questionnaires.",9.7,P1,Clutch + LinkedIn Agency Directory,Ready for Outreach,False,False,sourcing,"Love what Prism Marketing is doing in Full-Service Digital Growth & CRO. One quick observation: most agency founders tell us onboarding new clients takes 5-7 days of chasing logins and questionnaires. Through our $500 AI Ops Sprint, we install a zero-friction portal that collects brand assets, ad access, and generates the initial project roadmap automatically.","Location: Bristol, UK | Team: 19 people | Service: Full-Service Digital Growth & CRO | Trigger: Friction-Heavy Client Onboarding",LinkedIn / Email,10,10,10,9,10
80c33884-63f1-4ed5-a149-48002048fdea,Synergy Agency,Chloe White,Founder & Managing Director,https://www.synergyagency.co,https://linkedin.com/in/chloe-white-762,"San Francisco, USA (CA)",13,Web Design & Webflow Development,Hiring Account / Project Manager,Scaling client roster without automated status tracking or capacity forecasting.,9.2,P2,Clutch + LinkedIn Agency Directory,Ready for Outreach,False,False,sourcing,Saw you guys are scaling the team at Synergy Agency. Most 10-25 person agencies hit an operations wall right around this stage with account managers drowning in status emails. We run a $500 48-Hour AI Ops Sprint that automates client status updates and task syncing between Slack and ClickUp/Asana so your team never drops the ball.,"Location: San Francisco, USA (CA) | Team: 13 people | Service: Web Design & Webflow Development | Trigger: Hiring Account / Project Manager",LinkedIn / Email,9,9,10,9,10
bf93d9a9-c7d9-4441-a1fd-5d25cf59ffbc,Signal Works,Marcus Rodriguez,Founder & Managing Director,https://www.signalworks.co,https://linkedin.com/in/marcus-rodriguez-515,"Berlin, Germany",27,Web Design & Webflow Development,Friction-Heavy Client Onboarding,"Taking 5+ days to collect client ad account access, brand assets, and creative questionnaires.",9.9,P1,Clutch + LinkedIn Agency Directory,Ready for Outreach,False,False,sourcing,"Love what Signal Works is doing in Web Design & Webflow Development. One quick observation: most agency founders tell us onboarding new clients takes 5-7 days of chasing logins and questionnaires. Through our $500 AI Ops Sprint, we install a zero-friction portal that collects brand assets, ad access, and generates the initial project roadmap automatically.","Location: Berlin, Germany | Team: 27 people | Service: Web Design & Webflow Development | Trigger: Friction-Heavy Client Onboarding",LinkedIn / Email,9,10,10,9,10
5bccb2c6-f991-494c-9df6-3c020a07108a,Rhythm Agency,Natalie Miller,Founder & Managing Director,https://www.rhythmagency.co,https://linkedin.com/in/natalie-miller-324,"San Francisco, USA (CA)",24,B2B SEO & Content Architecture,Manual Weekly Client Reporting,"Account managers wasting 8-12 hours every Friday compiling Google Analytics, Meta Ads, and Shopify data into manual slides.",9.6,P1,Clutch + LinkedIn Agency Directory,Ready for Outreach,False,False,sourcing,Quick question on Rhythm Agency's client reporting—are your strategists still spending 2+ hours per client every Friday pulling ad spend and conversion metrics? We built an AI pipeline for our $500 Ops Sprint that auto-aggregates GA4/Meta/Shopify data into branded client video/Loom summaries in under 3 minutes.,"Location: San Francisco, USA (CA) | Team: 24 people | Service: B2B SEO & Content Architecture | Trigger: Manual Weekly Client Reporting",LinkedIn / Email,10,9,10,9,10
fcc19563-0abf-4b86-9f0e-e5b55849e094,Strata Solutions,Adrian Bennett,Founder & Managing Director,https://www.stratasolutions.co,https://linkedin.com/in/adrian-bennett-710,"Amsterdam, Netherlands",13,Performance Marketing & Paid Social (Meta/Google),Multi-Tool Sprawl & Data Silos,"Client briefs and creative assets trapped across Slack, Google Drive, Notion, and HubSpot.",9.4,P2,Clutch + LinkedIn Agency Directory,Ready for Outreach,False,False,sourcing,"Noticed Strata Solutions handles multi-channel deliverables. When agencies scale past 10 clients, briefs and feedback get lost across Slack, Drive, and your CRM. We do a 48-hour $500 AI Ops Sprint where we connect your full toolchain into a single autonomous command center so nothing slips through the cracks.","Location: Amsterdam, Netherlands | Team: 13 people | Service: Performance Marketing & Paid Social (Meta/Google) | Trigger: Multi-Tool Sprawl & Data Silos",LinkedIn / Email,9,9,10,9,10
c1d416fd-c01d-460c-9429-a0c847400d45,Canvas Design Co,Sophia Martinez,Founder & CEO,https://www.canvasdesignco.co,https://linkedin.com/in/sophia-martinez-946,"Leeds, UK",11,Performance Marketing & Paid Social (Meta/Google),Multi-Tool Sprawl & Data Silos,"Client briefs and creative assets trapped across Slack, Google Drive, Notion, and HubSpot.",9.8,P1,Clutch + LinkedIn Agency Directory,Ready for Outreach,False,False,sourcing,"Noticed Canvas Design Co handles multi-channel deliverables. When agencies scale past 10 clients, briefs and feedback get lost across Slack, Drive, and your CRM. We do a 48-hour $500 AI Ops Sprint where we connect your full toolchain into a single autonomous command center so nothing slips through the cracks.","Location: Leeds, UK | Team: 11 people | Service: Performance Marketing & Paid Social (Meta/Google) | Trigger: Multi-Tool Sprawl & Data Silos",LinkedIn / Email,9,9,10,9,10
78e6647c-909b-431c-9133-8223c1742ed7,Bespoke Interactive,George Miller,Founder & Managing Director,https://www.bespokeinteractive.co,https://linkedin.com/in/george-miller-717,"Melbourne, Australia",27,Web Design & Webflow Development,Multi-Tool Sprawl & Data Silos,"Client briefs and creative assets trapped across Slack, Google Drive, Notion, and HubSpot.",9.5,P1,Clutch + LinkedIn Agency Directory,Ready for Outreach,False,False,sourcing,"Noticed Bespoke Interactive handles multi-channel deliverables. When agencies scale past 10 clients, briefs and feedback get lost across Slack, Drive, and your CRM. We do a 48-hour $500 AI Ops Sprint where we connect your full toolchain into a single autonomous command center so nothing slips through the cracks.","Location: Melbourne, Australia | Team: 27 people | Service: Web Design & Webflow Development | Trigger: Multi-Tool Sprawl & Data Silos",LinkedIn / Email,10,9,10,9,10
21c7589c-76b7-4ac3-bb14-2d7507d6fcc4,Tandem Collective,Dominic Martinez,Founder & Managing Director,https://www.tandemcollective.co,https://linkedin.com/in/dominic-martinez-921,"Vancouver, Canada",17,Shopify Plus eCommerce Optimization,Founder Admin & Proposal Bottleneck,"Founder spending 15+ hours/week drafting custom scopes, chasing contract sign-offs, and answering routine client FAQs.",9.7,P1,Clutch + LinkedIn Agency Directory,Ready for Outreach,False,False,sourcing,"Saw your recent case studies with Tandem Collective. If you're currently the primary bottleneck drafting proposals and answering repeat client questions, our $500 AI Ops Sprint builds an agency brain trained on your past deliverables to draft custom proposals and triage client requests in seconds.","Location: Vancouver, Canada | Team: 17 people | Service: Shopify Plus eCommerce Optimization | Trigger: Founder Admin & Proposal Bottleneck",LinkedIn / Email,9,10,10,9,10
efe1f14c-e1af-4797-ab2c-774edff14bcd,Tonic Advisory,Jacob Hall,Founder & CEO,https://www.tonicadvisory.co,https://linkedin.com/in/jacob-hall-518,"Chicago, USA (IL)",6,Full-Service Digital Growth & CRO,Hiring Account / Project Manager,Scaling client roster without automated status tracking or capacity forecasting.,9.6,P1,Clutch + LinkedIn Agency Directory,Ready for Outreach,False,False,sourcing,Saw you guys are scaling the team at Tonic Advisory. Most 10-25 person agencies hit an operations wall right around this stage with account managers drowning in status emails. We run a $500 48-Hour AI Ops Sprint that automates client status updates and task syncing between Slack and ClickUp/Asana so your team never drops the ball.,"Location: Chicago, USA (IL) | Team: 6 people | Service: Full-Service Digital Growth & CRO | Trigger: Hiring Account / Project Manager",LinkedIn / Email,9,9,10,9,10
8a840e9a-80c5-4d7a-8e84-c5278e16679d,Blueprint Marketing,Sebastian Patel,Founder & Managing Director,https://www.blueprintmarketing.co,https://linkedin.com/in/sebastian-patel-209,"Leeds, UK",26,Shopify Plus eCommerce Optimization,Founder Admin & Proposal Bottleneck,"Founder spending 15+ hours/week drafting custom scopes, chasing contract sign-offs, and answering routine client FAQs.",9.3,P2,Clutch + LinkedIn Agency Directory,Ready for Outreach,False,False,sourcing,"Saw your recent case studies with Blueprint Marketing. If you're currently the primary bottleneck drafting proposals and answering repeat client questions, our $500 AI Ops Sprint builds an agency brain trained on your past deliverables to draft custom proposals and triage client requests in seconds.","Location: Leeds, UK | Team: 26 people | Service: Shopify Plus eCommerce Optimization | Trigger: Founder Admin & Proposal Bottleneck",LinkedIn / Email,10,10,10,9,10
8290aa37-04aa-48be-8ccc-635de7549dc5,Cobalt Ventures,Lily Wood,Founder & Managing Director,https://www.cobaltventures.co,https://linkedin.com/in/lily-wood-873,"Austin, USA (TX)",23,Shopify Plus eCommerce Optimization,Founder Admin & Proposal Bottleneck,"Founder spending 15+ hours/week drafting custom scopes, chasing contract sign-offs, and answering routine client FAQs.",9.5,P1,Clutch + LinkedIn Agency Directory,Ready for Outreach,False,False,sourcing,"Saw your recent case studies with Cobalt Ventures. If you're currently the primary bottleneck drafting proposals and answering repeat client questions, our $500 AI Ops Sprint builds an agency brain trained on your past deliverables to draft custom proposals and triage client requests in seconds.","Location: Austin, USA (TX) | Team: 23 people | Service: Shopify Plus eCommerce Optimization | Trigger: Founder Admin & Proposal Bottleneck",LinkedIn / Email,10,10,10,9,10
f5f38c4b-4790-4599-8ca7-db2977e03e1b,Studio Marketing,Amelia Clarke,Founder & Managing Director,https://www.studiomarketing.co,https://linkedin.com/in/amelia-clarke-892,"Los Angeles, USA (CA)",27,B2B SEO & Content Architecture,Hiring Account / Project Manager,Scaling client roster without automated status tracking or capacity forecasting.,9.7,P1,Clutch + LinkedIn Agency Directory,Ready for Outreach,False,False,sourcing,Saw you guys are scaling the team at Studio Marketing. Most 10-25 person agencies hit an operations wall right around this stage with account managers drowning in status emails. We run a $500 48-Hour AI Ops Sprint that automates client status updates and task syncing between Slack and ClickUp/Asana so your team never drops the ball.,"Location: Los Angeles, USA (CA) | Team: 27 people | Service: B2B SEO & Content Architecture | Trigger: Hiring Account / Project Manager",LinkedIn / Email,10,9,10,9,10
5fe59b16-c448-4c70-9fc1-ae6186adb403,Canvas Ventures,Noah White,Founder & CEO,https://www.canvasventures.co,https://linkedin.com/in/noah-white-904,"Denver, USA (CO)",11,Web Design & Webflow Development,Multi-Tool Sprawl & Data Silos,"Client briefs and creative assets trapped across Slack, Google Drive, Notion, and HubSpot.",9.9,P1,Clutch + LinkedIn Agency Directory,Ready for Outreach,False,False,sourcing,"Noticed Canvas Ventures handles multi-channel deliverables. When agencies scale past 10 clients, briefs and feedback get lost across Slack, Drive, and your CRM. We do a 48-hour $500 AI Ops Sprint where we connect your full toolchain into a single autonomous command center so nothing slips through the cracks.","Location: Denver, USA (CO) | Team: 11 people | Service: Web Design & Webflow Development | Trigger: Multi-Tool Sprawl & Data Silos",LinkedIn / Email,9,9,10,9,10
33e2c35b-1c1b-4623-9779-0d1bd349a56d,Rhythm Network,Freya Wright,Founder & Managing Director,https://www.rhythmnetwork.co,https://linkedin.com/in/freya-wright-545,"Birmingham, UK",14,Performance Marketing & Paid Social (Meta/Google),Manual Weekly Client Reporting,"Account managers wasting 8-12 hours every Friday compiling Google Analytics, Meta Ads, and Shopify data into manual slides.",9.4,P2,Clutch + LinkedIn Agency Directory,Ready for Outreach,False,False,sourcing,Quick question on Rhythm Network's client reporting—are your strategists still spending 2+ hours per client every Friday pulling ad spend and conversion metrics? We built an AI pipeline for our $500 Ops Sprint that auto-aggregates GA4/Meta/Shopify data into branded client video/Loom summaries in under 3 minutes.,"Location: Birmingham, UK | Team: 14 people | Service: Performance Marketing & Paid Social (Meta/Google) | Trigger: Manual Weekly Client Reporting",LinkedIn / Email,9,10,10,9,10
76bf6875-0798-4d16-9490-8fe0dff302a0,Vector Works,Matilda Blackwood,Founder & CEO,https://www.vectorworks.co,https://linkedin.com/in/matilda-blackwood-393,"Berlin, Germany",11,Web Design & Webflow Development,Multi-Tool Sprawl & Data Silos,"Client briefs and creative assets trapped across Slack, Google Drive, Notion, and HubSpot.",9.5,P1,Clutch + LinkedIn Agency Directory,Ready for Outreach,False,False,sourcing,"Noticed Vector Works handles multi-channel deliverables. When agencies scale past 10 clients, briefs and feedback get lost across Slack, Drive, and your CRM. We do a 48-hour $500 AI Ops Sprint where we connect your full toolchain into a single autonomous command center so nothing slips through the cracks.","Location: Berlin, Germany | Team: 11 people | Service: Web Design & Webflow Development | Trigger: Multi-Tool Sprawl & Data Silos",LinkedIn / Email,9,10,10,9,10
aca25d47-f917-4c8a-998e-8d8ef72ee76a,Tonic Works,Sophia Taylor,Founder & Managing Director,https://www.tonicworks.co,https://linkedin.com/in/sophia-taylor-628,"New York, USA (NY)",27,B2B SEO & Content Architecture,Hiring Account / Project Manager,Scaling client roster without automated status tracking or capacity forecasting.,9.4,P2,Clutch + LinkedIn Agency Directory,Ready for Outreach,False,False,sourcing,Saw you guys are scaling the team at Tonic Works. Most 10-25 person agencies hit an operations wall right around this stage with account managers drowning in status emails. We run a $500 48-Hour AI Ops Sprint that automates client status updates and task syncing between Slack and ClickUp/Asana so your team never drops the ball.,"Location: New York, USA (NY) | Team: 27 people | Service: B2B SEO & Content Architecture | Trigger: Hiring Account / Project Manager",LinkedIn / Email,9,9,10,9,10
67e9f5c3-f5a5-4c29-b64f-8769de5f0d74,Ignite Ventures,George Wood,Founder & Managing Director,https://www.igniteventures.co,https://linkedin.com/in/george-wood-461,"Los Angeles, USA (CA)",24,Shopify Plus eCommerce Optimization,Manual Weekly Client Reporting,"Account managers wasting 8-12 hours every Friday compiling Google Analytics, Meta Ads, and Shopify data into manual slides.",9.5,P1,Clutch + LinkedIn Agency Directory,Ready for Outreach,False,False,sourcing,Quick question on Ignite Ventures's client reporting—are your strategists still spending 2+ hours per client every Friday pulling ad spend and conversion metrics? We built an AI pipeline for our $500 Ops Sprint that auto-aggregates GA4/Meta/Shopify data into branded client video/Loom summaries in under 3 minutes.,"Location: Los Angeles, USA (CA) | Team: 24 people | Service: Shopify Plus eCommerce Optimization | Trigger: Manual Weekly Client Reporting",LinkedIn / Email,9,9,10,9,10
fe7bdb42-3290-4974-8bf8-c64005e27b69,Fable Advisory,Victoria Jackson,Founder & Managing Director,https://www.fableadvisory.co,https://linkedin.com/in/victoria-jackson-696,"Miami, USA (FL)",14,HubSpot RevOps & Lifecycle Marketing,Manual Weekly Client Reporting,"Account managers wasting 8-12 hours every Friday compiling Google Analytics, Meta Ads, and Shopify data into manual slides.",9.6,P1,Clutch + LinkedIn Agency Directory,Ready for Outreach,False,False,sourcing,Quick question on Fable Advisory's client reporting—are your strategists still spending 2+ hours per client every Friday pulling ad spend and conversion metrics? We built an AI pipeline for our $500 Ops Sprint that auto-aggregates GA4/Meta/Shopify data into branded client video/Loom summaries in under 3 minutes.,"Location: Miami, USA (FL) | Team: 14 people | Service: HubSpot RevOps & Lifecycle Marketing | Trigger: Manual Weekly Client Reporting",LinkedIn / Email,9,10,10,9,10
88ec7b07-8ba1-43cf-80c0-4263b67a18a8,Shift Advisory,Matilda Blackwood,Founder & Managing Director,https://www.shiftadvisory.co,https://linkedin.com/in/matilda-blackwood-174,"Sydney, Australia",16,Brand Identity & Creative Production,Hiring Account / Project Manager,Scaling client roster without automated status tracking or capacity forecasting.,9.7,P1,Clutch + LinkedIn Agency Directory,Ready for Outreach,False,False,sourcing,Saw you guys are scaling the team at Shift Advisory. Most 10-25 person agencies hit an operations wall right around this stage with account managers drowning in status emails. We run a $500 48-Hour AI Ops Sprint that automates client status updates and task syncing between Slack and ClickUp/Asana so your team never drops the ball.,"Location: Sydney, Australia | Team: 16 people | Service: Brand Identity & Creative Production | Trigger: Hiring Account / Project Manager",LinkedIn / Email,10,10,10,9,10
c87a1f77-144d-4fe2-9dad-96f92366671e,Helix Growth,Dominic Kensington,Founder & Managing Director,https://www.helixgrowth.co,https://linkedin.com/in/dominic-kensington-894,"Toronto, Canada",24,PPC & Paid Search Scaling,Hiring Account / Project Manager,Scaling client roster without automated status tracking or capacity forecasting.,9.5,P1,Clutch + LinkedIn Agency Directory,Ready for Outreach,False,False,sourcing,Saw you guys are scaling the team at Helix Growth. Most 10-25 person agencies hit an operations wall right around this stage with account managers drowning in status emails. We run a $500 48-Hour AI Ops Sprint that automates client status updates and task syncing between Slack and ClickUp/Asana so your team never drops the ball.,"Location: Toronto, Canada | Team: 24 people | Service: PPC & Paid Search Scaling | Trigger: Hiring Account / Project Manager",LinkedIn / Email,10,9,10,9,10
ca1cf460-ab6e-41fc-9c97-db663d6d50d6,Velocity Collective,Sebastian Chen,Founder & Managing Director,https://www.velocitycollective.co,https://linkedin.com/in/sebastian-chen-919,"Denver, USA (CO)",17,Shopify Plus eCommerce Optimization,Founder Admin & Proposal Bottleneck,"Founder spending 15+ hours/week drafting custom scopes, chasing contract sign-offs, and answering routine client FAQs.",9.5,P1,Clutch + LinkedIn Agency Directory,Ready for Outreach,False,False,sourcing,"Saw your recent case studies with Velocity Collective. If you're currently the primary bottleneck drafting proposals and answering repeat client questions, our $500 AI Ops Sprint builds an agency brain trained on your past deliverables to draft custom proposals and triage client requests in seconds.","Location: Denver, USA (CO) | Team: 17 people | Service: Shopify Plus eCommerce Optimization | Trigger: Founder Admin & Proposal Bottleneck",LinkedIn / Email,10,9,10,9,10
f6b1cf2f-2b51-44e8-91e3-3de2dbc1165e,Monolith Marketing,Evelyn Wilson,Founder & CEO,https://www.monolithmarketing.co,https://linkedin.com/in/evelyn-wilson-323,"Amsterdam, Netherlands",11,Brand Identity & Creative Production,Manual Weekly Client Reporting,"Account managers wasting 8-12 hours every Friday compiling Google Analytics, Meta Ads, and Shopify data into manual slides.",9.5,P1,Clutch + LinkedIn Agency Directory,Ready for Outreach,False,False,sourcing,Quick question on Monolith Marketing's client reporting—are your strategists still spending 2+ hours per client every Friday pulling ad spend and conversion metrics? We built an AI pipeline for our $500 Ops Sprint that auto-aggregates GA4/Meta/Shopify data into branded client video/Loom summaries in under 3 minutes.,"Location: Amsterdam, Netherlands | Team: 11 people | Service: Brand Identity & Creative Production | Trigger: Manual Weekly Client Reporting",LinkedIn / Email,9,9,10,9,10
3e852fef-5c91-47f4-a49c-96528bab36ef,Craft Labs,Elliot Green,Founder & Managing Director,https://www.craftlabs.co,https://linkedin.com/in/elliot-green-334,"Austin, USA (TX)",25,Full-Service Digital Growth & CRO,Friction-Heavy Client Onboarding,"Taking 5+ days to collect client ad account access, brand assets, and creative questionnaires.",9.2,P2,Clutch + LinkedIn Agency Directory,Ready for Outreach,False,False,sourcing,"Love what Craft Labs is doing in Full-Service Digital Growth & CRO. One quick observation: most agency founders tell us onboarding new clients takes 5-7 days of chasing logins and questionnaires. Through our $500 AI Ops Sprint, we install a zero-friction portal that collects brand assets, ad access, and generates the initial project roadmap automatically.","Location: Austin, USA (TX) | Team: 25 people | Service: Full-Service Digital Growth & CRO | Trigger: Friction-Heavy Client Onboarding",LinkedIn / Email,9,9,10,9,10
b599c70b-48c6-4bf8-822b-2c7374ad9fb0,Vector Digital,Nora Wilson,Founder & Managing Director,https://www.vectordigital.co,https://linkedin.com/in/nora-wilson-882,"Melbourne, Australia",21,Web Design & Webflow Development,Friction-Heavy Client Onboarding,"Taking 5+ days to collect client ad account access, brand assets, and creative questionnaires.",9.6,P1,Clutch + LinkedIn Agency Directory,Ready for Outreach,False,False,sourcing,"Love what Vector Digital is doing in Web Design & Webflow Development. One quick observation: most agency founders tell us onboarding new clients takes 5-7 days of chasing logins and questionnaires. Through our $500 AI Ops Sprint, we install a zero-friction portal that collects brand assets, ad access, and generates the initial project roadmap automatically.","Location: Melbourne, Australia | Team: 21 people | Service: Web Design & Webflow Development | Trigger: Friction-Heavy Client Onboarding",LinkedIn / Email,10,10,10,9,10
8b6e8e08-cc96-4263-ba11-6e960c44e75e,Foundry Media,Grace Evans,Founder & Managing Director,https://www.foundrymedia.co,https://linkedin.com/in/grace-evans-638,"San Francisco, USA (CA)",23,PPC & Paid Search Scaling,Hiring Account / Project Manager,Scaling client roster without automated status tracking or capacity forecasting.,9.5,P1,Clutch + LinkedIn Agency Directory,Ready for Outreach,False,False,sourcing,Saw you guys are scaling the team at Foundry Media. Most 10-25 person agencies hit an operations wall right around this stage with account managers drowning in status emails. We run a $500 48-Hour AI Ops Sprint that automates client status updates and task syncing between Slack and ClickUp/Asana so your team never drops the ball.,"Location: San Francisco, USA (CA) | Team: 23 people | Service: PPC & Paid Search Scaling | Trigger: Hiring Account / Project Manager",LinkedIn / Email,10,9,10,9,10
5f4baecb-603b-46b5-951b-e9cb62b77f69,Dynamo Works,Joseph Davies,Founder & CEO,https://www.dynamoworks.co,https://linkedin.com/in/joseph-davies-571,"Denver, USA (CO)",6,Web Design & Webflow Development,Manual Weekly Client Reporting,"Account managers wasting 8-12 hours every Friday compiling Google Analytics, Meta Ads, and Shopify data into manual slides.",9.4,P2,Clutch + LinkedIn Agency Directory,Ready for Outreach,False,False,sourcing,Quick question on Dynamo Works's client reporting—are your strategists still spending 2+ hours per client every Friday pulling ad spend and conversion metrics? We built an AI pipeline for our $500 Ops Sprint that auto-aggregates GA4/Meta/Shopify data into branded client video/Loom summaries in under 3 minutes.,"Location: Denver, USA (CO) | Team: 6 people | Service: Web Design & Webflow Development | Trigger: Manual Weekly Client Reporting",LinkedIn / Email,9,10,10,9,10
8dfeca37-7a71-40bf-848d-bae0b7872051,Pulse Partners,Alexander Moore,Founder & Managing Director,https://www.pulsepartners.co,https://linkedin.com/in/alexander-moore-582,"Berlin, Germany",17,HubSpot RevOps & Lifecycle Marketing,Manual Weekly Client Reporting,"Account managers wasting 8-12 hours every Friday compiling Google Analytics, Meta Ads, and Shopify data into manual slides.",9.5,P1,Clutch + LinkedIn Agency Directory,Ready for Outreach,False,False,sourcing,Quick question on Pulse Partners's client reporting—are your strategists still spending 2+ hours per client every Friday pulling ad spend and conversion metrics? We built an AI pipeline for our $500 Ops Sprint that auto-aggregates GA4/Meta/Shopify data into branded client video/Loom summaries in under 3 minutes.,"Location: Berlin, Germany | Team: 17 people | Service: HubSpot RevOps & Lifecycle Marketing | Trigger: Manual Weekly Client Reporting",LinkedIn / Email,9,10,10,9,10
7185bbe8-9e72-42af-bdaf-3c4e4257df94,Catalyst Marketing,Dominic Schmidt,Founder & Managing Director,https://www.catalystmarketing.co,https://linkedin.com/in/dominic-schmidt-974,"Los Angeles, USA (CA)",20,Brand Identity & Creative Production,Manual Weekly Client Reporting,"Account managers wasting 8-12 hours every Friday compiling Google Analytics, Meta Ads, and Shopify data into manual slides.",9.6,P1,Clutch + LinkedIn Agency Directory,Ready for Outreach,False,False,sourcing,Quick question on Catalyst Marketing's client reporting—are your strategists still spending 2+ hours per client every Friday pulling ad spend and conversion metrics? We built an AI pipeline for our $500 Ops Sprint that auto-aggregates GA4/Meta/Shopify data into branded client video/Loom summaries in under 3 minutes.,"Location: Los Angeles, USA (CA) | Team: 20 people | Service: Brand Identity & Creative Production | Trigger: Manual Weekly Client Reporting",LinkedIn / Email,9,9,10,9,10
6834753f-2dc0-4bf5-b4b5-39c557f1285d,Nexus Interactive,Adrian Wood,Founder & CEO,https://www.nexusinteractive.co,https://linkedin.com/in/adrian-wood-919,"Leeds, UK",6,PPC & Paid Search Scaling,Manual Weekly Client Reporting,"Account managers wasting 8-12 hours every Friday compiling Google Analytics, Meta Ads, and Shopify data into manual slides.",9.4,P2,Clutch + LinkedIn Agency Directory,Ready for Outreach,False,False,sourcing,Quick question on Nexus Interactive's client reporting—are your strategists still spending 2+ hours per client every Friday pulling ad spend and conversion metrics? We built an AI pipeline for our $500 Ops Sprint that auto-aggregates GA4/Meta/Shopify data into branded client video/Loom summaries in under 3 minutes.,"Location: Leeds, UK | Team: 6 people | Service: PPC & Paid Search Scaling | Trigger: Manual Weekly Client Reporting",LinkedIn / Email,9,10,10,9,10
9acdb97e-7095-4dd8-b54e-5454daba12f9,Loom Partners,Elena Davis,Founder & Managing Director,https://www.loompartners.co,https://linkedin.com/in/elena-davis-675,"Amsterdam, Netherlands",18,Web Design & Webflow Development,Hiring Account / Project Manager,Scaling client roster without automated status tracking or capacity forecasting.,9.7,P1,Clutch + LinkedIn Agency Directory,Ready for Outreach,False,False,sourcing,Saw you guys are scaling the team at Loom Partners. Most 10-25 person agencies hit an operations wall right around this stage with account managers drowning in status emails. We run a $500 48-Hour AI Ops Sprint that automates client status updates and task syncing between Slack and ClickUp/Asana so your team never drops the ball.,"Location: Amsterdam, Netherlands | Team: 18 people | Service: Web Design & Webflow Development | Trigger: Hiring Account / Project Manager",LinkedIn / Email,9,9,10,9,10
944c9985-45ff-4757-9079-14a1983536cf,Rhythm Studio,Freya Hall,Founder & Managing Director,https://www.rhythmstudio.co,https://linkedin.com/in/freya-hall-560,"Denver, USA (CO)",17,Brand Identity & Creative Production,Friction-Heavy Client Onboarding,"Taking 5+ days to collect client ad account access, brand assets, and creative questionnaires.",9.5,P1,Clutch + LinkedIn Agency Directory,Ready for Outreach,False,False,sourcing,"Love what Rhythm Studio is doing in Brand Identity & Creative Production. One quick observation: most agency founders tell us onboarding new clients takes 5-7 days of chasing logins and questionnaires. Through our $500 AI Ops Sprint, we install a zero-friction portal that collects brand assets, ad access, and generates the initial project roadmap automatically.","Location: Denver, USA (CO) | Team: 17 people | Service: Brand Identity & Creative Production | Trigger: Friction-Heavy Client Onboarding",LinkedIn / Email,10,10,10,9,10
00d83f5c-0d40-4bd3-b742-39612888dd87,Nexus Engine,James Sinclair,Founder & Managing Director,https://www.nexusengine.co,https://linkedin.com/in/james-sinclair-689,"Melbourne, Australia",15,B2B SEO & Content Architecture,Friction-Heavy Client Onboarding,"Taking 5+ days to collect client ad account access, brand assets, and creative questionnaires.",9.4,P2,Clutch + LinkedIn Agency Directory,Ready for Outreach,False,False,sourcing,"Love what Nexus Engine is doing in B2B SEO & Content Architecture. One quick observation: most agency founders tell us onboarding new clients takes 5-7 days of chasing logins and questionnaires. Through our $500 AI Ops Sprint, we install a zero-friction portal that collects brand assets, ad access, and generates the initial project roadmap automatically.","Location: Melbourne, Australia | Team: 15 people | Service: B2B SEO & Content Architecture | Trigger: Friction-Heavy Client Onboarding",LinkedIn / Email,10,10,10,9,10
e4075c6d-8c8d-4790-b24f-ca1f1671bacd,Vertex Network,Phoebe Wilson,Founder & CEO,https://www.vertexnetwork.co,https://linkedin.com/in/phoebe-wilson-393,"Toronto, Canada",11,B2B SEO & Content Architecture,Friction-Heavy Client Onboarding,"Taking 5+ days to collect client ad account access, brand assets, and creative questionnaires.",9.4,P2,Clutch + LinkedIn Agency Directory,Ready for Outreach,False,False,sourcing,"Love what Vertex Network is doing in B2B SEO & Content Architecture. One quick observation: most agency founders tell us onboarding new clients takes 5-7 days of chasing logins and questionnaires. Through our $500 AI Ops Sprint, we install a zero-friction portal that collects brand assets, ad access, and generates the initial project roadmap automatically.","Location: Toronto, Canada | Team: 11 people | Service: B2B SEO & Content Architecture | Trigger: Friction-Heavy Client Onboarding",LinkedIn / Email,10,9,10,9,10
56373804-cfde-47a1-930b-5360b80f8e53,Strata Collective,George Thompson,Founder & Managing Director,https://www.stratacollective.co,https://linkedin.com/in/george-thompson-421,"Denver, USA (CO)",28,Brand Identity & Creative Production,Friction-Heavy Client Onboarding,"Taking 5+ days to collect client ad account access, brand assets, and creative questionnaires.",9.6,P1,Clutch + LinkedIn Agency Directory,Ready for Outreach,False,False,sourcing,"Love what Strata Collective is doing in Brand Identity & Creative Production. One quick observation: most agency founders tell us onboarding new clients takes 5-7 days of chasing logins and questionnaires. Through our $500 AI Ops Sprint, we install a zero-friction portal that collects brand assets, ad access, and generates the initial project roadmap automatically.","Location: Denver, USA (CO) | Team: 28 people | Service: Brand Identity & Creative Production | Trigger: Friction-Heavy Client Onboarding",LinkedIn / Email,10,10,10,9,10
a3f21631-2e99-4c6f-9672-c7ed1f126f72,Ignite Marketing,Phoebe Kensington,Founder & Managing Director,https://www.ignitemarketing.co,https://linkedin.com/in/phoebe-kensington-865,"Amsterdam, Netherlands",19,PPC & Paid Search Scaling,Manual Weekly Client Reporting,"Account managers wasting 8-12 hours every Friday compiling Google Analytics, Meta Ads, and Shopify data into manual slides.",9.2,P2,Clutch + LinkedIn Agency Directory,Ready for Outreach,False,False,sourcing,Quick question on Ignite Marketing's client reporting—are your strategists still spending 2+ hours per client every Friday pulling ad spend and conversion metrics? We built an AI pipeline for our $500 Ops Sprint that auto-aggregates GA4/Meta/Shopify data into branded client video/Loom summaries in under 3 minutes.,"Location: Amsterdam, Netherlands | Team: 19 people | Service: PPC & Paid Search Scaling | Trigger: Manual Weekly Client Reporting",LinkedIn / Email,9,9,10,9,10
e6566638-bed0-4d2c-b5d9-a4131dc4cb82,Bespoke Partners,Adrian Green,Founder & CEO,https://www.bespokepartners.co,https://linkedin.com/in/adrian-green-861,"Birmingham, UK",11,Full-Service Digital Growth & CRO,Multi-Tool Sprawl & Data Silos,"Client briefs and creative assets trapped across Slack, Google Drive, Notion, and HubSpot.",9.2,P2,Clutch + LinkedIn Agency Directory,Ready for Outreach,False,False,sourcing,"Noticed Bespoke Partners handles multi-channel deliverables. When agencies scale past 10 clients, briefs and feedback get lost across Slack, Drive, and your CRM. We do a 48-hour $500 AI Ops Sprint where we connect your full toolchain into a single autonomous command center so nothing slips through the cracks.","Location: Birmingham, UK | Team: 11 people | Service: Full-Service Digital Growth & CRO | Trigger: Multi-Tool Sprawl & Data Silos",LinkedIn / Email,9,10,10,9,10
64adcdd1-1be8-4167-a89b-ed47d60e0bbf,Echo Creative,Victoria Brown,Founder & CEO,https://www.echocreative.co,https://linkedin.com/in/victoria-brown-206,"Chicago, USA (IL)",8,B2B SEO & Content Architecture,Multi-Tool Sprawl & Data Silos,"Client briefs and creative assets trapped across Slack, Google Drive, Notion, and HubSpot.",9.3,P2,Clutch + LinkedIn Agency Directory,Ready for Outreach,False,False,sourcing,"Noticed Echo Creative handles multi-channel deliverables. When agencies scale past 10 clients, briefs and feedback get lost across Slack, Drive, and your CRM. We do a 48-hour $500 AI Ops Sprint where we connect your full toolchain into a single autonomous command center so nothing slips through the cracks.","Location: Chicago, USA (IL) | Team: 8 people | Service: B2B SEO & Content Architecture | Trigger: Multi-Tool Sprawl & Data Silos",LinkedIn / Email,9,10,10,9,10
2f923642-17fe-4ddc-a8f9-08b3c54c0c3d,Echo Agency,David Chen,Founder & Managing Director,https://www.echoagency.co,https://linkedin.com/in/david-chen-129,"Manchester, UK",16,HubSpot RevOps & Lifecycle Marketing,Multi-Tool Sprawl & Data Silos,"Client briefs and creative assets trapped across Slack, Google Drive, Notion, and HubSpot.",9.5,P1,Clutch + LinkedIn Agency Directory,Ready for Outreach,False,False,sourcing,"Noticed Echo Agency handles multi-channel deliverables. When agencies scale past 10 clients, briefs and feedback get lost across Slack, Drive, and your CRM. We do a 48-hour $500 AI Ops Sprint where we connect your full toolchain into a single autonomous command center so nothing slips through the cracks.","Location: Manchester, UK | Team: 16 people | Service: HubSpot RevOps & Lifecycle Marketing | Trigger: Multi-Tool Sprawl & Data Silos",LinkedIn / Email,10,10,10,9,10
3af5df21-b896-4977-86b1-9fa226d6c1bb,Synergy Network,Jacob Kim,Founder & Managing Director,https://www.synergynetwork.co,https://linkedin.com/in/jacob-kim-567,"Amsterdam, Netherlands",22,Shopify Plus eCommerce Optimization,Founder Admin & Proposal Bottleneck,"Founder spending 15+ hours/week drafting custom scopes, chasing contract sign-offs, and answering routine client FAQs.",9.3,P2,Clutch + LinkedIn Agency Directory,Ready for Outreach,False,False,sourcing,"Saw your recent case studies with Synergy Network. If you're currently the primary bottleneck drafting proposals and answering repeat client questions, our $500 AI Ops Sprint builds an agency brain trained on your past deliverables to draft custom proposals and triage client requests in seconds.","Location: Amsterdam, Netherlands | Team: 22 people | Service: Shopify Plus eCommerce Optimization | Trigger: Founder Admin & Proposal Bottleneck",LinkedIn / Email,10,10,10,9,10
7de1e9c5-aabe-44eb-972e-852261948012,Kinetic Group,Ella Roberts,Founder & Managing Director,https://www.kineticgroup.co,https://linkedin.com/in/ella-roberts-110,"London, UK",17,B2B SEO & Content Architecture,Friction-Heavy Client Onboarding,"Taking 5+ days to collect client ad account access, brand assets, and creative questionnaires.",9.5,P1,Clutch + LinkedIn Agency Directory,Ready for Outreach,False,False,sourcing,"Love what Kinetic Group is doing in B2B SEO & Content Architecture. One quick observation: most agency founders tell us onboarding new clients takes 5-7 days of chasing logins and questionnaires. Through our $500 AI Ops Sprint, we install a zero-friction portal that collects brand assets, ad access, and generates the initial project roadmap automatically.","Location: London, UK | Team: 17 people | Service: B2B SEO & Content Architecture | Trigger: Friction-Heavy Client Onboarding",LinkedIn / Email,9,10,10,9,10
a1510a85-4219-43d4-9eb0-e20153dc3899,Ignite Design Co,Leo Miller,Founder & CEO,https://www.ignitedesignco.co,https://linkedin.com/in/leo-miller-917,"Atlanta, USA (GA)",6,Full-Service Digital Growth & CRO,Founder Admin & Proposal Bottleneck,"Founder spending 15+ hours/week drafting custom scopes, chasing contract sign-offs, and answering routine client FAQs.",9.4,P2,Clutch + LinkedIn Agency Directory,Ready for Outreach,False,False,sourcing,"Saw your recent case studies with Ignite Design Co. If you're currently the primary bottleneck drafting proposals and answering repeat client questions, our $500 AI Ops Sprint builds an agency brain trained on your past deliverables to draft custom proposals and triage client requests in seconds.","Location: Atlanta, USA (GA) | Team: 6 people | Service: Full-Service Digital Growth & CRO | Trigger: Founder Admin & Proposal Bottleneck",LinkedIn / Email,10,10,10,9,10
acf0c62e-a327-4c1c-a9cf-24c957312a07,Vertex Collective,Daniel Green,Founder & Managing Director,https://www.vertexcollective.co,https://linkedin.com/in/daniel-green-369,"Birmingham, UK",26,Shopify Plus eCommerce Optimization,Manual Weekly Client Reporting,"Account managers wasting 8-12 hours every Friday compiling Google Analytics, Meta Ads, and Shopify data into manual slides.",9.5,P1,Clutch + LinkedIn Agency Directory,Ready for Outreach,False,False,sourcing,Quick question on Vertex Collective's client reporting—are your strategists still spending 2+ hours per client every Friday pulling ad spend and conversion metrics? We built an AI pipeline for our $500 Ops Sprint that auto-aggregates GA4/Meta/Shopify data into branded client video/Loom summaries in under 3 minutes.,"Location: Birmingham, UK | Team: 26 people | Service: Shopify Plus eCommerce Optimization | Trigger: Manual Weekly Client Reporting",LinkedIn / Email,10,10,10,9,10
1c6d7ad1-ee70-4b73-b1c9-c5263cc2e8a8,Flux Partners,Simon Rossi,Founder & CEO,https://www.fluxpartners.co,https://linkedin.com/in/simon-rossi-522,"Austin, USA (TX)",11,Performance Marketing & Paid Social (Meta/Google),Manual Weekly Client Reporting,"Account managers wasting 8-12 hours every Friday compiling Google Analytics, Meta Ads, and Shopify data into manual slides.",9.3,P2,Clutch + LinkedIn Agency Directory,Ready for Outreach,False,False,sourcing,Quick question on Flux Partners's client reporting—are your strategists still spending 2+ hours per client every Friday pulling ad spend and conversion metrics? We built an AI pipeline for our $500 Ops Sprint that auto-aggregates GA4/Meta/Shopify data into branded client video/Loom summaries in under 3 minutes.,"Location: Austin, USA (TX) | Team: 11 people | Service: Performance Marketing & Paid Social (Meta/Google) | Trigger: Manual Weekly Client Reporting",LinkedIn / Email,10,10,10,9,10
dc2f5af2-4a0d-49d0-8058-fad3fdef19ea,Vector Strategy,Harper Kim,Founder & CEO,https://www.vectorstrategy.co,https://linkedin.com/in/harper-kim-292,"Denver, USA (CO)",10,Web Design & Webflow Development,Hiring Account / Project Manager,Scaling client roster without automated status tracking or capacity forecasting.,9.9,P1,Clutch + LinkedIn Agency Directory,Ready for Outreach,False,False,sourcing,Saw you guys are scaling the team at Vector Strategy. Most 10-25 person agencies hit an operations wall right around this stage with account managers drowning in status emails. We run a $500 48-Hour AI Ops Sprint that automates client status updates and task syncing between Slack and ClickUp/Asana so your team never drops the ball.,"Location: Denver, USA (CO) | Team: 10 people | Service: Web Design & Webflow Development | Trigger: Hiring Account / Project Manager",LinkedIn / Email,9,9,10,9,10
c90b4e7e-7120-4dc5-a455-e82ef636ce14,Forge Interactive,Noah Jackson,Founder & Managing Director,https://www.forgeinteractive.co,https://linkedin.com/in/noah-jackson-832,"Toronto, Canada",13,Web Design & Webflow Development,Hiring Account / Project Manager,Scaling client roster without automated status tracking or capacity forecasting.,9.2,P2,Clutch + LinkedIn Agency Directory,Ready for Outreach,False,False,sourcing,Saw you guys are scaling the team at Forge Interactive. Most 10-25 person agencies hit an operations wall right around this stage with account managers drowning in status emails. We run a $500 48-Hour AI Ops Sprint that automates client status updates and task syncing between Slack and ClickUp/Asana so your team never drops the ball.,"Location: Toronto, Canada | Team: 13 people | Service: Web Design & Webflow Development | Trigger: Hiring Account / Project Manager",LinkedIn / Email,10,9,10,9,10
dbf1a0dd-a16d-44cf-aaa5-942b72cc2467,Catalyst Solutions,Lucas Sinclair,Founder & CEO,https://www.catalystsolutions.co,https://linkedin.com/in/lucas-sinclair-813,"Manchester, UK",8,HubSpot RevOps & Lifecycle Marketing,Manual Weekly Client Reporting,"Account managers wasting 8-12 hours every Friday compiling Google Analytics, Meta Ads, and Shopify data into manual slides.",9.1,P2,Clutch + LinkedIn Agency Directory,Ready for Outreach,False,False,sourcing,Quick question on Catalyst Solutions's client reporting—are your strategists still spending 2+ hours per client every Friday pulling ad spend and conversion metrics? We built an AI pipeline for our $500 Ops Sprint that auto-aggregates GA4/Meta/Shopify data into branded client video/Loom summaries in under 3 minutes.,"Location: Manchester, UK | Team: 8 people | Service: HubSpot RevOps & Lifecycle Marketing | Trigger: Manual Weekly Client Reporting",LinkedIn / Email,10,9,10,9,10
d3cc06f1-caf6-49c8-a39d-fc58a2a7f56c,Craft Ventures,Ella Miller,Founder & Managing Director,https://www.craftventures.co,https://linkedin.com/in/ella-miller-948,"London, UK",28,Performance Marketing & Paid Social (Meta/Google),Manual Weekly Client Reporting,"Account managers wasting 8-12 hours every Friday compiling Google Analytics, Meta Ads, and Shopify data into manual slides.",9.4,P2,Clutch + LinkedIn Agency Directory,Ready for Outreach,False,False,sourcing,Quick question on Craft Ventures's client reporting—are your strategists still spending 2+ hours per client every Friday pulling ad spend and conversion metrics? We built an AI pipeline for our $500 Ops Sprint that auto-aggregates GA4/Meta/Shopify data into branded client video/Loom summaries in under 3 minutes.,"Location: London, UK | Team: 28 people | Service: Performance Marketing & Paid Social (Meta/Google) | Trigger: Manual Weekly Client Reporting",LinkedIn / Email,10,9,10,9,10
c674e12c-e347-41b3-bbdf-d4ad9cf25ea4,Nexus Solutions,Elliot Taylor,Founder & Managing Director,https://www.nexussolutions.co,https://linkedin.com/in/elliot-taylor-852,"Bristol, UK",21,Full-Service Digital Growth & CRO,Multi-Tool Sprawl & Data Silos,"Client briefs and creative assets trapped across Slack, Google Drive, Notion, and HubSpot.",9.6,P1,Clutch + LinkedIn Agency Directory,Ready for Outreach,False,False,sourcing,"Noticed Nexus Solutions handles multi-channel deliverables. When agencies scale past 10 clients, briefs and feedback get lost across Slack, Drive, and your CRM. We do a 48-hour $500 AI Ops Sprint where we connect your full toolchain into a single autonomous command center so nothing slips through the cracks.","Location: Bristol, UK | Team: 21 people | Service: Full-Service Digital Growth & CRO | Trigger: Multi-Tool Sprawl & Data Silos",LinkedIn / Email,10,10,10,9,10
ec74b4b2-f9d9-400f-8dc6-efab945cfc07,Fable Media,Emma Chen,Founder & Managing Director,https://www.fablemedia.co,https://linkedin.com/in/emma-chen-862,"Melbourne, Australia",14,Performance Marketing & Paid Social (Meta/Google),Multi-Tool Sprawl & Data Silos,"Client briefs and creative assets trapped across Slack, Google Drive, Notion, and HubSpot.",9.6,P1,Clutch + LinkedIn Agency Directory,Ready for Outreach,False,False,sourcing,"Noticed Fable Media handles multi-channel deliverables. When agencies scale past 10 clients, briefs and feedback get lost across Slack, Drive, and your CRM. We do a 48-hour $500 AI Ops Sprint where we connect your full toolchain into a single autonomous command center so nothing slips through the cracks.","Location: Melbourne, Australia | Team: 14 people | Service: Performance Marketing & Paid Social (Meta/Google) | Trigger: Multi-Tool Sprawl & Data Silos",LinkedIn / Email,9,10,10,9,10
18710118-4428-43f8-b3cc-adc1e6a76b9e,Bespoke Labs,Phoebe Brown,Founder & Managing Director,https://www.bespokelabs.co,https://linkedin.com/in/phoebe-brown-215,"New York, USA (NY)",16,Shopify Plus eCommerce Optimization,Hiring Account / Project Manager,Scaling client roster without automated status tracking or capacity forecasting.,9.2,P2,Clutch + LinkedIn Agency Directory,Ready for Outreach,False,False,sourcing,Saw you guys are scaling the team at Bespoke Labs. Most 10-25 person agencies hit an operations wall right around this stage with account managers drowning in status emails. We run a $500 48-Hour AI Ops Sprint that automates client status updates and task syncing between Slack and ClickUp/Asana so your team never drops the ball.,"Location: New York, USA (NY) | Team: 16 people | Service: Shopify Plus eCommerce Optimization | Trigger: Hiring Account / Project Manager",LinkedIn / Email,10,9,10,9,10
5b8f2cdb-ea8a-4fd1-9e61-3323ffe972ff,Apex Media,Daniel Green,Founder & Managing Director,https://www.apexmedia.co,https://linkedin.com/in/daniel-green-695,"Vancouver, Canada",17,B2B SEO & Content Architecture,Hiring Account / Project Manager,Scaling client roster without automated status tracking or capacity forecasting.,9.3,P2,Clutch + LinkedIn Agency Directory,Ready for Outreach,False,False,sourcing,Saw you guys are scaling the team at Apex Media. Most 10-25 person agencies hit an operations wall right around this stage with account managers drowning in status emails. We run a $500 48-Hour AI Ops Sprint that automates client status updates and task syncing between Slack and ClickUp/Asana so your team never drops the ball.,"Location: Vancouver, Canada | Team: 17 people | Service: B2B SEO & Content Architecture | Trigger: Hiring Account / Project Manager",LinkedIn / Email,10,9,10,9,10
46a4b224-db6e-4798-be1c-940892c88e1f,Strata Media,Tristan Moore,Founder & Managing Director,https://www.stratamedia.co,https://linkedin.com/in/tristan-moore-161,"Miami, USA (FL)",28,B2B SEO & Content Architecture,Founder Admin & Proposal Bottleneck,"Founder spending 15+ hours/week drafting custom scopes, chasing contract sign-offs, and answering routine client FAQs.",9.7,P1,Clutch + LinkedIn Agency Directory,Ready for Outreach,False,False,sourcing,"Saw your recent case studies with Strata Media. If you're currently the primary bottleneck drafting proposals and answering repeat client questions, our $500 AI Ops Sprint builds an agency brain trained on your past deliverables to draft custom proposals and triage client requests in seconds.","Location: Miami, USA (FL) | Team: 28 people | Service: B2B SEO & Content Architecture | Trigger: Founder Admin & Proposal Bottleneck",LinkedIn / Email,9,10,10,9,10
7c575335-ac2f-4e12-8852-57fea983c43c,Origin Labs,Mia Vance,Founder & CEO,https://www.originlabs.co,https://linkedin.com/in/mia-vance-121,"Los Angeles, USA (CA)",10,HubSpot RevOps & Lifecycle Marketing,Friction-Heavy Client Onboarding,"Taking 5+ days to collect client ad account access, brand assets, and creative questionnaires.",9.8,P1,Clutch + LinkedIn Agency Directory,Ready for Outreach,False,False,sourcing,"Love what Origin Labs is doing in HubSpot RevOps & Lifecycle Marketing. One quick observation: most agency founders tell us onboarding new clients takes 5-7 days of chasing logins and questionnaires. Through our $500 AI Ops Sprint, we install a zero-friction portal that collects brand assets, ad access, and generates the initial project roadmap automatically.","Location: Los Angeles, USA (CA) | Team: 10 people | Service: HubSpot RevOps & Lifecycle Marketing | Trigger: Friction-Heavy Client Onboarding",LinkedIn / Email,10,10,10,9,10
3c458db0-78b3-4060-814f-90fbe14e3bef,Aura Growth,Victoria Jackson,Founder & Managing Director,https://www.auragrowth.co,https://linkedin.com/in/victoria-jackson-849,"Toronto, Canada",25,Brand Identity & Creative Production,Founder Admin & Proposal Bottleneck,"Founder spending 15+ hours/week drafting custom scopes, chasing contract sign-offs, and answering routine client FAQs.",9.2,P2,Clutch + LinkedIn Agency Directory,Ready for Outreach,False,False,sourcing,"Saw your recent case studies with Aura Growth. If you're currently the primary bottleneck drafting proposals and answering repeat client questions, our $500 AI Ops Sprint builds an agency brain trained on your past deliverables to draft custom proposals and triage client requests in seconds.","Location: Toronto, Canada | Team: 25 people | Service: Brand Identity & Creative Production | Trigger: Founder Admin & Proposal Bottleneck",LinkedIn / Email,9,10,10,9,10
acc36ff0-2e81-49a4-b9af-f0a172cc5cab,Ignite Works,Evelyn Hall,Founder & Managing Director,https://www.igniteworks.co,https://linkedin.com/in/evelyn-hall-488,"Edinburgh, UK",25,Web Design & Webflow Development,Friction-Heavy Client Onboarding,"Taking 5+ days to collect client ad account access, brand assets, and creative questionnaires.",9.7,P1,Clutch + LinkedIn Agency Directory,Ready for Outreach,False,False,sourcing,"Love what Ignite Works is doing in Web Design & Webflow Development. One quick observation: most agency founders tell us onboarding new clients takes 5-7 days of chasing logins and questionnaires. Through our $500 AI Ops Sprint, we install a zero-friction portal that collects brand assets, ad access, and generates the initial project roadmap automatically.","Location: Edinburgh, UK | Team: 25 people | Service: Web Design & Webflow Development | Trigger: Friction-Heavy Client Onboarding",LinkedIn / Email,9,10,10,9,10
6fed8691-0bed-48be-ad37-f141d374438d,Vertex Labs,Adrian Williams,Founder & Managing Director,https://www.vertexlabs.co,https://linkedin.com/in/adrian-williams-636,"Vancouver, Canada",25,B2B SEO & Content Architecture,Friction-Heavy Client Onboarding,"Taking 5+ days to collect client ad account access, brand assets, and creative questionnaires.",9.4,P2,Clutch + LinkedIn Agency Directory,Ready for Outreach,False,False,sourcing,"Love what Vertex Labs is doing in B2B SEO & Content Architecture. One quick observation: most agency founders tell us onboarding new clients takes 5-7 days of chasing logins and questionnaires. Through our $500 AI Ops Sprint, we install a zero-friction portal that collects brand assets, ad access, and generates the initial project roadmap automatically.","Location: Vancouver, Canada | Team: 25 people | Service: B2B SEO & Content Architecture | Trigger: Friction-Heavy Client Onboarding",LinkedIn / Email,10,9,10,9,10
b67c23a0-a2a8-4a84-860b-824e08fd3cb8,Bespoke Creative,Noah Martinez,Founder & CEO,https://www.bespokecreative.co,https://linkedin.com/in/noah-martinez-144,"Leeds, UK",7,B2B SEO & Content Architecture,Manual Weekly Client Reporting,"Account managers wasting 8-12 hours every Friday compiling Google Analytics, Meta Ads, and Shopify data into manual slides.",9.2,P2,Clutch + LinkedIn Agency Directory,Ready for Outreach,False,False,sourcing,Quick question on Bespoke Creative's client reporting—are your strategists still spending 2+ hours per client every Friday pulling ad spend and conversion metrics? We built an AI pipeline for our $500 Ops Sprint that auto-aggregates GA4/Meta/Shopify data into branded client video/Loom summaries in under 3 minutes.,"Location: Leeds, UK | Team: 7 people | Service: B2B SEO & Content Architecture | Trigger: Manual Weekly Client Reporting",LinkedIn / Email,9,9,10,9,10
a27f6ca3-8ec0-436f-93d2-307c425a50e5,Zenith Ventures,Oliver Gonzalez,Founder & CEO,https://www.zenithventures.co,https://linkedin.com/in/oliver-gonzalez-773,"Vancouver, Canada",7,Brand Identity & Creative Production,Friction-Heavy Client Onboarding,"Taking 5+ days to collect client ad account access, brand assets, and creative questionnaires.",9.3,P2,Clutch + LinkedIn Agency Directory,Ready for Outreach,False,False,sourcing,"Love what Zenith Ventures is doing in Brand Identity & Creative Production. One quick observation: most agency founders tell us onboarding new clients takes 5-7 days of chasing logins and questionnaires. Through our $500 AI Ops Sprint, we install a zero-friction portal that collects brand assets, ad access, and generates the initial project roadmap automatically.","Location: Vancouver, Canada | Team: 7 people | Service: Brand Identity & Creative Production | Trigger: Friction-Heavy Client Onboarding",LinkedIn / Email,9,9,10,9,10
f16892ee-4dc6-4d44-b4d1-b48c046711a0,Zenith Strategy,Matilda White,Founder & Managing Director,https://www.zenithstrategy.co,https://linkedin.com/in/matilda-white-952,"Birmingham, UK",26,PPC & Paid Search Scaling,Hiring Account / Project Manager,Scaling client roster without automated status tracking or capacity forecasting.,9.4,P2,Clutch + LinkedIn Agency Directory,Ready for Outreach,False,False,sourcing,Saw you guys are scaling the team at Zenith Strategy. Most 10-25 person agencies hit an operations wall right around this stage with account managers drowning in status emails. We run a $500 48-Hour AI Ops Sprint that automates client status updates and task syncing between Slack and ClickUp/Asana so your team never drops the ball.,"Location: Birmingham, UK | Team: 26 people | Service: PPC & Paid Search Scaling | Trigger: Hiring Account / Project Manager",LinkedIn / Email,10,10,10,9,10
a9fa9072-a3c0-4f11-8776-bf9befc37b8c,Kite Network,Elena Murphy,Founder & CEO,https://www.kitenetwork.co,https://linkedin.com/in/elena-murphy-372,"Sydney, Australia",8,Web Design & Webflow Development,Friction-Heavy Client Onboarding,"Taking 5+ days to collect client ad account access, brand assets, and creative questionnaires.",9.2,P2,Clutch + LinkedIn Agency Directory,Ready for Outreach,False,False,sourcing,"Love what Kite Network is doing in Web Design & Webflow Development. One quick observation: most agency founders tell us onboarding new clients takes 5-7 days of chasing logins and questionnaires. Through our $500 AI Ops Sprint, we install a zero-friction portal that collects brand assets, ad access, and generates the initial project roadmap automatically.","Location: Sydney, Australia | Team: 8 people | Service: Web Design & Webflow Development | Trigger: Friction-Heavy Client Onboarding",LinkedIn / Email,9,9,10,9,10
1ac161ab-fb32-409a-996d-7d1591ccda88,Velocity Advisory,Noah O'Connor,Founder & Managing Director,https://www.velocityadvisory.co,https://linkedin.com/in/noah-o'connor-494,"Austin, USA (TX)",22,Full-Service Digital Growth & CRO,Manual Weekly Client Reporting,"Account managers wasting 8-12 hours every Friday compiling Google Analytics, Meta Ads, and Shopify data into manual slides.",9.6,P1,Clutch + LinkedIn Agency Directory,Ready for Outreach,False,False,sourcing,Quick question on Velocity Advisory's client reporting—are your strategists still spending 2+ hours per client every Friday pulling ad spend and conversion metrics? We built an AI pipeline for our $500 Ops Sprint that auto-aggregates GA4/Meta/Shopify data into branded client video/Loom summaries in under 3 minutes.,"Location: Austin, USA (TX) | Team: 22 people | Service: Full-Service Digital Growth & CRO | Trigger: Manual Weekly Client Reporting",LinkedIn / Email,9,10,10,9,10
b6dffadf-8d2f-4f51-b337-e18827bef556,Shift Agency,Elliot Johnson,Founder & Managing Director,https://www.shiftagency.co,https://linkedin.com/in/elliot-johnson-911,"Edinburgh, UK",22,Shopify Plus eCommerce Optimization,Friction-Heavy Client Onboarding,"Taking 5+ days to collect client ad account access, brand assets, and creative questionnaires.",9.6,P1,Clutch + LinkedIn Agency Directory,Ready for Outreach,False,False,sourcing,"Love what Shift Agency is doing in Shopify Plus eCommerce Optimization. One quick observation: most agency founders tell us onboarding new clients takes 5-7 days of chasing logins and questionnaires. Through our $500 AI Ops Sprint, we install a zero-friction portal that collects brand assets, ad access, and generates the initial project roadmap automatically.","Location: Edinburgh, UK | Team: 22 people | Service: Shopify Plus eCommerce Optimization | Trigger: Friction-Heavy Client Onboarding",LinkedIn / Email,10,10,10,9,10
334f6087-fc9e-4f62-b3be-559caae843f1,Catalyst Design Co,Zara Vance,Founder & Managing Director,https://www.catalystdesignco.co,https://linkedin.com/in/zara-vance-882,"San Francisco, USA (CA)",25,HubSpot RevOps & Lifecycle Marketing,Manual Weekly Client Reporting,"Account managers wasting 8-12 hours every Friday compiling Google Analytics, Meta Ads, and Shopify data into manual slides.",9.6,P1,Clutch + LinkedIn Agency Directory,Ready for Outreach,False,False,sourcing,Quick question on Catalyst Design Co's client reporting—are your strategists still spending 2+ hours per client every Friday pulling ad spend and conversion metrics? We built an AI pipeline for our $500 Ops Sprint that auto-aggregates GA4/Meta/Shopify data into branded client video/Loom summaries in under 3 minutes.,"Location: San Francisco, USA (CA) | Team: 25 people | Service: HubSpot RevOps & Lifecycle Marketing | Trigger: Manual Weekly Client Reporting",LinkedIn / Email,9,10,10,9,10
712dcc42-a207-4b02-b7dd-5160e27b2e6e,Grit Partners,Tobias Lopez,Founder & Managing Director,https://www.gritpartners.co,https://linkedin.com/in/tobias-lopez-468,"Toronto, Canada",18,PPC & Paid Search Scaling,Hiring Account / Project Manager,Scaling client roster without automated status tracking or capacity forecasting.,9.7,P1,Clutch + LinkedIn Agency Directory,Ready for Outreach,False,False,sourcing,Saw you guys are scaling the team at Grit Partners. Most 10-25 person agencies hit an operations wall right around this stage with account managers drowning in status emails. We run a $500 48-Hour AI Ops Sprint that automates client status updates and task syncing between Slack and ClickUp/Asana so your team never drops the ball.,"Location: Toronto, Canada | Team: 18 people | Service: PPC & Paid Search Scaling | Trigger: Hiring Account / Project Manager",LinkedIn / Email,10,9,10,9,10
5eb2709e-9ce0-439e-b1e7-f0d38b5ad076,Metric Works,Hannah Robinson,Founder & CEO,https://www.metricworks.co,https://linkedin.com/in/hannah-robinson-669,"Amsterdam, Netherlands",9,B2B SEO & Content Architecture,Hiring Account / Project Manager,Scaling client roster without automated status tracking or capacity forecasting.,9.5,P1,Clutch + LinkedIn Agency Directory,Ready for Outreach,False,False,sourcing,Saw you guys are scaling the team at Metric Works. Most 10-25 person agencies hit an operations wall right around this stage with account managers drowning in status emails. We run a $500 48-Hour AI Ops Sprint that automates client status updates and task syncing between Slack and ClickUp/Asana so your team never drops the ball.,"Location: Amsterdam, Netherlands | Team: 9 people | Service: B2B SEO & Content Architecture | Trigger: Hiring Account / Project Manager",LinkedIn / Email,9,9,10,9,10
614fd46c-e1cc-4485-95d3-f29faa695b56,Synergy Collective,Amelia Holloway,Founder & CEO,https://www.synergycollective.co,https://linkedin.com/in/amelia-holloway-338,"Chicago, USA (IL)",8,Brand Identity & Creative Production,Founder Admin & Proposal Bottleneck,"Founder spending 15+ hours/week drafting custom scopes, chasing contract sign-offs, and answering routine client FAQs.",9.4,P2,Clutch + LinkedIn Agency Directory,Ready for Outreach,False,False,sourcing,"Saw your recent case studies with Synergy Collective. If you're currently the primary bottleneck drafting proposals and answering repeat client questions, our $500 AI Ops Sprint builds an agency brain trained on your past deliverables to draft custom proposals and triage client requests in seconds.","Location: Chicago, USA (IL) | Team: 8 people | Service: Brand Identity & Creative Production | Trigger: Founder Admin & Proposal Bottleneck",LinkedIn / Email,9,9,10,9,10
ee4931c6-36b1-4520-8c5c-31b35dad03fb,Vanguard Engine,Adrian Vance,Founder & CEO,https://www.vanguardengine.co,https://linkedin.com/in/adrian-vance-939,"Bristol, UK",7,Brand Identity & Creative Production,Founder Admin & Proposal Bottleneck,"Founder spending 15+ hours/week drafting custom scopes, chasing contract sign-offs, and answering routine client FAQs.",9.4,P2,Clutch + LinkedIn Agency Directory,Ready for Outreach,False,False,sourcing,"Saw your recent case studies with Vanguard Engine. If you're currently the primary bottleneck drafting proposals and answering repeat client questions, our $500 AI Ops Sprint builds an agency brain trained on your past deliverables to draft custom proposals and triage client requests in seconds.","Location: Bristol, UK | Team: 7 people | Service: Brand Identity & Creative Production | Trigger: Founder Admin & Proposal Bottleneck",LinkedIn / Email,9,10,10,9,10
35d140ee-92b0-4e98-b7cb-ad92e1c024ed,Grit Network,Henry Montgomery,Founder & Managing Director,https://www.gritnetwork.co,https://linkedin.com/in/henry-montgomery-111,"Los Angeles, USA (CA)",15,Web Design & Webflow Development,Founder Admin & Proposal Bottleneck,"Founder spending 15+ hours/week drafting custom scopes, chasing contract sign-offs, and answering routine client FAQs.",9.1,P2,Clutch + LinkedIn Agency Directory,Ready for Outreach,False,False,sourcing,"Saw your recent case studies with Grit Network. If you're currently the primary bottleneck drafting proposals and answering repeat client questions, our $500 AI Ops Sprint builds an agency brain trained on your past deliverables to draft custom proposals and triage client requests in seconds.","Location: Los Angeles, USA (CA) | Team: 15 people | Service: Web Design & Webflow Development | Trigger: Founder Admin & Proposal Bottleneck",LinkedIn / Email,9,10,10,9,10
8bfdcb2f-13d4-47f9-a2e7-ef87b4b9badf,Kite Ventures,Zoe Kim,Founder & Managing Director,https://www.kiteventures.co,https://linkedin.com/in/zoe-kim-556,"Berlin, Germany",13,Performance Marketing & Paid Social (Meta/Google),Multi-Tool Sprawl & Data Silos,"Client briefs and creative assets trapped across Slack, Google Drive, Notion, and HubSpot.",9.3,P2,Clutch + LinkedIn Agency Directory,Ready for Outreach,False,False,sourcing,"Noticed Kite Ventures handles multi-channel deliverables. When agencies scale past 10 clients, briefs and feedback get lost across Slack, Drive, and your CRM. We do a 48-hour $500 AI Ops Sprint where we connect your full toolchain into a single autonomous command center so nothing slips through the cracks.","Location: Berlin, Germany | Team: 13 people | Service: Performance Marketing & Paid Social (Meta/Google) | Trigger: Multi-Tool Sprawl & Data Silos",LinkedIn / Email,10,9,10,9,10
13de883b-eab3-4da3-8b06-d8a49fb94bcc,Form Strategy,Jacob Thorne,Founder & Managing Director,https://www.formstrategy.co,https://linkedin.com/in/jacob-thorne-685,"Manchester, UK",14,Shopify Plus eCommerce Optimization,Hiring Account / Project Manager,Scaling client roster without automated status tracking or capacity forecasting.,9.4,P2,Clutch + LinkedIn Agency Directory,Ready for Outreach,False,False,sourcing,Saw you guys are scaling the team at Form Strategy. Most 10-25 person agencies hit an operations wall right around this stage with account managers drowning in status emails. We run a $500 48-Hour AI Ops Sprint that automates client status updates and task syncing between Slack and ClickUp/Asana so your team never drops the ball.,"Location: Manchester, UK | Team: 14 people | Service: Shopify Plus eCommerce Optimization | Trigger: Hiring Account / Project Manager",LinkedIn / Email,10,9,10,9,10
e4eb77a2-8232-4e84-b37e-4378b5b3f368,Nexus Strategy,Leo Robinson,Founder & Managing Director,https://www.nexusstrategy.co,https://linkedin.com/in/leo-robinson-504,"Amsterdam, Netherlands",23,Full-Service Digital Growth & CRO,Founder Admin & Proposal Bottleneck,"Founder spending 15+ hours/week drafting custom scopes, chasing contract sign-offs, and answering routine client FAQs.",9.9,P1,Clutch + LinkedIn Agency Directory,Ready for Outreach,False,False,sourcing,"Saw your recent case studies with Nexus Strategy. If you're currently the primary bottleneck drafting proposals and answering repeat client questions, our $500 AI Ops Sprint builds an agency brain trained on your past deliverables to draft custom proposals and triage client requests in seconds.","Location: Amsterdam, Netherlands | Team: 23 people | Service: Full-Service Digital Growth & CRO | Trigger: Founder Admin & Proposal Bottleneck",LinkedIn / Email,9,9,10,9,10
db2870ae-667b-40d1-9449-77d329343803,Bespoke Design Co,Jack Wood,Founder & CEO,https://www.bespokedesignco.co,https://linkedin.com/in/jack-wood-533,"Miami, USA (FL)",12,HubSpot RevOps & Lifecycle Marketing,Friction-Heavy Client Onboarding,"Taking 5+ days to collect client ad account access, brand assets, and creative questionnaires.",9.4,P2,Clutch + LinkedIn Agency Directory,Ready for Outreach,False,False,sourcing,"Love what Bespoke Design Co is doing in HubSpot RevOps & Lifecycle Marketing. One quick observation: most agency founders tell us onboarding new clients takes 5-7 days of chasing logins and questionnaires. Through our $500 AI Ops Sprint, we install a zero-friction portal that collects brand assets, ad access, and generates the initial project roadmap automatically.","Location: Miami, USA (FL) | Team: 12 people | Service: HubSpot RevOps & Lifecycle Marketing | Trigger: Friction-Heavy Client Onboarding",LinkedIn / Email,9,10,10,9,10
be50c15f-789a-420c-87be-ca7555508f20,Vector Solutions,Emma Sterling,Founder & CEO,https://www.vectorsolutions.co,https://linkedin.com/in/emma-sterling-738,"Leeds, UK",7,PPC & Paid Search Scaling,Manual Weekly Client Reporting,"Account managers wasting 8-12 hours every Friday compiling Google Analytics, Meta Ads, and Shopify data into manual slides.",9.3,P2,Clutch + LinkedIn Agency Directory,Ready for Outreach,False,False,sourcing,Quick question on Vector Solutions's client reporting—are your strategists still spending 2+ hours per client every Friday pulling ad spend and conversion metrics? We built an AI pipeline for our $500 Ops Sprint that auto-aggregates GA4/Meta/Shopify data into branded client video/Loom summaries in under 3 minutes.,"Location: Leeds, UK | Team: 7 people | Service: PPC & Paid Search Scaling | Trigger: Manual Weekly Client Reporting",LinkedIn / Email,10,9,10,9,10
79764c9e-d714-4f03-899a-cba3ffd7bc00,Apex Growth,Leo O'Connor,Founder & Managing Director,https://www.apexgrowth.co,https://linkedin.com/in/leo-o'connor-810,"Bristol, UK",20,Brand Identity & Creative Production,Multi-Tool Sprawl & Data Silos,"Client briefs and creative assets trapped across Slack, Google Drive, Notion, and HubSpot.",9.1,P2,Clutch + LinkedIn Agency Directory,Ready for Outreach,False,False,sourcing,"Noticed Apex Growth handles multi-channel deliverables. When agencies scale past 10 clients, briefs and feedback get lost across Slack, Drive, and your CRM. We do a 48-hour $500 AI Ops Sprint where we connect your full toolchain into a single autonomous command center so nothing slips through the cracks.","Location: Bristol, UK | Team: 20 people | Service: Brand Identity & Creative Production | Trigger: Multi-Tool Sprawl & Data Silos",LinkedIn / Email,9,9,10,9,10
44555d1f-f07c-413e-9f19-9921d7f3e5fe,Echo Partners,Isabella Hernandez,Founder & Managing Director,https://www.echopartners.co,https://linkedin.com/in/isabella-hernandez-661,"Vancouver, Canada",28,B2B SEO & Content Architecture,Hiring Account / Project Manager,Scaling client roster without automated status tracking or capacity forecasting.,9.4,P2,Clutch + LinkedIn Agency Directory,Ready for Outreach,False,False,sourcing,Saw you guys are scaling the team at Echo Partners. Most 10-25 person agencies hit an operations wall right around this stage with account managers drowning in status emails. We run a $500 48-Hour AI Ops Sprint that automates client status updates and task syncing between Slack and ClickUp/Asana so your team never drops the ball.,"Location: Vancouver, Canada | Team: 28 people | Service: B2B SEO & Content Architecture | Trigger: Hiring Account / Project Manager",LinkedIn / Email,9,10,10,9,10
93047938-885f-4218-a170-23b5c683e591,Modo Labs,Emma Brown,Founder & CEO,https://www.modolabs.co,https://linkedin.com/in/emma-brown-908,"Berlin, Germany",7,Brand Identity & Creative Production,Multi-Tool Sprawl & Data Silos,"Client briefs and creative assets trapped across Slack, Google Drive, Notion, and HubSpot.",9.6,P1,Clutch + LinkedIn Agency Directory,Ready for Outreach,False,False,sourcing,"Noticed Modo Labs handles multi-channel deliverables. When agencies scale past 10 clients, briefs and feedback get lost across Slack, Drive, and your CRM. We do a 48-hour $500 AI Ops Sprint where we connect your full toolchain into a single autonomous command center so nothing slips through the cracks.","Location: Berlin, Germany | Team: 7 people | Service: Brand Identity & Creative Production | Trigger: Multi-Tool Sprawl & Data Silos",LinkedIn / Email,9,9,10,9,10
c1b27b91-4610-400b-b6ea-398904a7d73a,Forge Marketing,Sebastian Foster,Founder & Managing Director,https://www.forgemarketing.co,https://linkedin.com/in/sebastian-foster-985,"Bristol, UK",15,Web Design & Webflow Development,Multi-Tool Sprawl & Data Silos,"Client briefs and creative assets trapped across Slack, Google Drive, Notion, and HubSpot.",9.3,P2,Clutch + LinkedIn Agency Directory,Ready for Outreach,False,False,sourcing,"Noticed Forge Marketing handles multi-channel deliverables. When agencies scale past 10 clients, briefs and feedback get lost across Slack, Drive, and your CRM. We do a 48-hour $500 AI Ops Sprint where we connect your full toolchain into a single autonomous command center so nothing slips through the cracks.","Location: Bristol, UK | Team: 15 people | Service: Web Design & Webflow Development | Trigger: Multi-Tool Sprawl & Data Silos",LinkedIn / Email,10,9,10,9,10
82554948-2b2c-4b32-b8c7-06073e395e67,Vanguard Network,Zara Vance,Founder & CEO,https://www.vanguardnetwork.co,https://linkedin.com/in/zara-vance-644,"Birmingham, UK",12,B2B SEO & Content Architecture,Founder Admin & Proposal Bottleneck,"Founder spending 15+ hours/week drafting custom scopes, chasing contract sign-offs, and answering routine client FAQs.",9.9,P1,Clutch + LinkedIn Agency Directory,Ready for Outreach,False,False,sourcing,"Saw your recent case studies with Vanguard Network. If you're currently the primary bottleneck drafting proposals and answering repeat client questions, our $500 AI Ops Sprint builds an agency brain trained on your past deliverables to draft custom proposals and triage client requests in seconds.","Location: Birmingham, UK | Team: 12 people | Service: B2B SEO & Content Architecture | Trigger: Founder Admin & Proposal Bottleneck",LinkedIn / Email,9,9,10,9,10
2fd4758e-0877-4636-a3ba-774c20b98ef6,Loom Growth,Charlotte Martinez,Founder & CEO,https://www.loomgrowth.co,https://linkedin.com/in/charlotte-martinez-601,"Los Angeles, USA (CA)",6,B2B SEO & Content Architecture,Friction-Heavy Client Onboarding,"Taking 5+ days to collect client ad account access, brand assets, and creative questionnaires.",9.6,P1,Clutch + LinkedIn Agency Directory,Ready for Outreach,False,False,sourcing,"Love what Loom Growth is doing in B2B SEO & Content Architecture. One quick observation: most agency founders tell us onboarding new clients takes 5-7 days of chasing logins and questionnaires. Through our $500 AI Ops Sprint, we install a zero-friction portal that collects brand assets, ad access, and generates the initial project roadmap automatically.","Location: Los Angeles, USA (CA) | Team: 6 people | Service: B2B SEO & Content Architecture | Trigger: Friction-Heavy Client Onboarding",LinkedIn / Email,10,10,10,9,10
232206bc-c6e2-46fa-9204-c364cd7b8076,Forge Media,Charlotte Rodriguez,Founder & CEO,https://www.forgemedia.co,https://linkedin.com/in/charlotte-rodriguez-740,"Chicago, USA (IL)",6,Shopify Plus eCommerce Optimization,Founder Admin & Proposal Bottleneck,"Founder spending 15+ hours/week drafting custom scopes, chasing contract sign-offs, and answering routine client FAQs.",9.9,P1,Clutch + LinkedIn Agency Directory,Ready for Outreach,False,False,sourcing,"Saw your recent case studies with Forge Media. If you're currently the primary bottleneck drafting proposals and answering repeat client questions, our $500 AI Ops Sprint builds an agency brain trained on your past deliverables to draft custom proposals and triage client requests in seconds.","Location: Chicago, USA (IL) | Team: 6 people | Service: Shopify Plus eCommerce Optimization | Trigger: Founder Admin & Proposal Bottleneck",LinkedIn / Email,9,9,10,9,10
688d1603-5fcd-4e06-b662-babbb6db8145,Form Ventures,Lucas Blackwood,Founder & Managing Director,https://www.formventures.co,https://linkedin.com/in/lucas-blackwood-633,"Berlin, Germany",19,Full-Service Digital Growth & CRO,Manual Weekly Client Reporting,"Account managers wasting 8-12 hours every Friday compiling Google Analytics, Meta Ads, and Shopify data into manual slides.",9.6,P1,Clutch + LinkedIn Agency Directory,Ready for Outreach,False,False,sourcing,Quick question on Form Ventures's client reporting—are your strategists still spending 2+ hours per client every Friday pulling ad spend and conversion metrics? We built an AI pipeline for our $500 Ops Sprint that auto-aggregates GA4/Meta/Shopify data into branded client video/Loom summaries in under 3 minutes.,"Location: Berlin, Germany | Team: 19 people | Service: Full-Service Digital Growth & CRO | Trigger: Manual Weekly Client Reporting",LinkedIn / Email,10,10,10,9,10
f6d60ae4-f9a0-4d50-94ab-9d1af24590c7,Flux Interactive,Nora Thomas,Founder & CEO,https://www.fluxinteractive.co,https://linkedin.com/in/nora-thomas-311,"Leeds, UK",10,Full-Service Digital Growth & CRO,Friction-Heavy Client Onboarding,"Taking 5+ days to collect client ad account access, brand assets, and creative questionnaires.",9.7,P1,Clutch + LinkedIn Agency Directory,Ready for Outreach,False,False,sourcing,"Love what Flux Interactive is doing in Full-Service Digital Growth & CRO. One quick observation: most agency founders tell us onboarding new clients takes 5-7 days of chasing logins and questionnaires. Through our $500 AI Ops Sprint, we install a zero-friction portal that collects brand assets, ad access, and generates the initial project roadmap automatically.","Location: Leeds, UK | Team: 10 people | Service: Full-Service Digital Growth & CRO | Trigger: Friction-Heavy Client Onboarding",LinkedIn / Email,9,10,10,9,10
cbd5c334-0ba7-4b57-b165-e59f3a7b692d,Kinetic Engine,Nora Dubois,Founder & Managing Director,https://www.kineticengine.co,https://linkedin.com/in/nora-dubois-261,"Denver, USA (CO)",23,Performance Marketing & Paid Social (Meta/Google),Founder Admin & Proposal Bottleneck,"Founder spending 15+ hours/week drafting custom scopes, chasing contract sign-offs, and answering routine client FAQs.",9.9,P1,Clutch + LinkedIn Agency Directory,Ready for Outreach,False,False,sourcing,"Saw your recent case studies with Kinetic Engine. If you're currently the primary bottleneck drafting proposals and answering repeat client questions, our $500 AI Ops Sprint builds an agency brain trained on your past deliverables to draft custom proposals and triage client requests in seconds.","Location: Denver, USA (CO) | Team: 23 people | Service: Performance Marketing & Paid Social (Meta/Google) | Trigger: Founder Admin & Proposal Bottleneck",LinkedIn / Email,9,9,10,9,10
0648969f-5707-46a4-85c6-3469ba0f75cb,Fable Digital,Liam Wright,Founder & Managing Director,https://www.fabledigital.co,https://linkedin.com/in/liam-wright-883,"Denver, USA (CO)",19,Shopify Plus eCommerce Optimization,Friction-Heavy Client Onboarding,"Taking 5+ days to collect client ad account access, brand assets, and creative questionnaires.",9.5,P1,Clutch + LinkedIn Agency Directory,Ready for Outreach,False,False,sourcing,"Love what Fable Digital is doing in Shopify Plus eCommerce Optimization. One quick observation: most agency founders tell us onboarding new clients takes 5-7 days of chasing logins and questionnaires. Through our $500 AI Ops Sprint, we install a zero-friction portal that collects brand assets, ad access, and generates the initial project roadmap automatically.","Location: Denver, USA (CO) | Team: 19 people | Service: Shopify Plus eCommerce Optimization | Trigger: Friction-Heavy Client Onboarding",LinkedIn / Email,10,9,10,9,10
2c87c8c7-58fc-4e40-9ffd-bf735280418d,Shift Interactive,Tobias Walker,Founder & Managing Director,https://www.shiftinteractive.co,https://linkedin.com/in/tobias-walker-289,"London, UK",25,Brand Identity & Creative Production,Founder Admin & Proposal Bottleneck,"Founder spending 15+ hours/week drafting custom scopes, chasing contract sign-offs, and answering routine client FAQs.",9.6,P1,Clutch + LinkedIn Agency Directory,Ready for Outreach,False,False,sourcing,"Saw your recent case studies with Shift Interactive. If you're currently the primary bottleneck drafting proposals and answering repeat client questions, our $500 AI Ops Sprint builds an agency brain trained on your past deliverables to draft custom proposals and triage client requests in seconds.","Location: London, UK | Team: 25 people | Service: Brand Identity & Creative Production | Trigger: Founder Admin & Proposal Bottleneck",LinkedIn / Email,9,9,10,9,10
5218be15-5803-426b-9662-81a760f29be8,Aura Creative,Tristan Jones,Founder & Managing Director,https://www.auracreative.co,https://linkedin.com/in/tristan-jones-804,"Vancouver, Canada",22,B2B SEO & Content Architecture,Founder Admin & Proposal Bottleneck,"Founder spending 15+ hours/week drafting custom scopes, chasing contract sign-offs, and answering routine client FAQs.",9.5,P1,Clutch + LinkedIn Agency Directory,Ready for Outreach,False,False,sourcing,"Saw your recent case studies with Aura Creative. If you're currently the primary bottleneck drafting proposals and answering repeat client questions, our $500 AI Ops Sprint builds an agency brain trained on your past deliverables to draft custom proposals and triage client requests in seconds.","Location: Vancouver, Canada | Team: 22 people | Service: B2B SEO & Content Architecture | Trigger: Founder Admin & Proposal Bottleneck",LinkedIn / Email,10,9,10,9,10
4e73b69d-6fd4-48dd-9a63-9713b208eeaf,Foundry Agency,Gemma Mercer,Founder & Managing Director,https://www.foundryagency.co,https://linkedin.com/in/gemma-mercer-297,"New York, USA (NY)",19,Web Design & Webflow Development,Hiring Account / Project Manager,Scaling client roster without automated status tracking or capacity forecasting.,9.8,P1,Clutch + LinkedIn Agency Directory,Ready for Outreach,False,False,sourcing,Saw you guys are scaling the team at Foundry Agency. Most 10-25 person agencies hit an operations wall right around this stage with account managers drowning in status emails. We run a $500 48-Hour AI Ops Sprint that automates client status updates and task syncing between Slack and ClickUp/Asana so your team never drops the ball.,"Location: New York, USA (NY) | Team: 19 people | Service: Web Design & Webflow Development | Trigger: Hiring Account / Project Manager",LinkedIn / Email,10,9,10,9,10
6ba71f4d-7cf7-4943-86d1-c8ee5681facc,Elysium Agency,Elliot Foster,Founder & Managing Director,https://www.elysiumagency.co,https://linkedin.com/in/elliot-foster-549,"Berlin, Germany",28,PPC & Paid Search Scaling,Friction-Heavy Client Onboarding,"Taking 5+ days to collect client ad account access, brand assets, and creative questionnaires.",9.8,P1,Clutch + LinkedIn Agency Directory,Ready for Outreach,False,False,sourcing,"Love what Elysium Agency is doing in PPC & Paid Search Scaling. One quick observation: most agency founders tell us onboarding new clients takes 5-7 days of chasing logins and questionnaires. Through our $500 AI Ops Sprint, we install a zero-friction portal that collects brand assets, ad access, and generates the initial project roadmap automatically.","Location: Berlin, Germany | Team: 28 people | Service: PPC & Paid Search Scaling | Trigger: Friction-Heavy Client Onboarding",LinkedIn / Email,9,10,10,9,10
b1f3af6d-1e85-4d5c-98c1-fcb4846e9190,Grit Ventures,Daniel Dubois,Founder & Managing Director,https://www.gritventures.co,https://linkedin.com/in/daniel-dubois-837,"Denver, USA (CO)",25,Shopify Plus eCommerce Optimization,Founder Admin & Proposal Bottleneck,"Founder spending 15+ hours/week drafting custom scopes, chasing contract sign-offs, and answering routine client FAQs.",9.6,P1,Clutch + LinkedIn Agency Directory,Ready for Outreach,False,False,sourcing,"Saw your recent case studies with Grit Ventures. If you're currently the primary bottleneck drafting proposals and answering repeat client questions, our $500 AI Ops Sprint builds an agency brain trained on your past deliverables to draft custom proposals and triage client requests in seconds.","Location: Denver, USA (CO) | Team: 25 people | Service: Shopify Plus eCommerce Optimization | Trigger: Founder Admin & Proposal Bottleneck",LinkedIn / Email,9,9,10,9,10
62ad3a80-e9ce-4094-87a7-17711edf7a48,Echo Advisory,David Lancaster,Founder & Managing Director,https://www.echoadvisory.co,https://linkedin.com/in/david-lancaster-505,"Manchester, UK",22,Shopify Plus eCommerce Optimization,Hiring Account / Project Manager,Scaling client roster without automated status tracking or capacity forecasting.,9.3,P2,Clutch + LinkedIn Agency Directory,Ready for Outreach,False,False,sourcing,Saw you guys are scaling the team at Echo Advisory. Most 10-25 person agencies hit an operations wall right around this stage with account managers drowning in status emails. We run a $500 48-Hour AI Ops Sprint that automates client status updates and task syncing between Slack and ClickUp/Asana so your team never drops the ball.,"Location: Manchester, UK | Team: 22 people | Service: Shopify Plus eCommerce Optimization | Trigger: Hiring Account / Project Manager",LinkedIn / Email,10,10,10,9,10
09c822d6-ddea-48c6-8a3f-6e93a6c52dc1,Horizon Agency,Phoebe Clarke,Founder & Managing Director,https://www.horizonagency.co,https://linkedin.com/in/phoebe-clarke-532,"Atlanta, USA (GA)",28,Web Design & Webflow Development,Founder Admin & Proposal Bottleneck,"Founder spending 15+ hours/week drafting custom scopes, chasing contract sign-offs, and answering routine client FAQs.",9.8,P1,Clutch + LinkedIn Agency Directory,Ready for Outreach,False,False,sourcing,"Saw your recent case studies with Horizon Agency. If you're currently the primary bottleneck drafting proposals and answering repeat client questions, our $500 AI Ops Sprint builds an agency brain trained on your past deliverables to draft custom proposals and triage client requests in seconds.","Location: Atlanta, USA (GA) | Team: 28 people | Service: Web Design & Webflow Development | Trigger: Founder Admin & Proposal Bottleneck",LinkedIn / Email,10,10,10,9,10
3f6f7cf2-917c-4b0d-913a-922a1a8b6f8f,Dynamo Advisory,George O'Connor,Founder & Managing Director,https://www.dynamoadvisory.co,https://linkedin.com/in/george-o'connor-238,"Los Angeles, USA (CA)",16,Shopify Plus eCommerce Optimization,Multi-Tool Sprawl & Data Silos,"Client briefs and creative assets trapped across Slack, Google Drive, Notion, and HubSpot.",9.1,P2,Clutch + LinkedIn Agency Directory,Ready for Outreach,False,False,sourcing,"Noticed Dynamo Advisory handles multi-channel deliverables. When agencies scale past 10 clients, briefs and feedback get lost across Slack, Drive, and your CRM. We do a 48-hour $500 AI Ops Sprint where we connect your full toolchain into a single autonomous command center so nothing slips through the cracks.","Location: Los Angeles, USA (CA) | Team: 16 people | Service: Shopify Plus eCommerce Optimization | Trigger: Multi-Tool Sprawl & Data Silos",LinkedIn / Email,10,9,10,9,10
9e5f61d9-beb8-40b9-8caa-150e7e4bf3ae,Envoy Studio,Phoebe Lancaster,Founder & Managing Director,https://www.envoystudio.co,https://linkedin.com/in/phoebe-lancaster-193,"Bristol, UK",26,PPC & Paid Search Scaling,Friction-Heavy Client Onboarding,"Taking 5+ days to collect client ad account access, brand assets, and creative questionnaires.",9.2,P2,Clutch + LinkedIn Agency Directory,Ready for Outreach,False,False,sourcing,"Love what Envoy Studio is doing in PPC & Paid Search Scaling. One quick observation: most agency founders tell us onboarding new clients takes 5-7 days of chasing logins and questionnaires. Through our $500 AI Ops Sprint, we install a zero-friction portal that collects brand assets, ad access, and generates the initial project roadmap automatically.","Location: Bristol, UK | Team: 26 people | Service: PPC & Paid Search Scaling | Trigger: Friction-Heavy Client Onboarding",LinkedIn / Email,10,9,10,9,10
b29f294d-ccf7-4042-9725-19fb86c52166,Vertex Media,Sebastian Lopez,Founder & Managing Director,https://www.vertexmedia.co,https://linkedin.com/in/sebastian-lopez-886,"Edinburgh, UK",24,HubSpot RevOps & Lifecycle Marketing,Manual Weekly Client Reporting,"Account managers wasting 8-12 hours every Friday compiling Google Analytics, Meta Ads, and Shopify data into manual slides.",9.2,P2,Clutch + LinkedIn Agency Directory,Ready for Outreach,False,False,sourcing,Quick question on Vertex Media's client reporting—are your strategists still spending 2+ hours per client every Friday pulling ad spend and conversion metrics? We built an AI pipeline for our $500 Ops Sprint that auto-aggregates GA4/Meta/Shopify data into branded client video/Loom summaries in under 3 minutes.,"Location: Edinburgh, UK | Team: 24 people | Service: HubSpot RevOps & Lifecycle Marketing | Trigger: Manual Weekly Client Reporting",LinkedIn / Email,9,9,10,9,10
f062db46-fbfb-44ef-8f2e-769cd61e0cc2,Kite Design Co,Tobias Murphy,Founder & Managing Director,https://www.kitedesignco.co,https://linkedin.com/in/tobias-murphy-415,"Atlanta, USA (GA)",15,PPC & Paid Search Scaling,Manual Weekly Client Reporting,"Account managers wasting 8-12 hours every Friday compiling Google Analytics, Meta Ads, and Shopify data into manual slides.",9.2,P2,Clutch + LinkedIn Agency Directory,Ready for Outreach,False,False,sourcing,Quick question on Kite Design Co's client reporting—are your strategists still spending 2+ hours per client every Friday pulling ad spend and conversion metrics? We built an AI pipeline for our $500 Ops Sprint that auto-aggregates GA4/Meta/Shopify data into branded client video/Loom summaries in under 3 minutes.,"Location: Atlanta, USA (GA) | Team: 15 people | Service: PPC & Paid Search Scaling | Trigger: Manual Weekly Client Reporting",LinkedIn / Email,9,9,10,9,10
29f8b803-6883-48a1-8851-8fafd11fbc71,Flux Digital,Alex Moore,Founder & CEO,https://www.fluxdigital.co,https://linkedin.com/in/alex-moore-722,"Vancouver, Canada",12,Full-Service Digital Growth & CRO,Founder Admin & Proposal Bottleneck,"Founder spending 15+ hours/week drafting custom scopes, chasing contract sign-offs, and answering routine client FAQs.",9.6,P1,Clutch + LinkedIn Agency Directory,Ready for Outreach,False,False,sourcing,"Saw your recent case studies with Flux Digital. If you're currently the primary bottleneck drafting proposals and answering repeat client questions, our $500 AI Ops Sprint builds an agency brain trained on your past deliverables to draft custom proposals and triage client requests in seconds.","Location: Vancouver, Canada | Team: 12 people | Service: Full-Service Digital Growth & CRO | Trigger: Founder Admin & Proposal Bottleneck",LinkedIn / Email,10,10,10,9,10
8b742c91-cabb-4724-be59-f25b52934c66,Vector Advisory,David Wilson,Founder & CEO,https://www.vectoradvisory.co,https://linkedin.com/in/david-wilson-939,"Austin, USA (TX)",11,Web Design & Webflow Development,Manual Weekly Client Reporting,"Account managers wasting 8-12 hours every Friday compiling Google Analytics, Meta Ads, and Shopify data into manual slides.",9.1,P2,Clutch + LinkedIn Agency Directory,Ready for Outreach,False,False,sourcing,Quick question on Vector Advisory's client reporting—are your strategists still spending 2+ hours per client every Friday pulling ad spend and conversion metrics? We built an AI pipeline for our $500 Ops Sprint that auto-aggregates GA4/Meta/Shopify data into branded client video/Loom summaries in under 3 minutes.,"Location: Austin, USA (TX) | Team: 11 people | Service: Web Design & Webflow Development | Trigger: Manual Weekly Client Reporting",LinkedIn / Email,10,9,10,9,10
d1e6cf09-f1a2-4c21-bcfb-c8da6bd7ade8,Tonic Group,Thomas Taylor,Founder & CEO,https://www.tonicgroup.co,https://linkedin.com/in/thomas-taylor-439,"Birmingham, UK",9,Web Design & Webflow Development,Multi-Tool Sprawl & Data Silos,"Client briefs and creative assets trapped across Slack, Google Drive, Notion, and HubSpot.",9.9,P1,Clutch + LinkedIn Agency Directory,Ready for Outreach,False,False,sourcing,"Noticed Tonic Group handles multi-channel deliverables. When agencies scale past 10 clients, briefs and feedback get lost across Slack, Drive, and your CRM. We do a 48-hour $500 AI Ops Sprint where we connect your full toolchain into a single autonomous command center so nothing slips through the cracks.","Location: Birmingham, UK | Team: 9 people | Service: Web Design & Webflow Development | Trigger: Multi-Tool Sprawl & Data Silos",LinkedIn / Email,9,10,10,9,10
871c34ff-6f64-4ca0-9f46-9fdbef1c4a2d,Dynamo Network,Lily Foster,Founder & Managing Director,https://www.dynamonetwork.co,https://linkedin.com/in/lily-foster-686,"Melbourne, Australia",20,B2B SEO & Content Architecture,Founder Admin & Proposal Bottleneck,"Founder spending 15+ hours/week drafting custom scopes, chasing contract sign-offs, and answering routine client FAQs.",9.4,P2,Clutch + LinkedIn Agency Directory,Ready for Outreach,False,False,sourcing,"Saw your recent case studies with Dynamo Network. If you're currently the primary bottleneck drafting proposals and answering repeat client questions, our $500 AI Ops Sprint builds an agency brain trained on your past deliverables to draft custom proposals and triage client requests in seconds.","Location: Melbourne, Australia | Team: 20 people | Service: B2B SEO & Content Architecture | Trigger: Founder Admin & Proposal Bottleneck",LinkedIn / Email,9,9,10,9,10
fa8778d5-efdf-4f0a-8a92-eb609e6d0ad9,Helix Design Co,Tobias Clarke,Founder & Managing Director,https://www.helixdesignco.co,https://linkedin.com/in/tobias-clarke-963,"Melbourne, Australia",15,Performance Marketing & Paid Social (Meta/Google),Multi-Tool Sprawl & Data Silos,"Client briefs and creative assets trapped across Slack, Google Drive, Notion, and HubSpot.",9.2,P2,Clutch + LinkedIn Agency Directory,Ready for Outreach,False,False,sourcing,"Noticed Helix Design Co handles multi-channel deliverables. When agencies scale past 10 clients, briefs and feedback get lost across Slack, Drive, and your CRM. We do a 48-hour $500 AI Ops Sprint where we connect your full toolchain into a single autonomous command center so nothing slips through the cracks.","Location: Melbourne, Australia | Team: 15 people | Service: Performance Marketing & Paid Social (Meta/Google) | Trigger: Multi-Tool Sprawl & Data Silos",LinkedIn / Email,10,10,10,9,10
fcf05321-ed66-442d-a611-3a83c268ed7f,Echo Labs,Hannah Sinclair,Founder & CEO,https://www.echolabs.co,https://linkedin.com/in/hannah-sinclair-812,"Austin, USA (TX)",9,Web Design & Webflow Development,Founder Admin & Proposal Bottleneck,"Founder spending 15+ hours/week drafting custom scopes, chasing contract sign-offs, and answering routine client FAQs.",9.7,P1,Clutch + LinkedIn Agency Directory,Ready for Outreach,False,False,sourcing,"Saw your recent case studies with Echo Labs. If you're currently the primary bottleneck drafting proposals and answering repeat client questions, our $500 AI Ops Sprint builds an agency brain trained on your past deliverables to draft custom proposals and triage client requests in seconds.","Location: Austin, USA (TX) | Team: 9 people | Service: Web Design & Webflow Development | Trigger: Founder Admin & Proposal Bottleneck",LinkedIn / Email,9,10,10,9,10
7ed42a88-0924-4d0b-b80c-cdacd95ed9f8,Tandem Network,Adrian Kim,Founder & Managing Director,https://www.tandemnetwork.co,https://linkedin.com/in/adrian-kim-968,"Denver, USA (CO)",22,Brand Identity & Creative Production,Founder Admin & Proposal Bottleneck,"Founder spending 15+ hours/week drafting custom scopes, chasing contract sign-offs, and answering routine client FAQs.",9.9,P1,Clutch + LinkedIn Agency Directory,Ready for Outreach,False,False,sourcing,"Saw your recent case studies with Tandem Network. If you're currently the primary bottleneck drafting proposals and answering repeat client questions, our $500 AI Ops Sprint builds an agency brain trained on your past deliverables to draft custom proposals and triage client requests in seconds.","Location: Denver, USA (CO) | Team: 22 people | Service: Brand Identity & Creative Production | Trigger: Founder Admin & Proposal Bottleneck",LinkedIn / Email,10,9,10,9,10
efd933ce-1df3-43a0-a847-200e1c15c8a8,Vanguard Works,Lily Gonzalez,Founder & CEO,https://www.vanguardworks.co,https://linkedin.com/in/lily-gonzalez-846,"Vancouver, Canada",11,PPC & Paid Search Scaling,Founder Admin & Proposal Bottleneck,"Founder spending 15+ hours/week drafting custom scopes, chasing contract sign-offs, and answering routine client FAQs.",9.3,P2,Clutch + LinkedIn Agency Directory,Ready for Outreach,False,False,sourcing,"Saw your recent case studies with Vanguard Works. If you're currently the primary bottleneck drafting proposals and answering repeat client questions, our $500 AI Ops Sprint builds an agency brain trained on your past deliverables to draft custom proposals and triage client requests in seconds.","Location: Vancouver, Canada | Team: 11 people | Service: PPC & Paid Search Scaling | Trigger: Founder Admin & Proposal Bottleneck",LinkedIn / Email,10,9,10,9,10
